2025-08-29 18:05:34,811 - INFO - Starting experiment: sketch_32x32_50classes
2025-08-29 18:05:34,811 - INFO - Config: {'description': '32x32 resolution, 50 classes, research-grade model', 'image_size': 32, 'model_channels': [64, 128, 256, 512], 'num_residual_layers': 4, 'learning_rate': 0.0001, 'guidance_scale': 1.5, 'eta': 0.1, 'weight_multiplier': 1.0, 'batch_size': 32, 'num_epochs': 10000, 'checkpoint_interval': 50, 'sample_interval': 10}
2025-08-29 18:05:34,811 - INFO - Using device: cuda:1
2025-08-29 18:05:35,013 - INFO - GPU Memory: 25.4GB
2025-08-29 18:05:35,014 - INFO - Free Memory: 0.0GB
2025-08-29 18:05:35,014 - INFO - Initializing probability path...
2025-08-29 18:05:36,685 - INFO - Probability path initialized successfully
2025-08-29 18:05:36,685 - INFO - Initializing SketchUNet model...
2025-08-29 18:05:37,002 - INFO - Model initialized successfully
2025-08-29 18:05:37,005 - INFO - Total parameters: 34,949,454
2025-08-29 18:05:37,005 - INFO - Trainable parameters: 34,949,454
2025-08-29 18:05:37,005 - INFO - Initializing CFG trainer...
2025-08-29 18:05:37,005 - INFO - Trainer initialized successfully
2025-08-29 18:05:37,005 - INFO - Starting training:
2025-08-29 18:05:37,005 - INFO -   - Total epochs: 10000
2025-08-29 18:05:37,005 - INFO -   - Learning rate: 0.0001
2025-08-29 18:05:37,005 - INFO -   - Batch size: 32
2025-08-29 18:05:37,005 - INFO -   - Image size: 32x32
2025-08-29 18:05:37,005 - INFO -   - Model channels: [64, 128, 256, 512]
2025-08-29 18:05:37,006 - INFO -   - Eta (null class probability): 0.1
2025-08-29 18:05:37,006 - INFO -   - Loss: Standard MSE (no weighting)
2025-08-29 18:05:37,006 - INFO -   - Checkpoint interval: 50
2025-08-29 18:05:37,006 - INFO -   - Sample interval: 10
2025-08-29 18:05:37,006 - INFO - Starting training...
2025-08-29 18:05:38,059 - INFO - Epoch    0, Loss: 2634.036133
2025-08-29 18:05:38,622 - INFO - New best model saved (loss: 2634.036133)
2025-08-29 18:05:42,938 - INFO - Samples generated: ./experiments/sketch_32x32_50classes_20250829_180534/samples/samples_epoch_0000_classes_0-15.png
2025-08-29 18:05:45,973 - INFO - New best model saved (loss: 2417.859619)
2025-08-29 18:05:49,462 - INFO - New best model saved (loss: 2102.743896)
2025-08-29 18:05:52,770 - INFO - New best model saved (loss: 1749.261597)
2025-08-29 18:05:56,364 - INFO - New best model saved (loss: 1542.130737)
2025-08-29 18:05:59,485 - INFO - New best model saved (loss: 1348.624023)
2025-08-29 18:06:02,634 - INFO - New best model saved (loss: 1247.624756)
2025-08-29 18:06:06,535 - INFO - New best model saved (loss: 1227.212036)
2025-08-29 18:06:06,759 - INFO - Epoch   10, Loss: 1250.107666
2025-08-29 18:06:11,027 - INFO - Samples generated: ./experiments/sketch_32x32_50classes_20250829_180534/samples/samples_epoch_0010_classes_0-15.png
2025-08-29 18:06:13,762 - INFO - New best model saved (loss: 1194.129883)
2025-08-29 18:06:17,622 - INFO - New best model saved (loss: 1126.106934)
2025-08-29 18:06:21,137 - INFO - New best model saved (loss: 1092.453613)
2025-08-29 18:06:24,811 - INFO - New best model saved (loss: 1091.526367)
2025-08-29 18:06:28,132 - INFO - New best model saved (loss: 1072.755371)
2025-08-29 18:06:31,323 - INFO - New best model saved (loss: 1063.143799)
2025-08-29 18:06:35,216 - INFO - New best model saved (loss: 1043.555542)
2025-08-29 18:06:38,051 - INFO - New best model saved (loss: 982.361084)
2025-08-29 18:06:38,489 - INFO - Epoch   20, Loss: 1087.593506
2025-08-29 18:06:42,886 - INFO - Samples generated: ./experiments/sketch_32x32_50classes_20250829_180534/samples/samples_epoch_0020_classes_0-15.png
2025-08-29 18:06:46,162 - INFO - New best model saved (loss: 951.657898)
2025-08-29 18:06:50,742 - INFO - New best model saved (loss: 927.599060)
2025-08-29 18:06:51,138 - INFO - Epoch   30, Loss: 910.525146
2025-08-29 18:06:54,502 - INFO - New best model saved (loss: 910.525146)
2025-08-29 18:06:58,835 - INFO - Samples generated: ./experiments/sketch_32x32_50classes_20250829_180534/samples/samples_epoch_0030_classes_0-15.png
2025-08-29 18:07:02,678 - INFO - New best model saved (loss: 901.605957)
2025-08-29 18:07:06,345 - INFO - New best model saved (loss: 876.994141)
2025-08-29 18:07:10,852 - INFO - New best model saved (loss: 864.765259)
2025-08-29 18:07:11,091 - INFO - Epoch   40, Loss: 887.833069
2025-08-29 18:07:15,521 - INFO - Samples generated: ./experiments/sketch_32x32_50classes_20250829_180534/samples/samples_epoch_0040_classes_0-15.png
2025-08-29 18:07:19,535 - INFO - New best model saved (loss: 840.570984)
2025-08-29 18:07:22,746 - INFO - New best model saved (loss: 826.217041)
2025-08-29 18:07:23,352 - INFO - Epoch   50, Loss: 831.967041
2025-08-29 18:07:23,943 - INFO - Checkpoint saved: ./experiments/sketch_32x32_50classes_20250829_180534/ckps/checkpoint_epoch_0050.pth
2025-08-29 18:07:28,356 - INFO - Samples generated: ./experiments/sketch_32x32_50classes_20250829_180534/samples/samples_epoch_0050_classes_0-15.png
2025-08-29 18:07:32,093 - INFO - New best model saved (loss: 819.772583)
2025-08-29 18:07:33,052 - INFO - Epoch   60, Loss: 859.336487
2025-08-29 18:07:37,331 - INFO - Samples generated: ./experiments/sketch_32x32_50classes_20250829_180534/samples/samples_epoch_0060_classes_0-15.png
2025-08-29 18:07:40,802 - INFO - New best model saved (loss: 812.560181)
2025-08-29 18:07:44,258 - INFO - New best model saved (loss: 767.875916)
2025-08-29 18:07:48,241 - INFO - New best model saved (loss: 767.527710)
2025-08-29 18:07:49,026 - INFO - Epoch   70, Loss: 835.899109
2025-08-29 18:07:53,469 - INFO - Samples generated: ./experiments/sketch_32x32_50classes_20250829_180534/samples/samples_epoch_0070_classes_0-15.png
2025-08-29 18:07:55,331 - INFO - Epoch   80, Loss: 757.700928
2025-08-29 18:07:59,744 - INFO - New best model saved (loss: 757.700928)
2025-08-29 18:08:04,011 - INFO - Samples generated: ./experiments/sketch_32x32_50classes_20250829_180534/samples/samples_epoch_0080_classes_0-15.png
2025-08-29 18:08:07,540 - INFO - New best model saved (loss: 752.555420)
2025-08-29 18:08:11,434 - INFO - New best model saved (loss: 741.400208)
2025-08-29 18:08:14,849 - INFO - New best model saved (loss: 698.996216)
2025-08-29 18:08:18,228 - INFO - New best model saved (loss: 694.468506)
2025-08-29 18:08:22,083 - INFO - New best model saved (loss: 688.088013)
2025-08-29 18:08:22,340 - INFO - Epoch   90, Loss: 798.449341
2025-08-29 18:08:26,628 - INFO - Samples generated: ./experiments/sketch_32x32_50classes_20250829_180534/samples/samples_epoch_0090_classes_0-15.png
2025-08-29 18:08:28,383 - INFO - Epoch  100, Loss: 721.608643
2025-08-29 18:08:28,974 - INFO - Checkpoint saved: ./experiments/sketch_32x32_50classes_20250829_180534/ckps/checkpoint_epoch_0100.pth
2025-08-29 18:08:33,379 - INFO - Samples generated: ./experiments/sketch_32x32_50classes_20250829_180534/samples/samples_epoch_0100_classes_0-15.png
2025-08-29 18:08:37,226 - INFO - New best model saved (loss: 637.357300)
2025-08-29 18:08:41,661 - INFO - New best model saved (loss: 614.987488)
2025-08-29 18:08:42,114 - INFO - Epoch  110, Loss: 692.721436
2025-08-29 18:08:46,393 - INFO - Samples generated: ./experiments/sketch_32x32_50classes_20250829_180534/samples/samples_epoch_0110_classes_0-15.png
2025-08-29 18:08:48,039 - INFO - Epoch  120, Loss: 661.660767
2025-08-29 18:08:52,486 - INFO - Samples generated: ./experiments/sketch_32x32_50classes_20250829_180534/samples/samples_epoch_0120_classes_0-15.png
2025-08-29 18:08:56,840 - INFO - New best model saved (loss: 596.183350)
2025-08-29 18:08:57,228 - INFO - Epoch  130, Loss: 637.168457
2025-08-29 18:09:01,530 - INFO - Samples generated: ./experiments/sketch_32x32_50classes_20250829_180534/samples/samples_epoch_0130_classes_0-15.png
2025-08-29 18:09:05,516 - INFO - New best model saved (loss: 552.794800)
2025-08-29 18:09:06,086 - INFO - Epoch  140, Loss: 623.289673
2025-08-29 18:09:10,513 - INFO - Samples generated: ./experiments/sketch_32x32_50classes_20250829_180534/samples/samples_epoch_0140_classes_0-15.png
2025-08-29 18:09:12,299 - INFO - Epoch  150, Loss: 593.943787
2025-08-29 18:09:12,875 - INFO - Checkpoint saved: ./experiments/sketch_32x32_50classes_20250829_180534/ckps/checkpoint_epoch_0150.pth
2025-08-29 18:09:17,168 - INFO - Samples generated: ./experiments/sketch_32x32_50classes_20250829_180534/samples/samples_epoch_0150_classes_0-15.png
2025-08-29 18:09:21,092 - INFO - New best model saved (loss: 546.660400)
2025-08-29 18:09:25,059 - INFO - New best model saved (loss: 534.589233)
2025-08-29 18:09:25,502 - INFO - Epoch  160, Loss: 541.748901
2025-08-29 18:09:29,993 - INFO - Samples generated: ./experiments/sketch_32x32_50classes_20250829_180534/samples/samples_epoch_0160_classes_0-15.png
2025-08-29 18:09:33,977 - INFO - New best model saved (loss: 524.092957)
2025-08-29 18:09:35,262 - INFO - Epoch  170, Loss: 566.067139
2025-08-29 18:09:39,551 - INFO - Samples generated: ./experiments/sketch_32x32_50classes_20250829_180534/samples/samples_epoch_0170_classes_0-15.png
2025-08-29 18:09:45,326 - INFO - New best model saved (loss: 509.568726)
2025-08-29 18:09:45,717 - INFO - Epoch  180, Loss: 551.659180
2025-08-29 18:09:50,125 - INFO - Samples generated: ./experiments/sketch_32x32_50classes_20250829_180534/samples/samples_epoch_0180_classes_0-15.png
2025-08-29 18:09:53,790 - INFO - New best model saved (loss: 495.346558)
2025-08-29 18:09:57,487 - INFO - New best model saved (loss: 488.608002)
2025-08-29 18:09:58,804 - INFO - Epoch  190, Loss: 523.670105
2025-08-29 18:10:03,192 - INFO - Samples generated: ./experiments/sketch_32x32_50classes_20250829_180534/samples/samples_epoch_0190_classes_0-15.png
2025-08-29 18:10:06,907 - INFO - New best model saved (loss: 484.855469)
2025-08-29 18:10:10,229 - INFO - New best model saved (loss: 469.342346)
2025-08-29 18:10:14,577 - INFO - New best model saved (loss: 462.624298)
2025-08-29 18:10:14,829 - INFO - Epoch  200, Loss: 518.641479
2025-08-29 18:10:15,392 - INFO - Checkpoint saved: ./experiments/sketch_32x32_50classes_20250829_180534/ckps/checkpoint_epoch_0200.pth
2025-08-29 18:10:19,706 - INFO - Samples generated: ./experiments/sketch_32x32_50classes_20250829_180534/samples/samples_epoch_0200_classes_0-15.png
2025-08-29 18:10:23,862 - INFO - New best model saved (loss: 449.434540)
2025-08-29 18:10:24,488 - INFO - Epoch  210, Loss: 532.691406
2025-08-29 18:10:28,757 - INFO - Samples generated: ./experiments/sketch_32x32_50classes_20250829_180534/samples/samples_epoch_0210_classes_0-15.png
2025-08-29 18:10:32,046 - INFO - New best model saved (loss: 441.012573)
2025-08-29 18:10:35,247 - INFO - New best model saved (loss: 428.389587)
2025-08-29 18:10:36,662 - INFO - Epoch  220, Loss: 441.610657
2025-08-29 18:10:40,969 - INFO - Samples generated: ./experiments/sketch_32x32_50classes_20250829_180534/samples/samples_epoch_0220_classes_0-15.png
2025-08-29 18:10:45,313 - INFO - New best model saved (loss: 422.665344)
2025-08-29 18:10:46,103 - INFO - Epoch  230, Loss: 500.212585
2025-08-29 18:10:50,546 - INFO - Samples generated: ./experiments/sketch_32x32_50classes_20250829_180534/samples/samples_epoch_0230_classes_0-15.png
2025-08-29 18:10:53,561 - INFO - New best model saved (loss: 410.305237)
2025-08-29 18:10:56,829 - INFO - New best model saved (loss: 387.746155)
2025-08-29 18:10:58,263 - INFO - Epoch  240, Loss: 395.191101
2025-08-29 18:11:02,577 - INFO - Samples generated: ./experiments/sketch_32x32_50classes_20250829_180534/samples/samples_epoch_0240_classes_0-15.png
2025-08-29 18:11:04,370 - INFO - Epoch  250, Loss: 411.243713
2025-08-29 18:11:04,949 - INFO - Checkpoint saved: ./experiments/sketch_32x32_50classes_20250829_180534/ckps/checkpoint_epoch_0250.pth
2025-08-29 18:11:09,381 - INFO - Samples generated: ./experiments/sketch_32x32_50classes_20250829_180534/samples/samples_epoch_0250_classes_0-15.png
2025-08-29 18:11:12,869 - INFO - New best model saved (loss: 375.755249)
2025-08-29 18:11:16,949 - INFO - New best model saved (loss: 356.960297)
2025-08-29 18:11:17,547 - INFO - Epoch  260, Loss: 380.630890
2025-08-29 18:11:21,980 - INFO - Samples generated: ./experiments/sketch_32x32_50classes_20250829_180534/samples/samples_epoch_0260_classes_0-15.png
2025-08-29 18:11:25,962 - INFO - New best model saved (loss: 349.505707)
2025-08-29 18:11:26,697 - INFO - Epoch  270, Loss: 406.322693
2025-08-29 18:11:30,969 - INFO - Samples generated: ./experiments/sketch_32x32_50classes_20250829_180534/samples/samples_epoch_0270_classes_0-15.png
2025-08-29 18:11:34,833 - INFO - New best model saved (loss: 337.487244)
2025-08-29 18:11:35,807 - INFO - Epoch  280, Loss: 401.094421
2025-08-29 18:11:40,244 - INFO - Samples generated: ./experiments/sketch_32x32_50classes_20250829_180534/samples/samples_epoch_0280_classes_0-15.png
2025-08-29 18:11:44,175 - INFO - New best model saved (loss: 319.829041)
2025-08-29 18:11:44,734 - INFO - Epoch  290, Loss: 373.801514
2025-08-29 18:11:49,019 - INFO - Samples generated: ./experiments/sketch_32x32_50classes_20250829_180534/samples/samples_epoch_0290_classes_0-15.png
2025-08-29 18:11:50,780 - INFO - Epoch  300, Loss: 408.155701
2025-08-29 18:11:51,347 - INFO - Checkpoint saved: ./experiments/sketch_32x32_50classes_20250829_180534/ckps/checkpoint_epoch_0300.pth
2025-08-29 18:11:55,781 - INFO - Samples generated: ./experiments/sketch_32x32_50classes_20250829_180534/samples/samples_epoch_0300_classes_0-15.png
2025-08-29 18:11:57,528 - INFO - Epoch  310, Loss: 399.057312
2025-08-29 18:12:01,853 - INFO - Samples generated: ./experiments/sketch_32x32_50classes_20250829_180534/samples/samples_epoch_0310_classes_0-15.png
2025-08-29 18:12:03,210 - INFO - Epoch  320, Loss: 343.728577
2025-08-29 18:12:07,524 - INFO - Samples generated: ./experiments/sketch_32x32_50classes_20250829_180534/samples/samples_epoch_0320_classes_0-15.png
2025-08-29 18:12:10,583 - INFO - New best model saved (loss: 309.111938)
2025-08-29 18:12:14,776 - INFO - New best model saved (loss: 298.430420)
2025-08-29 18:12:15,409 - INFO - Epoch  330, Loss: 333.248505
2025-08-29 18:12:19,664 - INFO - Samples generated: ./experiments/sketch_32x32_50classes_20250829_180534/samples/samples_epoch_0330_classes_0-15.png
2025-08-29 18:12:21,425 - INFO - Epoch  340, Loss: 317.134674
2025-08-29 18:12:25,866 - INFO - Samples generated: ./experiments/sketch_32x32_50classes_20250829_180534/samples/samples_epoch_0340_classes_0-15.png
2025-08-29 18:12:29,491 - INFO - New best model saved (loss: 289.640137)
2025-08-29 18:12:31,114 - INFO - Epoch  350, Loss: 353.528870
2025-08-29 18:12:31,712 - INFO - Checkpoint saved: ./experiments/sketch_32x32_50classes_20250829_180534/ckps/checkpoint_epoch_0350.pth
2025-08-29 18:12:35,970 - INFO - Samples generated: ./experiments/sketch_32x32_50classes_20250829_180534/samples/samples_epoch_0350_classes_0-15.png
2025-08-29 18:12:39,663 - INFO - New best model saved (loss: 282.079834)
2025-08-29 18:12:40,945 - INFO - Epoch  360, Loss: 336.002258
2025-08-29 18:12:45,402 - INFO - Samples generated: ./experiments/sketch_32x32_50classes_20250829_180534/samples/samples_epoch_0360_classes_0-15.png
2025-08-29 18:12:47,109 - INFO - Epoch  370, Loss: 348.027466
2025-08-29 18:12:51,377 - INFO - Samples generated: ./experiments/sketch_32x32_50classes_20250829_180534/samples/samples_epoch_0370_classes_0-15.png
2025-08-29 18:12:54,273 - INFO - New best model saved (loss: 281.548157)
2025-08-29 18:12:55,880 - INFO - Epoch  380, Loss: 310.938538
2025-08-29 18:13:00,148 - INFO - Samples generated: ./experiments/sketch_32x32_50classes_20250829_180534/samples/samples_epoch_0380_classes_0-15.png
2025-08-29 18:13:04,185 - INFO - New best model saved (loss: 271.219696)
2025-08-29 18:13:09,997 - INFO - New best model saved (loss: 267.991486)
2025-08-29 18:13:10,921 - INFO - Epoch  390, Loss: 288.282867
2025-08-29 18:13:15,319 - INFO - Samples generated: ./experiments/sketch_32x32_50classes_20250829_180534/samples/samples_epoch_0390_classes_0-15.png
2025-08-29 18:13:16,984 - INFO - Epoch  400, Loss: 271.660919
2025-08-29 18:13:17,575 - INFO - Checkpoint saved: ./experiments/sketch_32x32_50classes_20250829_180534/ckps/checkpoint_epoch_0400.pth
2025-08-29 18:13:22,005 - INFO - Samples generated: ./experiments/sketch_32x32_50classes_20250829_180534/samples/samples_epoch_0400_classes_0-15.png
2025-08-29 18:13:25,699 - INFO - New best model saved (loss: 248.775360)
2025-08-29 18:13:26,902 - INFO - Epoch  410, Loss: 281.134308
2025-08-29 18:13:31,256 - INFO - Samples generated: ./experiments/sketch_32x32_50classes_20250829_180534/samples/samples_epoch_0410_classes_0-15.png
2025-08-29 18:13:34,516 - INFO - New best model saved (loss: 233.559601)
2025-08-29 18:13:35,881 - INFO - Epoch  420, Loss: 260.919220
2025-08-29 18:13:40,334 - INFO - Samples generated: ./experiments/sketch_32x32_50classes_20250829_180534/samples/samples_epoch_0420_classes_0-15.png
2025-08-29 18:13:42,003 - INFO - Epoch  430, Loss: 269.765137
2025-08-29 18:13:46,304 - INFO - Samples generated: ./experiments/sketch_32x32_50classes_20250829_180534/samples/samples_epoch_0430_classes_0-15.png
2025-08-29 18:13:49,939 - INFO - New best model saved (loss: 232.526352)
2025-08-29 18:13:51,337 - INFO - Epoch  440, Loss: 235.408081
2025-08-29 18:13:55,777 - INFO - Samples generated: ./experiments/sketch_32x32_50classes_20250829_180534/samples/samples_epoch_0440_classes_0-15.png
2025-08-29 18:13:57,582 - INFO - Epoch  450, Loss: 306.849731
2025-08-29 18:13:58,148 - INFO - Checkpoint saved: ./experiments/sketch_32x32_50classes_20250829_180534/ckps/checkpoint_epoch_0450.pth
2025-08-29 18:14:02,392 - INFO - Samples generated: ./experiments/sketch_32x32_50classes_20250829_180534/samples/samples_epoch_0450_classes_0-15.png
2025-08-29 18:14:04,210 - INFO - Epoch  460, Loss: 283.729126
2025-08-29 18:14:08,584 - INFO - Samples generated: ./experiments/sketch_32x32_50classes_20250829_180534/samples/samples_epoch_0460_classes_0-15.png
2025-08-29 18:14:13,117 - INFO - New best model saved (loss: 219.534134)
2025-08-29 18:14:13,907 - INFO - Epoch  470, Loss: 258.341980
2025-08-29 18:14:18,340 - INFO - Samples generated: ./experiments/sketch_32x32_50classes_20250829_180534/samples/samples_epoch_0470_classes_0-15.png
2025-08-29 18:14:20,172 - INFO - Epoch  480, Loss: 243.496216
2025-08-29 18:14:24,441 - INFO - Samples generated: ./experiments/sketch_32x32_50classes_20250829_180534/samples/samples_epoch_0480_classes_0-15.png
2025-08-29 18:14:26,325 - INFO - Epoch  490, Loss: 211.282913
2025-08-29 18:14:30,789 - INFO - New best model saved (loss: 211.282913)
2025-08-29 18:14:35,259 - INFO - Samples generated: ./experiments/sketch_32x32_50classes_20250829_180534/samples/samples_epoch_0490_classes_0-15.png
2025-08-29 18:14:37,059 - INFO - Epoch  500, Loss: 236.122360
2025-08-29 18:14:37,706 - INFO - Checkpoint saved: ./experiments/sketch_32x32_50classes_20250829_180534/ckps/checkpoint_epoch_0500.pth
2025-08-29 18:14:41,956 - INFO - Samples generated: ./experiments/sketch_32x32_50classes_20250829_180534/samples/samples_epoch_0500_classes_0-15.png
2025-08-29 18:14:43,452 - INFO - Epoch  510, Loss: 259.613831
2025-08-29 18:14:47,871 - INFO - Samples generated: ./experiments/sketch_32x32_50classes_20250829_180534/samples/samples_epoch_0510_classes_0-15.png
2025-08-29 18:14:51,964 - INFO - New best model saved (loss: 208.977005)
2025-08-29 18:14:52,683 - INFO - Epoch  520, Loss: 224.767303
2025-08-29 18:14:56,953 - INFO - Samples generated: ./experiments/sketch_32x32_50classes_20250829_180534/samples/samples_epoch_0520_classes_0-15.png
2025-08-29 18:14:58,704 - INFO - Epoch  530, Loss: 236.235718
2025-08-29 18:15:03,103 - INFO - Samples generated: ./experiments/sketch_32x32_50classes_20250829_180534/samples/samples_epoch_0530_classes_0-15.png
2025-08-29 18:15:04,884 - INFO - Epoch  540, Loss: 260.641296
2025-08-29 18:15:09,172 - INFO - Samples generated: ./experiments/sketch_32x32_50classes_20250829_180534/samples/samples_epoch_0540_classes_0-15.png
2025-08-29 18:15:13,500 - INFO - New best model saved (loss: 206.775330)
2025-08-29 18:15:13,741 - INFO - Epoch  550, Loss: 199.401550
2025-08-29 18:15:14,302 - INFO - Checkpoint saved: ./experiments/sketch_32x32_50classes_20250829_180534/ckps/checkpoint_epoch_0550.pth
2025-08-29 18:15:17,380 - INFO - New best model saved (loss: 199.401550)
2025-08-29 18:15:21,870 - INFO - Samples generated: ./experiments/sketch_32x32_50classes_20250829_180534/samples/samples_epoch_0550_classes_0-15.png
2025-08-29 18:15:23,611 - INFO - Epoch  560, Loss: 277.515930
2025-08-29 18:15:28,092 - INFO - Samples generated: ./experiments/sketch_32x32_50classes_20250829_180534/samples/samples_epoch_0560_classes_0-15.png
2025-08-29 18:15:29,901 - INFO - Epoch  570, Loss: 207.744080
2025-08-29 18:15:34,170 - INFO - Samples generated: ./experiments/sketch_32x32_50classes_20250829_180534/samples/samples_epoch_0570_classes_0-15.png
2025-08-29 18:15:35,995 - INFO - Epoch  580, Loss: 216.872971
2025-08-29 18:15:40,336 - INFO - Samples generated: ./experiments/sketch_32x32_50classes_20250829_180534/samples/samples_epoch_0580_classes_0-15.png
2025-08-29 18:15:42,215 - INFO - Epoch  590, Loss: 204.814453
2025-08-29 18:15:46,675 - INFO - Samples generated: ./experiments/sketch_32x32_50classes_20250829_180534/samples/samples_epoch_0590_classes_0-15.png
2025-08-29 18:15:48,486 - INFO - Epoch  600, Loss: 232.094894
2025-08-29 18:15:49,056 - INFO - Checkpoint saved: ./experiments/sketch_32x32_50classes_20250829_180534/ckps/checkpoint_epoch_0600.pth
2025-08-29 18:15:53,360 - INFO - Samples generated: ./experiments/sketch_32x32_50classes_20250829_180534/samples/samples_epoch_0600_classes_0-15.png
2025-08-29 18:15:56,793 - INFO - New best model saved (loss: 196.894180)
2025-08-29 18:16:00,157 - INFO - New best model saved (loss: 178.763947)
2025-08-29 18:16:01,305 - INFO - Epoch  610, Loss: 193.598099
2025-08-29 18:16:05,572 - INFO - Samples generated: ./experiments/sketch_32x32_50classes_20250829_180534/samples/samples_epoch_0610_classes_0-15.png
2025-08-29 18:16:07,316 - INFO - Epoch  620, Loss: 290.449341
2025-08-29 18:16:11,577 - INFO - Samples generated: ./experiments/sketch_32x32_50classes_20250829_180534/samples/samples_epoch_0620_classes_0-15.png
2025-08-29 18:16:13,285 - INFO - Epoch  630, Loss: 219.879456
2025-08-29 18:16:17,695 - INFO - Samples generated: ./experiments/sketch_32x32_50classes_20250829_180534/samples/samples_epoch_0630_classes_0-15.png
2025-08-29 18:16:19,135 - INFO - Epoch  640, Loss: 205.766083
2025-08-29 18:16:23,458 - INFO - Samples generated: ./experiments/sketch_32x32_50classes_20250829_180534/samples/samples_epoch_0640_classes_0-15.png
2025-08-29 18:16:24,800 - INFO - Epoch  650, Loss: 208.458969
2025-08-29 18:16:25,408 - INFO - Checkpoint saved: ./experiments/sketch_32x32_50classes_20250829_180534/ckps/checkpoint_epoch_0650.pth
2025-08-29 18:16:29,800 - INFO - Samples generated: ./experiments/sketch_32x32_50classes_20250829_180534/samples/samples_epoch_0650_classes_0-15.png
2025-08-29 18:16:32,953 - INFO - New best model saved (loss: 174.687195)
2025-08-29 18:16:34,694 - INFO - Epoch  660, Loss: 179.830658
2025-08-29 18:16:38,955 - INFO - Samples generated: ./experiments/sketch_32x32_50classes_20250829_180534/samples/samples_epoch_0660_classes_0-15.png
2025-08-29 18:16:40,766 - INFO - Epoch  670, Loss: 200.422791
2025-08-29 18:16:45,183 - INFO - Samples generated: ./experiments/sketch_32x32_50classes_20250829_180534/samples/samples_epoch_0670_classes_0-15.png
2025-08-29 18:16:47,022 - INFO - Epoch  680, Loss: 194.890427
2025-08-29 18:16:51,308 - INFO - Samples generated: ./experiments/sketch_32x32_50classes_20250829_180534/samples/samples_epoch_0680_classes_0-15.png
2025-08-29 18:16:54,983 - INFO - New best model saved (loss: 170.509796)
2025-08-29 18:16:56,244 - INFO - Epoch  690, Loss: 231.145279
2025-08-29 18:17:00,642 - INFO - Samples generated: ./experiments/sketch_32x32_50classes_20250829_180534/samples/samples_epoch_0690_classes_0-15.png
2025-08-29 18:17:02,458 - INFO - Epoch  700, Loss: 209.780518
2025-08-29 18:17:03,013 - INFO - Checkpoint saved: ./experiments/sketch_32x32_50classes_20250829_180534/ckps/checkpoint_epoch_0700.pth
2025-08-29 18:17:07,337 - INFO - Samples generated: ./experiments/sketch_32x32_50classes_20250829_180534/samples/samples_epoch_0700_classes_0-15.png
2025-08-29 18:17:09,140 - INFO - Epoch  710, Loss: 238.568481
2025-08-29 18:17:13,597 - INFO - Samples generated: ./experiments/sketch_32x32_50classes_20250829_180534/samples/samples_epoch_0710_classes_0-15.png
2025-08-29 18:17:15,378 - INFO - Epoch  720, Loss: 250.696915
2025-08-29 18:17:19,683 - INFO - Samples generated: ./experiments/sketch_32x32_50classes_20250829_180534/samples/samples_epoch_0720_classes_0-15.png
2025-08-29 18:17:21,468 - INFO - Epoch  730, Loss: 259.370972
2025-08-29 18:17:25,901 - INFO - Samples generated: ./experiments/sketch_32x32_50classes_20250829_180534/samples/samples_epoch_0730_classes_0-15.png
2025-08-29 18:17:27,736 - INFO - Epoch  740, Loss: 174.845596
2025-08-29 18:17:32,030 - INFO - Samples generated: ./experiments/sketch_32x32_50classes_20250829_180534/samples/samples_epoch_0740_classes_0-15.png
2025-08-29 18:17:33,785 - INFO - Epoch  750, Loss: 212.602112
2025-08-29 18:17:34,384 - INFO - Checkpoint saved: ./experiments/sketch_32x32_50classes_20250829_180534/ckps/checkpoint_epoch_0750.pth
2025-08-29 18:17:38,799 - INFO - Samples generated: ./experiments/sketch_32x32_50classes_20250829_180534/samples/samples_epoch_0750_classes_0-15.png
2025-08-29 18:17:43,378 - INFO - New best model saved (loss: 166.945770)
2025-08-29 18:17:43,652 - INFO - Epoch  760, Loss: 241.084915
2025-08-29 18:17:47,927 - INFO - Samples generated: ./experiments/sketch_32x32_50classes_20250829_180534/samples/samples_epoch_0760_classes_0-15.png
2025-08-29 18:17:49,726 - INFO - Epoch  770, Loss: 191.870178
2025-08-29 18:17:54,042 - INFO - Samples generated: ./experiments/sketch_32x32_50classes_20250829_180534/samples/samples_epoch_0770_classes_0-15.png
2025-08-29 18:17:55,808 - INFO - Epoch  780, Loss: 170.656128
2025-08-29 18:18:00,033 - INFO - Samples generated: ./experiments/sketch_32x32_50classes_20250829_180534/samples/samples_epoch_0780_classes_0-15.png
2025-08-29 18:18:01,824 - INFO - Epoch  790, Loss: 196.213669
2025-08-29 18:18:06,105 - INFO - Samples generated: ./experiments/sketch_32x32_50classes_20250829_180534/samples/samples_epoch_0790_classes_0-15.png
2025-08-29 18:18:10,680 - INFO - New best model saved (loss: 163.088913)
2025-08-29 18:18:11,741 - INFO - Epoch  800, Loss: 200.300690
2025-08-29 18:18:12,338 - INFO - Checkpoint saved: ./experiments/sketch_32x32_50classes_20250829_180534/ckps/checkpoint_epoch_0800.pth
2025-08-29 18:18:16,608 - INFO - Samples generated: ./experiments/sketch_32x32_50classes_20250829_180534/samples/samples_epoch_0800_classes_0-15.png
2025-08-29 18:18:18,311 - INFO - Epoch  810, Loss: 175.173187
2025-08-29 18:18:22,741 - INFO - Samples generated: ./experiments/sketch_32x32_50classes_20250829_180534/samples/samples_epoch_0810_classes_0-15.png
2025-08-29 18:18:24,427 - INFO - Epoch  820, Loss: 202.729889
2025-08-29 18:18:28,740 - INFO - Samples generated: ./experiments/sketch_32x32_50classes_20250829_180534/samples/samples_epoch_0820_classes_0-15.png
2025-08-29 18:18:32,838 - INFO - New best model saved (loss: 160.202408)
2025-08-29 18:18:33,276 - INFO - Epoch  830, Loss: 172.652130
2025-08-29 18:18:37,558 - INFO - Samples generated: ./experiments/sketch_32x32_50classes_20250829_180534/samples/samples_epoch_0830_classes_0-15.png
2025-08-29 18:18:39,439 - INFO - Epoch  840, Loss: 206.152313
2025-08-29 18:18:43,873 - INFO - Samples generated: ./experiments/sketch_32x32_50classes_20250829_180534/samples/samples_epoch_0840_classes_0-15.png
2025-08-29 18:18:45,669 - INFO - Epoch  850, Loss: 220.744751
2025-08-29 18:18:46,262 - INFO - Checkpoint saved: ./experiments/sketch_32x32_50classes_20250829_180534/ckps/checkpoint_epoch_0850.pth
2025-08-29 18:18:50,522 - INFO - Samples generated: ./experiments/sketch_32x32_50classes_20250829_180534/samples/samples_epoch_0850_classes_0-15.png
2025-08-29 18:18:52,403 - INFO - Epoch  860, Loss: 160.260529
2025-08-29 18:18:56,870 - INFO - Samples generated: ./experiments/sketch_32x32_50classes_20250829_180534/samples/samples_epoch_0860_classes_0-15.png
2025-08-29 18:18:58,402 - INFO - Epoch  870, Loss: 186.885834
2025-08-29 18:19:02,799 - INFO - Samples generated: ./experiments/sketch_32x32_50classes_20250829_180534/samples/samples_epoch_0870_classes_0-15.png
2025-08-29 18:19:04,587 - INFO - Epoch  880, Loss: 205.703232
2025-08-29 18:19:09,041 - INFO - Samples generated: ./experiments/sketch_32x32_50classes_20250829_180534/samples/samples_epoch_0880_classes_0-15.png
2025-08-29 18:19:10,985 - INFO - Epoch  890, Loss: 195.421127
2025-08-29 18:19:15,261 - INFO - Samples generated: ./experiments/sketch_32x32_50classes_20250829_180534/samples/samples_epoch_0890_classes_0-15.png
2025-08-29 18:19:17,087 - INFO - Epoch  900, Loss: 176.269806
2025-08-29 18:19:17,680 - INFO - Checkpoint saved: ./experiments/sketch_32x32_50classes_20250829_180534/ckps/checkpoint_epoch_0900.pth
2025-08-29 18:19:22,120 - INFO - Samples generated: ./experiments/sketch_32x32_50classes_20250829_180534/samples/samples_epoch_0900_classes_0-15.png
2025-08-29 18:19:23,939 - INFO - Epoch  910, Loss: 183.773895
2025-08-29 18:19:28,234 - INFO - Samples generated: ./experiments/sketch_32x32_50classes_20250829_180534/samples/samples_epoch_0910_classes_0-15.png
2025-08-29 18:19:30,008 - INFO - Epoch  920, Loss: 212.811371
2025-08-29 18:19:34,419 - INFO - Samples generated: ./experiments/sketch_32x32_50classes_20250829_180534/samples/samples_epoch_0920_classes_0-15.png
2025-08-29 18:19:38,499 - INFO - New best model saved (loss: 158.895035)
2025-08-29 18:19:41,825 - INFO - New best model saved (loss: 146.276123)
2025-08-29 18:19:42,752 - INFO - Epoch  930, Loss: 170.888870
2025-08-29 18:19:47,076 - INFO - Samples generated: ./experiments/sketch_32x32_50classes_20250829_180534/samples/samples_epoch_0930_classes_0-15.png
2025-08-29 18:19:52,550 - INFO - New best model saved (loss: 143.522125)
2025-08-29 18:19:54,295 - INFO - Epoch  940, Loss: 173.371155
2025-08-29 18:19:58,750 - INFO - Samples generated: ./experiments/sketch_32x32_50classes_20250829_180534/samples/samples_epoch_0940_classes_0-15.png
2025-08-29 18:20:00,568 - INFO - Epoch  950, Loss: 158.960480
2025-08-29 18:20:01,145 - INFO - Checkpoint saved: ./experiments/sketch_32x32_50classes_20250829_180534/ckps/checkpoint_epoch_0950.pth
2025-08-29 18:20:05,437 - INFO - Samples generated: ./experiments/sketch_32x32_50classes_20250829_180534/samples/samples_epoch_0950_classes_0-15.png
2025-08-29 18:20:07,201 - INFO - Epoch  960, Loss: 197.305237
2025-08-29 18:20:11,622 - INFO - Samples generated: ./experiments/sketch_32x32_50classes_20250829_180534/samples/samples_epoch_0960_classes_0-15.png
2025-08-29 18:20:13,431 - INFO - Epoch  970, Loss: 160.213516
2025-08-29 18:20:17,735 - INFO - Samples generated: ./experiments/sketch_32x32_50classes_20250829_180534/samples/samples_epoch_0970_classes_0-15.png
2025-08-29 18:20:21,034 - INFO - New best model saved (loss: 140.212494)
2025-08-29 18:20:22,294 - INFO - Epoch  980, Loss: 171.641602
2025-08-29 18:20:26,721 - INFO - Samples generated: ./experiments/sketch_32x32_50classes_20250829_180534/samples/samples_epoch_0980_classes_0-15.png
2025-08-29 18:20:28,417 - INFO - Epoch  990, Loss: 161.740311
2025-08-29 18:20:32,699 - INFO - Samples generated: ./experiments/sketch_32x32_50classes_20250829_180534/samples/samples_epoch_0990_classes_0-15.png
2025-08-29 18:20:34,549 - INFO - Epoch 1000, Loss: 197.892670
2025-08-29 18:20:35,161 - INFO - Checkpoint saved: ./experiments/sketch_32x32_50classes_20250829_180534/ckps/checkpoint_epoch_1000.pth
2025-08-29 18:20:39,616 - INFO - Samples generated: ./experiments/sketch_32x32_50classes_20250829_180534/samples/samples_epoch_1000_classes_0-15.png
2025-08-29 18:20:43,225 - INFO - New best model saved (loss: 136.884171)
2025-08-29 18:20:44,688 - INFO - Epoch 1010, Loss: 159.504700
2025-08-29 18:20:48,980 - INFO - Samples generated: ./experiments/sketch_32x32_50classes_20250829_180534/samples/samples_epoch_1010_classes_0-15.png
2025-08-29 18:20:50,816 - INFO - Epoch 1020, Loss: 190.493164
2025-08-29 18:20:55,091 - INFO - Samples generated: ./experiments/sketch_32x32_50classes_20250829_180534/samples/samples_epoch_1020_classes_0-15.png
2025-08-29 18:20:56,897 - INFO - Epoch 1030, Loss: 185.256104
2025-08-29 18:21:01,364 - INFO - Samples generated: ./experiments/sketch_32x32_50classes_20250829_180534/samples/samples_epoch_1030_classes_0-15.png
2025-08-29 18:21:03,186 - INFO - Epoch 1040, Loss: 168.373352
2025-08-29 18:21:07,492 - INFO - Samples generated: ./experiments/sketch_32x32_50classes_20250829_180534/samples/samples_epoch_1040_classes_0-15.png
2025-08-29 18:21:09,221 - INFO - Epoch 1050, Loss: 169.394440
2025-08-29 18:21:09,819 - INFO - Checkpoint saved: ./experiments/sketch_32x32_50classes_20250829_180534/ckps/checkpoint_epoch_1050.pth
2025-08-29 18:21:14,249 - INFO - Samples generated: ./experiments/sketch_32x32_50classes_20250829_180534/samples/samples_epoch_1050_classes_0-15.png
2025-08-29 18:21:15,929 - INFO - Epoch 1060, Loss: 186.722336
2025-08-29 18:21:20,215 - INFO - Samples generated: ./experiments/sketch_32x32_50classes_20250829_180534/samples/samples_epoch_1060_classes_0-15.png
2025-08-29 18:21:22,076 - INFO - Epoch 1070, Loss: 160.499344
2025-08-29 18:21:26,524 - INFO - Samples generated: ./experiments/sketch_32x32_50classes_20250829_180534/samples/samples_epoch_1070_classes_0-15.png
2025-08-29 18:21:28,354 - INFO - Epoch 1080, Loss: 154.604340
2025-08-29 18:21:32,604 - INFO - Samples generated: ./experiments/sketch_32x32_50classes_20250829_180534/samples/samples_epoch_1080_classes_0-15.png
2025-08-29 18:21:34,165 - INFO - Epoch 1090, Loss: 164.035370
2025-08-29 18:21:38,575 - INFO - Samples generated: ./experiments/sketch_32x32_50classes_20250829_180534/samples/samples_epoch_1090_classes_0-15.png
2025-08-29 18:21:40,384 - INFO - Epoch 1100, Loss: 218.128235
2025-08-29 18:21:40,948 - INFO - Checkpoint saved: ./experiments/sketch_32x32_50classes_20250829_180534/ckps/checkpoint_epoch_1100.pth
2025-08-29 18:21:45,228 - INFO - Samples generated: ./experiments/sketch_32x32_50classes_20250829_180534/samples/samples_epoch_1100_classes_0-15.png
2025-08-29 18:21:46,924 - INFO - Epoch 1110, Loss: 178.020325
2025-08-29 18:21:51,438 - INFO - Samples generated: ./experiments/sketch_32x32_50classes_20250829_180534/samples/samples_epoch_1110_classes_0-15.png
2025-08-29 18:21:53,160 - INFO - Epoch 1120, Loss: 191.099274
2025-08-29 18:21:57,421 - INFO - Samples generated: ./experiments/sketch_32x32_50classes_20250829_180534/samples/samples_epoch_1120_classes_0-15.png
2025-08-29 18:21:59,220 - INFO - Epoch 1130, Loss: 205.520737
2025-08-29 18:22:03,674 - INFO - Samples generated: ./experiments/sketch_32x32_50classes_20250829_180534/samples/samples_epoch_1130_classes_0-15.png
2025-08-29 18:22:05,486 - INFO - Epoch 1140, Loss: 183.647720
2025-08-29 18:22:09,770 - INFO - Samples generated: ./experiments/sketch_32x32_50classes_20250829_180534/samples/samples_epoch_1140_classes_0-15.png
2025-08-29 18:22:11,596 - INFO - Epoch 1150, Loss: 153.718872
2025-08-29 18:22:12,229 - INFO - Checkpoint saved: ./experiments/sketch_32x32_50classes_20250829_180534/ckps/checkpoint_epoch_1150.pth
2025-08-29 18:22:16,644 - INFO - Samples generated: ./experiments/sketch_32x32_50classes_20250829_180534/samples/samples_epoch_1150_classes_0-15.png
2025-08-29 18:22:18,414 - INFO - Epoch 1160, Loss: 128.246719
2025-08-29 18:22:21,316 - INFO - New best model saved (loss: 128.246719)
2025-08-29 18:22:25,656 - INFO - Samples generated: ./experiments/sketch_32x32_50classes_20250829_180534/samples/samples_epoch_1160_classes_0-15.png
2025-08-29 18:22:27,379 - INFO - Epoch 1170, Loss: 160.550629
2025-08-29 18:22:31,695 - INFO - Samples generated: ./experiments/sketch_32x32_50classes_20250829_180534/samples/samples_epoch_1170_classes_0-15.png
2025-08-29 18:22:33,640 - INFO - Epoch 1180, Loss: 145.747467
2025-08-29 18:22:37,882 - INFO - Samples generated: ./experiments/sketch_32x32_50classes_20250829_180534/samples/samples_epoch_1180_classes_0-15.png
2025-08-29 18:22:39,707 - INFO - Epoch 1190, Loss: 154.842865
2025-08-29 18:22:44,021 - INFO - Samples generated: ./experiments/sketch_32x32_50classes_20250829_180534/samples/samples_epoch_1190_classes_0-15.png
2025-08-29 18:22:45,878 - INFO - Epoch 1200, Loss: 157.659225
2025-08-29 18:22:46,599 - INFO - Checkpoint saved: ./experiments/sketch_32x32_50classes_20250829_180534/ckps/checkpoint_epoch_1200.pth
2025-08-29 18:22:50,844 - INFO - Samples generated: ./experiments/sketch_32x32_50classes_20250829_180534/samples/samples_epoch_1200_classes_0-15.png
2025-08-29 18:22:52,566 - INFO - Epoch 1210, Loss: 219.745178
2025-08-29 18:22:56,822 - INFO - Samples generated: ./experiments/sketch_32x32_50classes_20250829_180534/samples/samples_epoch_1210_classes_0-15.png
2025-08-29 18:22:58,519 - INFO - Epoch 1220, Loss: 153.822647
2025-08-29 18:23:02,778 - INFO - Samples generated: ./experiments/sketch_32x32_50classes_20250829_180534/samples/samples_epoch_1220_classes_0-15.png
2025-08-29 18:23:04,462 - INFO - Epoch 1230, Loss: 189.991333
2025-08-29 18:23:08,818 - INFO - Samples generated: ./experiments/sketch_32x32_50classes_20250829_180534/samples/samples_epoch_1230_classes_0-15.png
2025-08-29 18:23:10,540 - INFO - Epoch 1240, Loss: 219.881348
2025-08-29 18:23:15,005 - INFO - Samples generated: ./experiments/sketch_32x32_50classes_20250829_180534/samples/samples_epoch_1240_classes_0-15.png
2025-08-29 18:23:16,850 - INFO - Epoch 1250, Loss: 200.474106
2025-08-29 18:23:17,446 - INFO - Checkpoint saved: ./experiments/sketch_32x32_50classes_20250829_180534/ckps/checkpoint_epoch_1250.pth
2025-08-29 18:23:21,739 - INFO - Samples generated: ./experiments/sketch_32x32_50classes_20250829_180534/samples/samples_epoch_1250_classes_0-15.png
2025-08-29 18:23:23,520 - INFO - Epoch 1260, Loss: 157.258331
2025-08-29 18:23:27,960 - INFO - Samples generated: ./experiments/sketch_32x32_50classes_20250829_180534/samples/samples_epoch_1260_classes_0-15.png
2025-08-29 18:23:29,792 - INFO - Epoch 1270, Loss: 175.296478
2025-08-29 18:23:34,085 - INFO - Samples generated: ./experiments/sketch_32x32_50classes_20250829_180534/samples/samples_epoch_1270_classes_0-15.png
2025-08-29 18:23:35,835 - INFO - Epoch 1280, Loss: 188.176468
2025-08-29 18:23:40,250 - INFO - Samples generated: ./experiments/sketch_32x32_50classes_20250829_180534/samples/samples_epoch_1280_classes_0-15.png
2025-08-29 18:23:41,934 - INFO - Epoch 1290, Loss: 210.068161
2025-08-29 18:23:46,245 - INFO - Samples generated: ./experiments/sketch_32x32_50classes_20250829_180534/samples/samples_epoch_1290_classes_0-15.png
2025-08-29 18:23:47,952 - INFO - Epoch 1300, Loss: 176.483734
2025-08-29 18:23:48,517 - INFO - Checkpoint saved: ./experiments/sketch_32x32_50classes_20250829_180534/ckps/checkpoint_epoch_1300.pth
2025-08-29 18:23:52,924 - INFO - Samples generated: ./experiments/sketch_32x32_50classes_20250829_180534/samples/samples_epoch_1300_classes_0-15.png
2025-08-29 18:23:54,608 - INFO - Epoch 1310, Loss: 213.932266
2025-08-29 18:23:58,914 - INFO - Samples generated: ./experiments/sketch_32x32_50classes_20250829_180534/samples/samples_epoch_1310_classes_0-15.png
2025-08-29 18:24:00,666 - INFO - Epoch 1320, Loss: 171.529633
2025-08-29 18:24:05,103 - INFO - Samples generated: ./experiments/sketch_32x32_50classes_20250829_180534/samples/samples_epoch_1320_classes_0-15.png
2025-08-29 18:24:06,972 - INFO - Epoch 1330, Loss: 164.638245
2025-08-29 18:24:11,267 - INFO - Samples generated: ./experiments/sketch_32x32_50classes_20250829_180534/samples/samples_epoch_1330_classes_0-15.png
2025-08-29 18:24:13,152 - INFO - Epoch 1340, Loss: 175.335724
2025-08-29 18:24:17,612 - INFO - Samples generated: ./experiments/sketch_32x32_50classes_20250829_180534/samples/samples_epoch_1340_classes_0-15.png
2025-08-29 18:24:19,419 - INFO - Epoch 1350, Loss: 165.152847
2025-08-29 18:24:19,979 - INFO - Checkpoint saved: ./experiments/sketch_32x32_50classes_20250829_180534/ckps/checkpoint_epoch_1350.pth
2025-08-29 18:24:24,244 - INFO - Samples generated: ./experiments/sketch_32x32_50classes_20250829_180534/samples/samples_epoch_1350_classes_0-15.png
2025-08-29 18:24:27,946 - INFO - New best model saved (loss: 124.304001)
2025-08-29 18:24:29,153 - INFO - Epoch 1360, Loss: 169.859894
2025-08-29 18:24:33,647 - INFO - Samples generated: ./experiments/sketch_32x32_50classes_20250829_180534/samples/samples_epoch_1360_classes_0-15.png
2025-08-29 18:24:35,420 - INFO - Epoch 1370, Loss: 156.088959
2025-08-29 18:24:39,774 - INFO - Samples generated: ./experiments/sketch_32x32_50classes_20250829_180534/samples/samples_epoch_1370_classes_0-15.png
2025-08-29 18:24:41,516 - INFO - Epoch 1380, Loss: 162.852829
2025-08-29 18:24:45,823 - INFO - Samples generated: ./experiments/sketch_32x32_50classes_20250829_180534/samples/samples_epoch_1380_classes_0-15.png
2025-08-29 18:24:47,648 - INFO - Epoch 1390, Loss: 152.654251
2025-08-29 18:24:52,139 - INFO - Samples generated: ./experiments/sketch_32x32_50classes_20250829_180534/samples/samples_epoch_1390_classes_0-15.png
2025-08-29 18:24:53,927 - INFO - Epoch 1400, Loss: 154.137161
2025-08-29 18:24:54,521 - INFO - Checkpoint saved: ./experiments/sketch_32x32_50classes_20250829_180534/ckps/checkpoint_epoch_1400.pth
2025-08-29 18:24:58,849 - INFO - Samples generated: ./experiments/sketch_32x32_50classes_20250829_180534/samples/samples_epoch_1400_classes_0-15.png
2025-08-29 18:25:00,813 - INFO - Epoch 1410, Loss: 153.892242
2025-08-29 18:25:05,096 - INFO - Samples generated: ./experiments/sketch_32x32_50classes_20250829_180534/samples/samples_epoch_1410_classes_0-15.png
2025-08-29 18:25:06,857 - INFO - Epoch 1420, Loss: 155.221146
2025-08-29 18:25:11,183 - INFO - Samples generated: ./experiments/sketch_32x32_50classes_20250829_180534/samples/samples_epoch_1420_classes_0-15.png
2025-08-29 18:25:12,945 - INFO - Epoch 1430, Loss: 199.256226
2025-08-29 18:25:17,397 - INFO - Samples generated: ./experiments/sketch_32x32_50classes_20250829_180534/samples/samples_epoch_1430_classes_0-15.png
2025-08-29 18:25:19,208 - INFO - Epoch 1440, Loss: 178.402832
2025-08-29 18:25:23,498 - INFO - Samples generated: ./experiments/sketch_32x32_50classes_20250829_180534/samples/samples_epoch_1440_classes_0-15.png
2025-08-29 18:25:25,315 - INFO - Epoch 1450, Loss: 135.399475
2025-08-29 18:25:26,026 - INFO - Checkpoint saved: ./experiments/sketch_32x32_50classes_20250829_180534/ckps/checkpoint_epoch_1450.pth
2025-08-29 18:25:30,271 - INFO - Samples generated: ./experiments/sketch_32x32_50classes_20250829_180534/samples/samples_epoch_1450_classes_0-15.png
2025-08-29 18:25:34,070 - INFO - New best model saved (loss: 123.122391)
2025-08-29 18:25:35,241 - INFO - Epoch 1460, Loss: 155.949341
2025-08-29 18:25:39,549 - INFO - Samples generated: ./experiments/sketch_32x32_50classes_20250829_180534/samples/samples_epoch_1460_classes_0-15.png
2025-08-29 18:25:41,346 - INFO - Epoch 1470, Loss: 147.832275
2025-08-29 18:25:45,817 - INFO - Samples generated: ./experiments/sketch_32x32_50classes_20250829_180534/samples/samples_epoch_1470_classes_0-15.png
2025-08-29 18:25:47,714 - INFO - Epoch 1480, Loss: 172.664948
2025-08-29 18:25:52,034 - INFO - Samples generated: ./experiments/sketch_32x32_50classes_20250829_180534/samples/samples_epoch_1480_classes_0-15.png
2025-08-29 18:25:53,854 - INFO - Epoch 1490, Loss: 173.346512
2025-08-29 18:25:58,286 - INFO - Samples generated: ./experiments/sketch_32x32_50classes_20250829_180534/samples/samples_epoch_1490_classes_0-15.png
2025-08-29 18:26:04,322 - INFO - New best model saved (loss: 117.264114)
2025-08-29 18:26:04,931 - INFO - Epoch 1500, Loss: 172.657700
2025-08-29 18:26:05,497 - INFO - Checkpoint saved: ./experiments/sketch_32x32_50classes_20250829_180534/ckps/checkpoint_epoch_1500.pth
2025-08-29 18:26:09,759 - INFO - Samples generated: ./experiments/sketch_32x32_50classes_20250829_180534/samples/samples_epoch_1500_classes_0-15.png
2025-08-29 18:26:11,622 - INFO - Epoch 1510, Loss: 229.850189
2025-08-29 18:26:16,064 - INFO - Samples generated: ./experiments/sketch_32x32_50classes_20250829_180534/samples/samples_epoch_1510_classes_0-15.png
2025-08-29 18:26:17,854 - INFO - Epoch 1520, Loss: 151.981476
2025-08-29 18:26:22,132 - INFO - Samples generated: ./experiments/sketch_32x32_50classes_20250829_180534/samples/samples_epoch_1520_classes_0-15.png
2025-08-29 18:26:23,971 - INFO - Epoch 1530, Loss: 155.338287
2025-08-29 18:26:28,398 - INFO - Samples generated: ./experiments/sketch_32x32_50classes_20250829_180534/samples/samples_epoch_1530_classes_0-15.png
2025-08-29 18:26:30,017 - INFO - Epoch 1540, Loss: 157.025391
2025-08-29 18:26:34,304 - INFO - Samples generated: ./experiments/sketch_32x32_50classes_20250829_180534/samples/samples_epoch_1540_classes_0-15.png
2025-08-29 18:26:35,929 - INFO - Epoch 1550, Loss: 175.738892
2025-08-29 18:26:36,502 - INFO - Checkpoint saved: ./experiments/sketch_32x32_50classes_20250829_180534/ckps/checkpoint_epoch_1550.pth
2025-08-29 18:26:40,902 - INFO - Samples generated: ./experiments/sketch_32x32_50classes_20250829_180534/samples/samples_epoch_1550_classes_0-15.png
2025-08-29 18:26:42,690 - INFO - Epoch 1560, Loss: 187.177338
2025-08-29 18:26:47,032 - INFO - Samples generated: ./experiments/sketch_32x32_50classes_20250829_180534/samples/samples_epoch_1560_classes_0-15.png
2025-08-29 18:26:48,837 - INFO - Epoch 1570, Loss: 139.212006
2025-08-29 18:26:53,316 - INFO - Samples generated: ./experiments/sketch_32x32_50classes_20250829_180534/samples/samples_epoch_1570_classes_0-15.png
2025-08-29 18:26:54,980 - INFO - Epoch 1580, Loss: 157.238617
2025-08-29 18:26:59,245 - INFO - Samples generated: ./experiments/sketch_32x32_50classes_20250829_180534/samples/samples_epoch_1580_classes_0-15.png
2025-08-29 18:27:00,619 - INFO - Epoch 1590, Loss: 169.689575
2025-08-29 18:27:05,135 - INFO - Samples generated: ./experiments/sketch_32x32_50classes_20250829_180534/samples/samples_epoch_1590_classes_0-15.png
2025-08-29 18:27:06,635 - INFO - Epoch 1600, Loss: 240.849670
2025-08-29 18:27:07,241 - INFO - Checkpoint saved: ./experiments/sketch_32x32_50classes_20250829_180534/ckps/checkpoint_epoch_1600.pth
2025-08-29 18:27:11,513 - INFO - Samples generated: ./experiments/sketch_32x32_50classes_20250829_180534/samples/samples_epoch_1600_classes_0-15.png
2025-08-29 18:27:13,256 - INFO - Epoch 1610, Loss: 177.860077
2025-08-29 18:27:17,735 - INFO - Samples generated: ./experiments/sketch_32x32_50classes_20250829_180534/samples/samples_epoch_1610_classes_0-15.png
2025-08-29 18:27:19,518 - INFO - Epoch 1620, Loss: 165.210846
2025-08-29 18:27:23,839 - INFO - Samples generated: ./experiments/sketch_32x32_50classes_20250829_180534/samples/samples_epoch_1620_classes_0-15.png
2025-08-29 18:27:25,600 - INFO - Epoch 1630, Loss: 198.580673
2025-08-29 18:27:29,920 - INFO - Samples generated: ./experiments/sketch_32x32_50classes_20250829_180534/samples/samples_epoch_1630_classes_0-15.png
2025-08-29 18:27:31,721 - INFO - Epoch 1640, Loss: 140.623871
2025-08-29 18:27:36,166 - INFO - Samples generated: ./experiments/sketch_32x32_50classes_20250829_180534/samples/samples_epoch_1640_classes_0-15.png
2025-08-29 18:27:37,989 - INFO - Epoch 1650, Loss: 157.039673
2025-08-29 18:27:38,568 - INFO - Checkpoint saved: ./experiments/sketch_32x32_50classes_20250829_180534/ckps/checkpoint_epoch_1650.pth
2025-08-29 18:27:42,830 - INFO - Samples generated: ./experiments/sketch_32x32_50classes_20250829_180534/samples/samples_epoch_1650_classes_0-15.png
2025-08-29 18:27:44,657 - INFO - Epoch 1660, Loss: 119.072845
2025-08-29 18:27:49,346 - INFO - Samples generated: ./experiments/sketch_32x32_50classes_20250829_180534/samples/samples_epoch_1660_classes_0-15.png
2025-08-29 18:27:51,084 - INFO - Epoch 1670, Loss: 146.507294
2025-08-29 18:27:55,379 - INFO - Samples generated: ./experiments/sketch_32x32_50classes_20250829_180534/samples/samples_epoch_1670_classes_0-15.png
2025-08-29 18:27:56,945 - INFO - Epoch 1680, Loss: 142.052246
2025-08-29 18:28:01,404 - INFO - Samples generated: ./experiments/sketch_32x32_50classes_20250829_180534/samples/samples_epoch_1680_classes_0-15.png
2025-08-29 18:28:02,924 - INFO - Epoch 1690, Loss: 146.374939
2025-08-29 18:28:07,259 - INFO - Samples generated: ./experiments/sketch_32x32_50classes_20250829_180534/samples/samples_epoch_1690_classes_0-15.png
2025-08-29 18:28:09,045 - INFO - Epoch 1700, Loss: 179.329636
2025-08-29 18:28:09,607 - INFO - Checkpoint saved: ./experiments/sketch_32x32_50classes_20250829_180534/ckps/checkpoint_epoch_1700.pth
2025-08-29 18:28:13,998 - INFO - Samples generated: ./experiments/sketch_32x32_50classes_20250829_180534/samples/samples_epoch_1700_classes_0-15.png
2025-08-29 18:28:15,835 - INFO - Epoch 1710, Loss: 130.681641
2025-08-29 18:28:20,174 - INFO - Samples generated: ./experiments/sketch_32x32_50classes_20250829_180534/samples/samples_epoch_1710_classes_0-15.png
2025-08-29 18:28:21,775 - INFO - Epoch 1720, Loss: 140.873657
2025-08-29 18:28:26,345 - INFO - Samples generated: ./experiments/sketch_32x32_50classes_20250829_180534/samples/samples_epoch_1720_classes_0-15.png
2025-08-29 18:28:28,201 - INFO - Epoch 1730, Loss: 151.937073
2025-08-29 18:28:32,507 - INFO - Samples generated: ./experiments/sketch_32x32_50classes_20250829_180534/samples/samples_epoch_1730_classes_0-15.png
2025-08-29 18:28:34,313 - INFO - Epoch 1740, Loss: 146.333710
2025-08-29 18:28:38,898 - INFO - Samples generated: ./experiments/sketch_32x32_50classes_20250829_180534/samples/samples_epoch_1740_classes_0-15.png
2025-08-29 18:28:40,675 - INFO - Epoch 1750, Loss: 146.923676
2025-08-29 18:28:41,248 - INFO - Checkpoint saved: ./experiments/sketch_32x32_50classes_20250829_180534/ckps/checkpoint_epoch_1750.pth
2025-08-29 18:28:45,552 - INFO - Samples generated: ./experiments/sketch_32x32_50classes_20250829_180534/samples/samples_epoch_1750_classes_0-15.png
2025-08-29 18:28:47,343 - INFO - Epoch 1760, Loss: 153.347565
2025-08-29 18:28:51,654 - INFO - Samples generated: ./experiments/sketch_32x32_50classes_20250829_180534/samples/samples_epoch_1760_classes_0-15.png
2025-08-29 18:28:56,509 - INFO - New best model saved (loss: 110.153656)
2025-08-29 18:28:56,767 - INFO - Epoch 1770, Loss: 155.282059
2025-08-29 18:29:01,274 - INFO - Samples generated: ./experiments/sketch_32x32_50classes_20250829_180534/samples/samples_epoch_1770_classes_0-15.png
2025-08-29 18:29:03,151 - INFO - Epoch 1780, Loss: 154.537552
2025-08-29 18:29:07,474 - INFO - Samples generated: ./experiments/sketch_32x32_50classes_20250829_180534/samples/samples_epoch_1780_classes_0-15.png
2025-08-29 18:29:09,261 - INFO - Epoch 1790, Loss: 154.051178
2025-08-29 18:29:13,698 - INFO - Samples generated: ./experiments/sketch_32x32_50classes_20250829_180534/samples/samples_epoch_1790_classes_0-15.png
2025-08-29 18:29:15,454 - INFO - Epoch 1800, Loss: 123.368874
2025-08-29 18:29:16,050 - INFO - Checkpoint saved: ./experiments/sketch_32x32_50classes_20250829_180534/ckps/checkpoint_epoch_1800.pth
2025-08-29 18:29:20,372 - INFO - Samples generated: ./experiments/sketch_32x32_50classes_20250829_180534/samples/samples_epoch_1800_classes_0-15.png
2025-08-29 18:29:22,150 - INFO - Epoch 1810, Loss: 147.773193
2025-08-29 18:29:26,678 - INFO - Samples generated: ./experiments/sketch_32x32_50classes_20250829_180534/samples/samples_epoch_1810_classes_0-15.png
2025-08-29 18:29:28,500 - INFO - Epoch 1820, Loss: 168.037506
2025-08-29 18:29:32,826 - INFO - Samples generated: ./experiments/sketch_32x32_50classes_20250829_180534/samples/samples_epoch_1820_classes_0-15.png
2025-08-29 18:29:34,648 - INFO - Epoch 1830, Loss: 160.097733
2025-08-29 18:29:39,111 - INFO - Samples generated: ./experiments/sketch_32x32_50classes_20250829_180534/samples/samples_epoch_1830_classes_0-15.png
2025-08-29 18:29:40,768 - INFO - Epoch 1840, Loss: 155.952515
2025-08-29 18:29:45,068 - INFO - Samples generated: ./experiments/sketch_32x32_50classes_20250829_180534/samples/samples_epoch_1840_classes_0-15.png
2025-08-29 18:29:46,886 - INFO - Epoch 1850, Loss: 169.478165
2025-08-29 18:29:47,475 - INFO - Checkpoint saved: ./experiments/sketch_32x32_50classes_20250829_180534/ckps/checkpoint_epoch_1850.pth
2025-08-29 18:29:51,931 - INFO - Samples generated: ./experiments/sketch_32x32_50classes_20250829_180534/samples/samples_epoch_1850_classes_0-15.png
2025-08-29 18:29:53,750 - INFO - Epoch 1860, Loss: 174.766724
2025-08-29 18:29:58,026 - INFO - Samples generated: ./experiments/sketch_32x32_50classes_20250829_180534/samples/samples_epoch_1860_classes_0-15.png
2025-08-29 18:29:59,810 - INFO - Epoch 1870, Loss: 194.172501
2025-08-29 18:30:04,293 - INFO - Samples generated: ./experiments/sketch_32x32_50classes_20250829_180534/samples/samples_epoch_1870_classes_0-15.png
2025-08-29 18:30:06,128 - INFO - Epoch 1880, Loss: 142.310272
2025-08-29 18:30:10,409 - INFO - Samples generated: ./experiments/sketch_32x32_50classes_20250829_180534/samples/samples_epoch_1880_classes_0-15.png
2025-08-29 18:30:12,167 - INFO - Epoch 1890, Loss: 137.851379
2025-08-29 18:30:16,504 - INFO - Samples generated: ./experiments/sketch_32x32_50classes_20250829_180534/samples/samples_epoch_1890_classes_0-15.png
2025-08-29 18:30:18,327 - INFO - Epoch 1900, Loss: 120.117577
2025-08-29 18:30:19,133 - INFO - Checkpoint saved: ./experiments/sketch_32x32_50classes_20250829_180534/ckps/checkpoint_epoch_1900.pth
2025-08-29 18:30:23,411 - INFO - Samples generated: ./experiments/sketch_32x32_50classes_20250829_180534/samples/samples_epoch_1900_classes_0-15.png
2025-08-29 18:30:25,213 - INFO - Epoch 1910, Loss: 130.201019
2025-08-29 18:30:29,509 - INFO - Samples generated: ./experiments/sketch_32x32_50classes_20250829_180534/samples/samples_epoch_1910_classes_0-15.png
2025-08-29 18:30:31,275 - INFO - Epoch 1920, Loss: 142.815689
2025-08-29 18:30:35,754 - INFO - Samples generated: ./experiments/sketch_32x32_50classes_20250829_180534/samples/samples_epoch_1920_classes_0-15.png
2025-08-29 18:30:37,538 - INFO - Epoch 1930, Loss: 154.182037
2025-08-29 18:30:41,913 - INFO - Samples generated: ./experiments/sketch_32x32_50classes_20250829_180534/samples/samples_epoch_1930_classes_0-15.png
2025-08-29 18:30:43,193 - INFO - Epoch 1940, Loss: 150.265625
2025-08-29 18:30:47,655 - INFO - Samples generated: ./experiments/sketch_32x32_50classes_20250829_180534/samples/samples_epoch_1940_classes_0-15.png
2025-08-29 18:30:49,306 - INFO - Epoch 1950, Loss: 182.164108
2025-08-29 18:30:49,985 - INFO - Checkpoint saved: ./experiments/sketch_32x32_50classes_20250829_180534/ckps/checkpoint_epoch_1950.pth
2025-08-29 18:30:54,300 - INFO - Samples generated: ./experiments/sketch_32x32_50classes_20250829_180534/samples/samples_epoch_1950_classes_0-15.png
2025-08-29 18:30:55,882 - INFO - Epoch 1960, Loss: 141.415298
2025-08-29 18:31:00,368 - INFO - Samples generated: ./experiments/sketch_32x32_50classes_20250829_180534/samples/samples_epoch_1960_classes_0-15.png
2025-08-29 18:31:02,155 - INFO - Epoch 1970, Loss: 118.877914
2025-08-29 18:31:06,502 - INFO - Samples generated: ./experiments/sketch_32x32_50classes_20250829_180534/samples/samples_epoch_1970_classes_0-15.png
2025-08-29 18:31:08,237 - INFO - Epoch 1980, Loss: 185.240387
2025-08-29 18:31:12,697 - INFO - Samples generated: ./experiments/sketch_32x32_50classes_20250829_180534/samples/samples_epoch_1980_classes_0-15.png
2025-08-29 18:31:14,468 - INFO - Epoch 1990, Loss: 171.848145
2025-08-29 18:31:18,782 - INFO - Samples generated: ./experiments/sketch_32x32_50classes_20250829_180534/samples/samples_epoch_1990_classes_0-15.png
2025-08-29 18:31:20,446 - INFO - Epoch 2000, Loss: 128.407471
2025-08-29 18:31:21,008 - INFO - Checkpoint saved: ./experiments/sketch_32x32_50classes_20250829_180534/ckps/checkpoint_epoch_2000.pth
2025-08-29 18:31:25,478 - INFO - Samples generated: ./experiments/sketch_32x32_50classes_20250829_180534/samples/samples_epoch_2000_classes_0-15.png
2025-08-29 18:31:27,304 - INFO - Epoch 2010, Loss: 127.882759
2025-08-29 18:31:31,668 - INFO - Samples generated: ./experiments/sketch_32x32_50classes_20250829_180534/samples/samples_epoch_2010_classes_0-15.png
2025-08-29 18:31:33,420 - INFO - Epoch 2020, Loss: 146.218262
2025-08-29 18:31:37,991 - INFO - Samples generated: ./experiments/sketch_32x32_50classes_20250829_180534/samples/samples_epoch_2020_classes_0-15.png
2025-08-29 18:31:39,802 - INFO - Epoch 2030, Loss: 145.735443
2025-08-29 18:31:44,187 - INFO - Samples generated: ./experiments/sketch_32x32_50classes_20250829_180534/samples/samples_epoch_2030_classes_0-15.png
2025-08-29 18:31:45,938 - INFO - Epoch 2040, Loss: 178.814880
2025-08-29 18:31:50,270 - INFO - Samples generated: ./experiments/sketch_32x32_50classes_20250829_180534/samples/samples_epoch_2040_classes_0-15.png
2025-08-29 18:31:52,009 - INFO - Epoch 2050, Loss: 153.252716
2025-08-29 18:31:52,786 - INFO - Checkpoint saved: ./experiments/sketch_32x32_50classes_20250829_180534/ckps/checkpoint_epoch_2050.pth
2025-08-29 18:31:57,101 - INFO - Samples generated: ./experiments/sketch_32x32_50classes_20250829_180534/samples/samples_epoch_2050_classes_0-15.png
2025-08-29 18:31:59,048 - INFO - Epoch 2060, Loss: 145.763336
2025-08-29 18:32:03,385 - INFO - Samples generated: ./experiments/sketch_32x32_50classes_20250829_180534/samples/samples_epoch_2060_classes_0-15.png
2025-08-29 18:32:05,087 - INFO - Epoch 2070, Loss: 147.151245
2025-08-29 18:32:09,593 - INFO - Samples generated: ./experiments/sketch_32x32_50classes_20250829_180534/samples/samples_epoch_2070_classes_0-15.png
2025-08-29 18:32:11,339 - INFO - Epoch 2080, Loss: 148.428833
2025-08-29 18:32:15,662 - INFO - Samples generated: ./experiments/sketch_32x32_50classes_20250829_180534/samples/samples_epoch_2080_classes_0-15.png
2025-08-29 18:32:17,418 - INFO - Epoch 2090, Loss: 141.972015
2025-08-29 18:32:21,911 - INFO - Samples generated: ./experiments/sketch_32x32_50classes_20250829_180534/samples/samples_epoch_2090_classes_0-15.png
2025-08-29 18:32:23,762 - INFO - Epoch 2100, Loss: 185.109619
2025-08-29 18:32:24,368 - INFO - Checkpoint saved: ./experiments/sketch_32x32_50classes_20250829_180534/ckps/checkpoint_epoch_2100.pth
2025-08-29 18:32:28,667 - INFO - Samples generated: ./experiments/sketch_32x32_50classes_20250829_180534/samples/samples_epoch_2100_classes_0-15.png
2025-08-29 18:32:30,378 - INFO - Epoch 2110, Loss: 119.113525
2025-08-29 18:32:34,788 - INFO - Samples generated: ./experiments/sketch_32x32_50classes_20250829_180534/samples/samples_epoch_2110_classes_0-15.png
2025-08-29 18:32:36,582 - INFO - Epoch 2120, Loss: 151.265091
2025-08-29 18:32:40,862 - INFO - Samples generated: ./experiments/sketch_32x32_50classes_20250829_180534/samples/samples_epoch_2120_classes_0-15.png
2025-08-29 18:32:44,904 - INFO - New best model saved (loss: 105.748734)
2025-08-29 18:32:45,278 - INFO - Epoch 2130, Loss: 130.559708
2025-08-29 18:32:49,758 - INFO - Samples generated: ./experiments/sketch_32x32_50classes_20250829_180534/samples/samples_epoch_2130_classes_0-15.png
2025-08-29 18:32:51,497 - INFO - Epoch 2140, Loss: 139.358490
2025-08-29 18:32:55,858 - INFO - Samples generated: ./experiments/sketch_32x32_50classes_20250829_180534/samples/samples_epoch_2140_classes_0-15.png
2025-08-29 18:32:57,704 - INFO - Epoch 2150, Loss: 128.826767
2025-08-29 18:32:58,295 - INFO - Checkpoint saved: ./experiments/sketch_32x32_50classes_20250829_180534/ckps/checkpoint_epoch_2150.pth
2025-08-29 18:33:02,590 - INFO - Samples generated: ./experiments/sketch_32x32_50classes_20250829_180534/samples/samples_epoch_2150_classes_0-15.png
2025-08-29 18:33:04,136 - INFO - Epoch 2160, Loss: 134.401749
2025-08-29 18:33:08,437 - INFO - Samples generated: ./experiments/sketch_32x32_50classes_20250829_180534/samples/samples_epoch_2160_classes_0-15.png
2025-08-29 18:33:09,758 - INFO - Epoch 2170, Loss: 168.908539
2025-08-29 18:33:14,045 - INFO - Samples generated: ./experiments/sketch_32x32_50classes_20250829_180534/samples/samples_epoch_2170_classes_0-15.png
2025-08-29 18:33:15,658 - INFO - Epoch 2180, Loss: 175.245728
2025-08-29 18:33:20,176 - INFO - Samples generated: ./experiments/sketch_32x32_50classes_20250829_180534/samples/samples_epoch_2180_classes_0-15.png
2025-08-29 18:33:21,791 - INFO - Epoch 2190, Loss: 129.977264
2025-08-29 18:33:26,073 - INFO - Samples generated: ./experiments/sketch_32x32_50classes_20250829_180534/samples/samples_epoch_2190_classes_0-15.png
2025-08-29 18:33:30,596 - INFO - New best model saved (loss: 102.736420)
2025-08-29 18:33:31,253 - INFO - Epoch 2200, Loss: 147.956360
2025-08-29 18:33:32,020 - INFO - Checkpoint saved: ./experiments/sketch_32x32_50classes_20250829_180534/ckps/checkpoint_epoch_2200.pth
2025-08-29 18:33:36,324 - INFO - Samples generated: ./experiments/sketch_32x32_50classes_20250829_180534/samples/samples_epoch_2200_classes_0-15.png
2025-08-29 18:33:38,110 - INFO - Epoch 2210, Loss: 127.351303
2025-08-29 18:33:42,448 - INFO - Samples generated: ./experiments/sketch_32x32_50classes_20250829_180534/samples/samples_epoch_2210_classes_0-15.png
2025-08-29 18:33:44,219 - INFO - Epoch 2220, Loss: 147.792084
2025-08-29 18:33:48,649 - INFO - Samples generated: ./experiments/sketch_32x32_50classes_20250829_180534/samples/samples_epoch_2220_classes_0-15.png
2025-08-29 18:33:50,480 - INFO - Epoch 2230, Loss: 135.004669
2025-08-29 18:33:54,805 - INFO - Samples generated: ./experiments/sketch_32x32_50classes_20250829_180534/samples/samples_epoch_2230_classes_0-15.png
2025-08-29 18:33:56,590 - INFO - Epoch 2240, Loss: 131.859375
2025-08-29 18:34:01,018 - INFO - Samples generated: ./experiments/sketch_32x32_50classes_20250829_180534/samples/samples_epoch_2240_classes_0-15.png
2025-08-29 18:34:02,795 - INFO - Epoch 2250, Loss: 129.174011
2025-08-29 18:34:03,391 - INFO - Checkpoint saved: ./experiments/sketch_32x32_50classes_20250829_180534/ckps/checkpoint_epoch_2250.pth
2025-08-29 18:34:07,665 - INFO - Samples generated: ./experiments/sketch_32x32_50classes_20250829_180534/samples/samples_epoch_2250_classes_0-15.png
2025-08-29 18:34:09,454 - INFO - Epoch 2260, Loss: 133.355499
2025-08-29 18:34:13,889 - INFO - Samples generated: ./experiments/sketch_32x32_50classes_20250829_180534/samples/samples_epoch_2260_classes_0-15.png
2025-08-29 18:34:15,683 - INFO - Epoch 2270, Loss: 114.010574
2025-08-29 18:34:20,026 - INFO - Samples generated: ./experiments/sketch_32x32_50classes_20250829_180534/samples/samples_epoch_2270_classes_0-15.png
2025-08-29 18:34:21,774 - INFO - Epoch 2280, Loss: 146.100128
2025-08-29 18:34:26,251 - INFO - Samples generated: ./experiments/sketch_32x32_50classes_20250829_180534/samples/samples_epoch_2280_classes_0-15.png
2025-08-29 18:34:27,994 - INFO - Epoch 2290, Loss: 140.053955
2025-08-29 18:34:32,281 - INFO - Samples generated: ./experiments/sketch_32x32_50classes_20250829_180534/samples/samples_epoch_2290_classes_0-15.png
2025-08-29 18:34:33,967 - INFO - Epoch 2300, Loss: 142.997406
2025-08-29 18:34:34,577 - INFO - Checkpoint saved: ./experiments/sketch_32x32_50classes_20250829_180534/ckps/checkpoint_epoch_2300.pth
2025-08-29 18:34:39,075 - INFO - Samples generated: ./experiments/sketch_32x32_50classes_20250829_180534/samples/samples_epoch_2300_classes_0-15.png
2025-08-29 18:34:42,154 - INFO - New best model saved (loss: 100.902786)
2025-08-29 18:34:43,489 - INFO - Epoch 2310, Loss: 147.572815
2025-08-29 18:34:47,787 - INFO - Samples generated: ./experiments/sketch_32x32_50classes_20250829_180534/samples/samples_epoch_2310_classes_0-15.png
2025-08-29 18:34:49,512 - INFO - Epoch 2320, Loss: 131.158127
2025-08-29 18:34:53,986 - INFO - Samples generated: ./experiments/sketch_32x32_50classes_20250829_180534/samples/samples_epoch_2320_classes_0-15.png
2025-08-29 18:34:55,776 - INFO - Epoch 2330, Loss: 157.420120
2025-08-29 18:35:00,090 - INFO - Samples generated: ./experiments/sketch_32x32_50classes_20250829_180534/samples/samples_epoch_2330_classes_0-15.png
2025-08-29 18:35:01,846 - INFO - Epoch 2340, Loss: 134.919861
2025-08-29 18:35:06,175 - INFO - Samples generated: ./experiments/sketch_32x32_50classes_20250829_180534/samples/samples_epoch_2340_classes_0-15.png
2025-08-29 18:35:08,065 - INFO - Epoch 2350, Loss: 129.344223
2025-08-29 18:35:08,918 - INFO - Checkpoint saved: ./experiments/sketch_32x32_50classes_20250829_180534/ckps/checkpoint_epoch_2350.pth
2025-08-29 18:35:13,201 - INFO - Samples generated: ./experiments/sketch_32x32_50classes_20250829_180534/samples/samples_epoch_2350_classes_0-15.png
2025-08-29 18:35:15,007 - INFO - Epoch 2360, Loss: 115.076363
2025-08-29 18:35:19,320 - INFO - Samples generated: ./experiments/sketch_32x32_50classes_20250829_180534/samples/samples_epoch_2360_classes_0-15.png
2025-08-29 18:35:21,269 - INFO - Epoch 2370, Loss: 135.891479
2025-08-29 18:35:25,567 - INFO - Samples generated: ./experiments/sketch_32x32_50classes_20250829_180534/samples/samples_epoch_2370_classes_0-15.png
2025-08-29 18:35:27,388 - INFO - Epoch 2380, Loss: 175.658325
2025-08-29 18:35:31,647 - INFO - Samples generated: ./experiments/sketch_32x32_50classes_20250829_180534/samples/samples_epoch_2380_classes_0-15.png
2025-08-29 18:35:33,429 - INFO - Epoch 2390, Loss: 151.768677
2025-08-29 18:35:37,866 - INFO - Samples generated: ./experiments/sketch_32x32_50classes_20250829_180534/samples/samples_epoch_2390_classes_0-15.png
2025-08-29 18:35:39,618 - INFO - Epoch 2400, Loss: 148.690857
2025-08-29 18:35:40,182 - INFO - Checkpoint saved: ./experiments/sketch_32x32_50classes_20250829_180534/ckps/checkpoint_epoch_2400.pth
2025-08-29 18:35:44,488 - INFO - Samples generated: ./experiments/sketch_32x32_50classes_20250829_180534/samples/samples_epoch_2400_classes_0-15.png
2025-08-29 18:35:46,242 - INFO - Epoch 2410, Loss: 157.184235
2025-08-29 18:35:50,709 - INFO - Samples generated: ./experiments/sketch_32x32_50classes_20250829_180534/samples/samples_epoch_2410_classes_0-15.png
2025-08-29 18:35:52,576 - INFO - Epoch 2420, Loss: 149.700378
2025-08-29 18:35:56,861 - INFO - Samples generated: ./experiments/sketch_32x32_50classes_20250829_180534/samples/samples_epoch_2420_classes_0-15.png
2025-08-29 18:35:58,336 - INFO - Epoch 2430, Loss: 144.955566
2025-08-29 18:36:02,766 - INFO - Samples generated: ./experiments/sketch_32x32_50classes_20250829_180534/samples/samples_epoch_2430_classes_0-15.png
2025-08-29 18:36:04,635 - INFO - Epoch 2440, Loss: 140.123245
2025-08-29 18:36:08,936 - INFO - Samples generated: ./experiments/sketch_32x32_50classes_20250829_180534/samples/samples_epoch_2440_classes_0-15.png
2025-08-29 18:36:10,665 - INFO - Epoch 2450, Loss: 128.507523
2025-08-29 18:36:11,280 - INFO - Checkpoint saved: ./experiments/sketch_32x32_50classes_20250829_180534/ckps/checkpoint_epoch_2450.pth
2025-08-29 18:36:15,740 - INFO - Samples generated: ./experiments/sketch_32x32_50classes_20250829_180534/samples/samples_epoch_2450_classes_0-15.png
2025-08-29 18:36:17,505 - INFO - Epoch 2460, Loss: 137.945129
2025-08-29 18:36:21,816 - INFO - Samples generated: ./experiments/sketch_32x32_50classes_20250829_180534/samples/samples_epoch_2460_classes_0-15.png
2025-08-29 18:36:23,368 - INFO - Epoch 2470, Loss: 174.090393
2025-08-29 18:36:27,795 - INFO - Samples generated: ./experiments/sketch_32x32_50classes_20250829_180534/samples/samples_epoch_2470_classes_0-15.png
2025-08-29 18:36:29,120 - INFO - Epoch 2480, Loss: 132.046097
2025-08-29 18:36:33,419 - INFO - Samples generated: ./experiments/sketch_32x32_50classes_20250829_180534/samples/samples_epoch_2480_classes_0-15.png
2025-08-29 18:36:35,188 - INFO - Epoch 2490, Loss: 148.181992
2025-08-29 18:36:39,661 - INFO - Samples generated: ./experiments/sketch_32x32_50classes_20250829_180534/samples/samples_epoch_2490_classes_0-15.png
2025-08-29 18:36:41,491 - INFO - Epoch 2500, Loss: 123.055374
2025-08-29 18:36:42,108 - INFO - Checkpoint saved: ./experiments/sketch_32x32_50classes_20250829_180534/ckps/checkpoint_epoch_2500.pth
2025-08-29 18:36:46,382 - INFO - Samples generated: ./experiments/sketch_32x32_50classes_20250829_180534/samples/samples_epoch_2500_classes_0-15.png
2025-08-29 18:36:48,144 - INFO - Epoch 2510, Loss: 128.810699
2025-08-29 18:36:52,471 - INFO - Samples generated: ./experiments/sketch_32x32_50classes_20250829_180534/samples/samples_epoch_2510_classes_0-15.png
2025-08-29 18:36:54,199 - INFO - Epoch 2520, Loss: 132.115326
2025-08-29 18:36:58,664 - INFO - Samples generated: ./experiments/sketch_32x32_50classes_20250829_180534/samples/samples_epoch_2520_classes_0-15.png
2025-08-29 18:37:00,282 - INFO - Epoch 2530, Loss: 157.003464
2025-08-29 18:37:04,608 - INFO - Samples generated: ./experiments/sketch_32x32_50classes_20250829_180534/samples/samples_epoch_2530_classes_0-15.png
2025-08-29 18:37:06,378 - INFO - Epoch 2540, Loss: 140.993042
2025-08-29 18:37:10,816 - INFO - Samples generated: ./experiments/sketch_32x32_50classes_20250829_180534/samples/samples_epoch_2540_classes_0-15.png
2025-08-29 18:37:12,773 - INFO - Epoch 2550, Loss: 172.608032
2025-08-29 18:37:13,390 - INFO - Checkpoint saved: ./experiments/sketch_32x32_50classes_20250829_180534/ckps/checkpoint_epoch_2550.pth
2025-08-29 18:37:17,693 - INFO - Samples generated: ./experiments/sketch_32x32_50classes_20250829_180534/samples/samples_epoch_2550_classes_0-15.png
2025-08-29 18:37:19,505 - INFO - Epoch 2560, Loss: 116.247826
2025-08-29 18:37:23,946 - INFO - Samples generated: ./experiments/sketch_32x32_50classes_20250829_180534/samples/samples_epoch_2560_classes_0-15.png
2025-08-29 18:37:25,847 - INFO - Epoch 2570, Loss: 116.681015
2025-08-29 18:37:30,162 - INFO - Samples generated: ./experiments/sketch_32x32_50classes_20250829_180534/samples/samples_epoch_2570_classes_0-15.png
2025-08-29 18:37:31,938 - INFO - Epoch 2580, Loss: 126.910110
2025-08-29 18:37:36,426 - INFO - Samples generated: ./experiments/sketch_32x32_50classes_20250829_180534/samples/samples_epoch_2580_classes_0-15.png
2025-08-29 18:37:38,159 - INFO - Epoch 2590, Loss: 138.042984
2025-08-29 18:37:42,452 - INFO - Samples generated: ./experiments/sketch_32x32_50classes_20250829_180534/samples/samples_epoch_2590_classes_0-15.png
2025-08-29 18:37:43,984 - INFO - Epoch 2600, Loss: 111.398804
2025-08-29 18:37:44,558 - INFO - Checkpoint saved: ./experiments/sketch_32x32_50classes_20250829_180534/ckps/checkpoint_epoch_2600.pth
2025-08-29 18:37:49,047 - INFO - Samples generated: ./experiments/sketch_32x32_50classes_20250829_180534/samples/samples_epoch_2600_classes_0-15.png
2025-08-29 18:37:50,859 - INFO - Epoch 2610, Loss: 168.246307
2025-08-29 18:37:55,191 - INFO - Samples generated: ./experiments/sketch_32x32_50classes_20250829_180534/samples/samples_epoch_2610_classes_0-15.png
2025-08-29 18:37:56,853 - INFO - Epoch 2620, Loss: 161.228958
2025-08-29 18:38:01,314 - INFO - Samples generated: ./experiments/sketch_32x32_50classes_20250829_180534/samples/samples_epoch_2620_classes_0-15.png
2025-08-29 18:38:03,006 - INFO - Epoch 2630, Loss: 125.725349
2025-08-29 18:38:07,294 - INFO - Samples generated: ./experiments/sketch_32x32_50classes_20250829_180534/samples/samples_epoch_2630_classes_0-15.png
2025-08-29 18:38:09,096 - INFO - Epoch 2640, Loss: 161.110626
2025-08-29 18:38:13,400 - INFO - Samples generated: ./experiments/sketch_32x32_50classes_20250829_180534/samples/samples_epoch_2640_classes_0-15.png
2025-08-29 18:38:15,282 - INFO - Epoch 2650, Loss: 132.366837
2025-08-29 18:38:15,861 - INFO - Checkpoint saved: ./experiments/sketch_32x32_50classes_20250829_180534/ckps/checkpoint_epoch_2650.pth
2025-08-29 18:38:20,189 - INFO - Samples generated: ./experiments/sketch_32x32_50classes_20250829_180534/samples/samples_epoch_2650_classes_0-15.png
2025-08-29 18:38:21,624 - INFO - Epoch 2660, Loss: 140.572327
2025-08-29 18:38:26,061 - INFO - Samples generated: ./experiments/sketch_32x32_50classes_20250829_180534/samples/samples_epoch_2660_classes_0-15.png
2025-08-29 18:38:27,908 - INFO - Epoch 2670, Loss: 127.229881
2025-08-29 18:38:32,209 - INFO - Samples generated: ./experiments/sketch_32x32_50classes_20250829_180534/samples/samples_epoch_2670_classes_0-15.png
2025-08-29 18:38:34,031 - INFO - Epoch 2680, Loss: 122.836014
2025-08-29 18:38:38,333 - INFO - Samples generated: ./experiments/sketch_32x32_50classes_20250829_180534/samples/samples_epoch_2680_classes_0-15.png
2025-08-29 18:38:40,228 - INFO - Epoch 2690, Loss: 121.392059
2025-08-29 18:38:44,699 - INFO - Samples generated: ./experiments/sketch_32x32_50classes_20250829_180534/samples/samples_epoch_2690_classes_0-15.png
2025-08-29 18:38:46,510 - INFO - Epoch 2700, Loss: 142.948669
2025-08-29 18:38:47,126 - INFO - Checkpoint saved: ./experiments/sketch_32x32_50classes_20250829_180534/ckps/checkpoint_epoch_2700.pth
2025-08-29 18:38:51,426 - INFO - Samples generated: ./experiments/sketch_32x32_50classes_20250829_180534/samples/samples_epoch_2700_classes_0-15.png
2025-08-29 18:38:53,202 - INFO - Epoch 2710, Loss: 148.353073
2025-08-29 18:38:57,637 - INFO - Samples generated: ./experiments/sketch_32x32_50classes_20250829_180534/samples/samples_epoch_2710_classes_0-15.png
2025-08-29 18:38:59,449 - INFO - Epoch 2720, Loss: 129.912354
2025-08-29 18:39:03,739 - INFO - Samples generated: ./experiments/sketch_32x32_50classes_20250829_180534/samples/samples_epoch_2720_classes_0-15.png
2025-08-29 18:39:05,518 - INFO - Epoch 2730, Loss: 128.261673
2025-08-29 18:39:10,011 - INFO - Samples generated: ./experiments/sketch_32x32_50classes_20250829_180534/samples/samples_epoch_2730_classes_0-15.png
2025-08-29 18:39:11,775 - INFO - Epoch 2740, Loss: 144.680267
2025-08-29 18:39:16,053 - INFO - Samples generated: ./experiments/sketch_32x32_50classes_20250829_180534/samples/samples_epoch_2740_classes_0-15.png
2025-08-29 18:39:17,902 - INFO - Epoch 2750, Loss: 125.992859
2025-08-29 18:39:18,497 - INFO - Checkpoint saved: ./experiments/sketch_32x32_50classes_20250829_180534/ckps/checkpoint_epoch_2750.pth
2025-08-29 18:39:22,918 - INFO - Samples generated: ./experiments/sketch_32x32_50classes_20250829_180534/samples/samples_epoch_2750_classes_0-15.png
2025-08-29 18:39:24,702 - INFO - Epoch 2760, Loss: 143.095413
2025-08-29 18:39:28,995 - INFO - Samples generated: ./experiments/sketch_32x32_50classes_20250829_180534/samples/samples_epoch_2760_classes_0-15.png
2025-08-29 18:39:30,691 - INFO - Epoch 2770, Loss: 122.326454
2025-08-29 18:39:35,148 - INFO - Samples generated: ./experiments/sketch_32x32_50classes_20250829_180534/samples/samples_epoch_2770_classes_0-15.png
2025-08-29 18:39:36,809 - INFO - Epoch 2780, Loss: 143.623367
2025-08-29 18:39:41,156 - INFO - Samples generated: ./experiments/sketch_32x32_50classes_20250829_180534/samples/samples_epoch_2780_classes_0-15.png
2025-08-29 18:39:42,743 - INFO - Epoch 2790, Loss: 129.522736
2025-08-29 18:39:47,025 - INFO - Samples generated: ./experiments/sketch_32x32_50classes_20250829_180534/samples/samples_epoch_2790_classes_0-15.png
2025-08-29 18:39:48,834 - INFO - Epoch 2800, Loss: 109.173721
2025-08-29 18:39:49,571 - INFO - Checkpoint saved: ./experiments/sketch_32x32_50classes_20250829_180534/ckps/checkpoint_epoch_2800.pth
2025-08-29 18:39:53,821 - INFO - Samples generated: ./experiments/sketch_32x32_50classes_20250829_180534/samples/samples_epoch_2800_classes_0-15.png
2025-08-29 18:39:55,602 - INFO - Epoch 2810, Loss: 124.619537
2025-08-29 18:39:59,927 - INFO - Samples generated: ./experiments/sketch_32x32_50classes_20250829_180534/samples/samples_epoch_2810_classes_0-15.png
2025-08-29 18:40:01,701 - INFO - Epoch 2820, Loss: 130.115265
2025-08-29 18:40:06,141 - INFO - Samples generated: ./experiments/sketch_32x32_50classes_20250829_180534/samples/samples_epoch_2820_classes_0-15.png
2025-08-29 18:40:07,860 - INFO - Epoch 2830, Loss: 149.749008
2025-08-29 18:40:12,192 - INFO - Samples generated: ./experiments/sketch_32x32_50classes_20250829_180534/samples/samples_epoch_2830_classes_0-15.png
2025-08-29 18:40:13,989 - INFO - Epoch 2840, Loss: 141.238998
2025-08-29 18:40:18,397 - INFO - Samples generated: ./experiments/sketch_32x32_50classes_20250829_180534/samples/samples_epoch_2840_classes_0-15.png
2025-08-29 18:40:20,156 - INFO - Epoch 2850, Loss: 119.724014
2025-08-29 18:40:20,728 - INFO - Checkpoint saved: ./experiments/sketch_32x32_50classes_20250829_180534/ckps/checkpoint_epoch_2850.pth
2025-08-29 18:40:25,005 - INFO - Samples generated: ./experiments/sketch_32x32_50classes_20250829_180534/samples/samples_epoch_2850_classes_0-15.png
2025-08-29 18:40:26,749 - INFO - Epoch 2860, Loss: 143.700378
2025-08-29 18:40:31,210 - INFO - Samples generated: ./experiments/sketch_32x32_50classes_20250829_180534/samples/samples_epoch_2860_classes_0-15.png
2025-08-29 18:40:33,067 - INFO - Epoch 2870, Loss: 102.699921
2025-08-29 18:40:37,378 - INFO - Samples generated: ./experiments/sketch_32x32_50classes_20250829_180534/samples/samples_epoch_2870_classes_0-15.png
2025-08-29 18:40:39,124 - INFO - Epoch 2880, Loss: 127.719238
2025-08-29 18:40:43,597 - INFO - Samples generated: ./experiments/sketch_32x32_50classes_20250829_180534/samples/samples_epoch_2880_classes_0-15.png
2025-08-29 18:40:45,462 - INFO - Epoch 2890, Loss: 157.131470
2025-08-29 18:40:49,767 - INFO - Samples generated: ./experiments/sketch_32x32_50classes_20250829_180534/samples/samples_epoch_2890_classes_0-15.png
2025-08-29 18:40:51,574 - INFO - Epoch 2900, Loss: 190.306259
2025-08-29 18:40:52,161 - INFO - Checkpoint saved: ./experiments/sketch_32x32_50classes_20250829_180534/ckps/checkpoint_epoch_2900.pth
2025-08-29 18:40:56,574 - INFO - Samples generated: ./experiments/sketch_32x32_50classes_20250829_180534/samples/samples_epoch_2900_classes_0-15.png
2025-08-29 18:40:58,444 - INFO - Epoch 2910, Loss: 106.255684
2025-08-29 18:41:02,785 - INFO - Samples generated: ./experiments/sketch_32x32_50classes_20250829_180534/samples/samples_epoch_2910_classes_0-15.png
2025-08-29 18:41:04,580 - INFO - Epoch 2920, Loss: 174.666992
2025-08-29 18:41:08,901 - INFO - Samples generated: ./experiments/sketch_32x32_50classes_20250829_180534/samples/samples_epoch_2920_classes_0-15.png
2025-08-29 18:41:10,959 - INFO - Epoch 2930, Loss: 135.536896
2025-08-29 18:41:15,285 - INFO - Samples generated: ./experiments/sketch_32x32_50classes_20250829_180534/samples/samples_epoch_2930_classes_0-15.png
2025-08-29 18:41:17,059 - INFO - Epoch 2940, Loss: 148.337372
2025-08-29 18:41:21,403 - INFO - Samples generated: ./experiments/sketch_32x32_50classes_20250829_180534/samples/samples_epoch_2940_classes_0-15.png
2025-08-29 18:41:22,699 - INFO - Epoch 2950, Loss: 117.509430
2025-08-29 18:41:23,437 - INFO - Checkpoint saved: ./experiments/sketch_32x32_50classes_20250829_180534/ckps/checkpoint_epoch_2950.pth
2025-08-29 18:41:27,804 - INFO - Samples generated: ./experiments/sketch_32x32_50classes_20250829_180534/samples/samples_epoch_2950_classes_0-15.png
2025-08-29 18:41:29,445 - INFO - Epoch 2960, Loss: 129.512299
2025-08-29 18:41:33,728 - INFO - Samples generated: ./experiments/sketch_32x32_50classes_20250829_180534/samples/samples_epoch_2960_classes_0-15.png
2025-08-29 18:41:37,675 - INFO - New best model saved (loss: 99.710281)
2025-08-29 18:41:38,795 - INFO - Epoch 2970, Loss: 106.917931
2025-08-29 18:41:43,098 - INFO - Samples generated: ./experiments/sketch_32x32_50classes_20250829_180534/samples/samples_epoch_2970_classes_0-15.png
2025-08-29 18:41:44,889 - INFO - Epoch 2980, Loss: 134.907669
2025-08-29 18:41:49,301 - INFO - Samples generated: ./experiments/sketch_32x32_50classes_20250829_180534/samples/samples_epoch_2980_classes_0-15.png
2025-08-29 18:41:51,080 - INFO - Epoch 2990, Loss: 138.225418
2025-08-29 18:41:55,369 - INFO - Samples generated: ./experiments/sketch_32x32_50classes_20250829_180534/samples/samples_epoch_2990_classes_0-15.png
2025-08-29 18:41:56,952 - INFO - Epoch 3000, Loss: 150.947174
2025-08-29 18:41:57,560 - INFO - Checkpoint saved: ./experiments/sketch_32x32_50classes_20250829_180534/ckps/checkpoint_epoch_3000.pth
2025-08-29 18:42:01,976 - INFO - Samples generated: ./experiments/sketch_32x32_50classes_20250829_180534/samples/samples_epoch_3000_classes_0-15.png
2025-08-29 18:42:03,851 - INFO - Epoch 3010, Loss: 140.929550
2025-08-29 18:42:08,262 - INFO - Samples generated: ./experiments/sketch_32x32_50classes_20250829_180534/samples/samples_epoch_3010_classes_0-15.png
2025-08-29 18:42:10,073 - INFO - Epoch 3020, Loss: 140.762634
2025-08-29 18:42:14,442 - INFO - Samples generated: ./experiments/sketch_32x32_50classes_20250829_180534/samples/samples_epoch_3020_classes_0-15.png
2025-08-29 18:42:16,262 - INFO - Epoch 3030, Loss: 143.767761
2025-08-29 18:42:20,754 - INFO - Samples generated: ./experiments/sketch_32x32_50classes_20250829_180534/samples/samples_epoch_3030_classes_0-15.png
2025-08-29 18:42:22,550 - INFO - Epoch 3040, Loss: 136.598633
2025-08-29 18:42:26,862 - INFO - Samples generated: ./experiments/sketch_32x32_50classes_20250829_180534/samples/samples_epoch_3040_classes_0-15.png
2025-08-29 18:42:28,547 - INFO - Epoch 3050, Loss: 143.636200
2025-08-29 18:42:29,139 - INFO - Checkpoint saved: ./experiments/sketch_32x32_50classes_20250829_180534/ckps/checkpoint_epoch_3050.pth
2025-08-29 18:42:33,590 - INFO - Samples generated: ./experiments/sketch_32x32_50classes_20250829_180534/samples/samples_epoch_3050_classes_0-15.png
2025-08-29 18:42:35,259 - INFO - Epoch 3060, Loss: 136.676483
2025-08-29 18:42:39,533 - INFO - Samples generated: ./experiments/sketch_32x32_50classes_20250829_180534/samples/samples_epoch_3060_classes_0-15.png
2025-08-29 18:42:41,359 - INFO - Epoch 3070, Loss: 122.808548
2025-08-29 18:42:45,891 - INFO - Samples generated: ./experiments/sketch_32x32_50classes_20250829_180534/samples/samples_epoch_3070_classes_0-15.png
2025-08-29 18:42:47,697 - INFO - Epoch 3080, Loss: 147.707031
2025-08-29 18:42:52,031 - INFO - Samples generated: ./experiments/sketch_32x32_50classes_20250829_180534/samples/samples_epoch_3080_classes_0-15.png
2025-08-29 18:42:53,748 - INFO - Epoch 3090, Loss: 144.520081
2025-08-29 18:42:58,037 - INFO - Samples generated: ./experiments/sketch_32x32_50classes_20250829_180534/samples/samples_epoch_3090_classes_0-15.png
2025-08-29 18:42:59,761 - INFO - Epoch 3100, Loss: 176.803986
2025-08-29 18:43:00,506 - INFO - Checkpoint saved: ./experiments/sketch_32x32_50classes_20250829_180534/ckps/checkpoint_epoch_3100.pth
2025-08-29 18:43:04,762 - INFO - Samples generated: ./experiments/sketch_32x32_50classes_20250829_180534/samples/samples_epoch_3100_classes_0-15.png
2025-08-29 18:43:08,055 - INFO - New best model saved (loss: 94.717133)
2025-08-29 18:43:09,652 - INFO - Epoch 3110, Loss: 117.697815
2025-08-29 18:43:14,154 - INFO - Samples generated: ./experiments/sketch_32x32_50classes_20250829_180534/samples/samples_epoch_3110_classes_0-15.png
2025-08-29 18:43:15,973 - INFO - Epoch 3120, Loss: 144.503143
2025-08-29 18:43:20,227 - INFO - Samples generated: ./experiments/sketch_32x32_50classes_20250829_180534/samples/samples_epoch_3120_classes_0-15.png
2025-08-29 18:43:22,003 - INFO - Epoch 3130, Loss: 124.499908
2025-08-29 18:43:26,372 - INFO - Samples generated: ./experiments/sketch_32x32_50classes_20250829_180534/samples/samples_epoch_3130_classes_0-15.png
2025-08-29 18:43:28,185 - INFO - Epoch 3140, Loss: 138.069138
2025-08-29 18:43:32,754 - INFO - Samples generated: ./experiments/sketch_32x32_50classes_20250829_180534/samples/samples_epoch_3140_classes_0-15.png
2025-08-29 18:43:34,531 - INFO - Epoch 3150, Loss: 124.966011
2025-08-29 18:43:35,145 - INFO - Checkpoint saved: ./experiments/sketch_32x32_50classes_20250829_180534/ckps/checkpoint_epoch_3150.pth
2025-08-29 18:43:39,456 - INFO - Samples generated: ./experiments/sketch_32x32_50classes_20250829_180534/samples/samples_epoch_3150_classes_0-15.png
2025-08-29 18:43:41,379 - INFO - Epoch 3160, Loss: 127.994568
2025-08-29 18:43:45,704 - INFO - Samples generated: ./experiments/sketch_32x32_50classes_20250829_180534/samples/samples_epoch_3160_classes_0-15.png
2025-08-29 18:43:47,460 - INFO - Epoch 3170, Loss: 146.222443
2025-08-29 18:43:51,778 - INFO - Samples generated: ./experiments/sketch_32x32_50classes_20250829_180534/samples/samples_epoch_3170_classes_0-15.png
2025-08-29 18:43:53,656 - INFO - Epoch 3180, Loss: 142.765808
2025-08-29 18:43:58,165 - INFO - Samples generated: ./experiments/sketch_32x32_50classes_20250829_180534/samples/samples_epoch_3180_classes_0-15.png
2025-08-29 18:44:00,038 - INFO - Epoch 3190, Loss: 132.800842
2025-08-29 18:44:04,396 - INFO - Samples generated: ./experiments/sketch_32x32_50classes_20250829_180534/samples/samples_epoch_3190_classes_0-15.png
2025-08-29 18:44:06,020 - INFO - Epoch 3200, Loss: 148.281281
2025-08-29 18:44:06,755 - INFO - Checkpoint saved: ./experiments/sketch_32x32_50classes_20250829_180534/ckps/checkpoint_epoch_3200.pth
2025-08-29 18:44:11,005 - INFO - Samples generated: ./experiments/sketch_32x32_50classes_20250829_180534/samples/samples_epoch_3200_classes_0-15.png
2025-08-29 18:44:12,627 - INFO - Epoch 3210, Loss: 133.447571
2025-08-29 18:44:16,928 - INFO - Samples generated: ./experiments/sketch_32x32_50classes_20250829_180534/samples/samples_epoch_3210_classes_0-15.png
2025-08-29 18:44:18,592 - INFO - Epoch 3220, Loss: 129.036774
2025-08-29 18:44:23,163 - INFO - Samples generated: ./experiments/sketch_32x32_50classes_20250829_180534/samples/samples_epoch_3220_classes_0-15.png
2025-08-29 18:44:24,908 - INFO - Epoch 3230, Loss: 127.133423
2025-08-29 18:44:29,241 - INFO - Samples generated: ./experiments/sketch_32x32_50classes_20250829_180534/samples/samples_epoch_3230_classes_0-15.png
2025-08-29 18:44:30,920 - INFO - Epoch 3240, Loss: 121.542885
2025-08-29 18:44:35,340 - INFO - Samples generated: ./experiments/sketch_32x32_50classes_20250829_180534/samples/samples_epoch_3240_classes_0-15.png
2025-08-29 18:44:36,970 - INFO - Epoch 3250, Loss: 108.541748
2025-08-29 18:44:37,572 - INFO - Checkpoint saved: ./experiments/sketch_32x32_50classes_20250829_180534/ckps/checkpoint_epoch_3250.pth
2025-08-29 18:44:41,888 - INFO - Samples generated: ./experiments/sketch_32x32_50classes_20250829_180534/samples/samples_epoch_3250_classes_0-15.png
2025-08-29 18:44:43,634 - INFO - Epoch 3260, Loss: 135.226410
2025-08-29 18:44:48,120 - INFO - Samples generated: ./experiments/sketch_32x32_50classes_20250829_180534/samples/samples_epoch_3260_classes_0-15.png
2025-08-29 18:44:49,792 - INFO - Epoch 3270, Loss: 136.823883
2025-08-29 18:44:54,073 - INFO - Samples generated: ./experiments/sketch_32x32_50classes_20250829_180534/samples/samples_epoch_3270_classes_0-15.png
2025-08-29 18:44:55,929 - INFO - Epoch 3280, Loss: 137.566254
2025-08-29 18:45:00,363 - INFO - Samples generated: ./experiments/sketch_32x32_50classes_20250829_180534/samples/samples_epoch_3280_classes_0-15.png
2025-08-29 18:45:01,989 - INFO - Epoch 3290, Loss: 128.597702
2025-08-29 18:45:06,344 - INFO - Samples generated: ./experiments/sketch_32x32_50classes_20250829_180534/samples/samples_epoch_3290_classes_0-15.png
2025-08-29 18:45:08,102 - INFO - Epoch 3300, Loss: 128.075989
2025-08-29 18:45:08,659 - INFO - Checkpoint saved: ./experiments/sketch_32x32_50classes_20250829_180534/ckps/checkpoint_epoch_3300.pth
2025-08-29 18:45:13,084 - INFO - Samples generated: ./experiments/sketch_32x32_50classes_20250829_180534/samples/samples_epoch_3300_classes_0-15.png
2025-08-29 18:45:14,902 - INFO - Epoch 3310, Loss: 127.120285
2025-08-29 18:45:19,208 - INFO - Samples generated: ./experiments/sketch_32x32_50classes_20250829_180534/samples/samples_epoch_3310_classes_0-15.png
2025-08-29 18:45:20,957 - INFO - Epoch 3320, Loss: 135.797379
2025-08-29 18:45:25,416 - INFO - Samples generated: ./experiments/sketch_32x32_50classes_20250829_180534/samples/samples_epoch_3320_classes_0-15.png
2025-08-29 18:45:27,198 - INFO - Epoch 3330, Loss: 117.312172
2025-08-29 18:45:31,496 - INFO - Samples generated: ./experiments/sketch_32x32_50classes_20250829_180534/samples/samples_epoch_3330_classes_0-15.png
2025-08-29 18:45:33,325 - INFO - Epoch 3340, Loss: 142.882812
2025-08-29 18:45:37,647 - INFO - Samples generated: ./experiments/sketch_32x32_50classes_20250829_180534/samples/samples_epoch_3340_classes_0-15.png
2025-08-29 18:45:39,440 - INFO - Epoch 3350, Loss: 146.219116
2025-08-29 18:45:40,176 - INFO - Checkpoint saved: ./experiments/sketch_32x32_50classes_20250829_180534/ckps/checkpoint_epoch_3350.pth
2025-08-29 18:45:44,437 - INFO - Samples generated: ./experiments/sketch_32x32_50classes_20250829_180534/samples/samples_epoch_3350_classes_0-15.png
2025-08-29 18:45:46,205 - INFO - Epoch 3360, Loss: 141.960007
2025-08-29 18:45:50,499 - INFO - Samples generated: ./experiments/sketch_32x32_50classes_20250829_180534/samples/samples_epoch_3360_classes_0-15.png
2025-08-29 18:45:52,262 - INFO - Epoch 3370, Loss: 117.226608
2025-08-29 18:45:56,740 - INFO - Samples generated: ./experiments/sketch_32x32_50classes_20250829_180534/samples/samples_epoch_3370_classes_0-15.png
2025-08-29 18:45:58,226 - INFO - Epoch 3380, Loss: 126.605972
2025-08-29 18:46:02,534 - INFO - Samples generated: ./experiments/sketch_32x32_50classes_20250829_180534/samples/samples_epoch_3380_classes_0-15.png
2025-08-29 18:46:04,330 - INFO - Epoch 3390, Loss: 148.982315
2025-08-29 18:46:08,769 - INFO - Samples generated: ./experiments/sketch_32x32_50classes_20250829_180534/samples/samples_epoch_3390_classes_0-15.png
2025-08-29 18:46:10,376 - INFO - Epoch 3400, Loss: 125.101715
2025-08-29 18:46:10,994 - INFO - Checkpoint saved: ./experiments/sketch_32x32_50classes_20250829_180534/ckps/checkpoint_epoch_3400.pth
2025-08-29 18:46:15,295 - INFO - Samples generated: ./experiments/sketch_32x32_50classes_20250829_180534/samples/samples_epoch_3400_classes_0-15.png
2025-08-29 18:46:16,880 - INFO - Epoch 3410, Loss: 108.728859
2025-08-29 18:46:21,360 - INFO - Samples generated: ./experiments/sketch_32x32_50classes_20250829_180534/samples/samples_epoch_3410_classes_0-15.png
2025-08-29 18:46:23,093 - INFO - Epoch 3420, Loss: 121.469116
2025-08-29 18:46:27,419 - INFO - Samples generated: ./experiments/sketch_32x32_50classes_20250829_180534/samples/samples_epoch_3420_classes_0-15.png
2025-08-29 18:46:29,373 - INFO - Epoch 3430, Loss: 131.964249
2025-08-29 18:46:33,924 - INFO - Samples generated: ./experiments/sketch_32x32_50classes_20250829_180534/samples/samples_epoch_3430_classes_0-15.png
2025-08-29 18:46:35,754 - INFO - Epoch 3440, Loss: 146.259476
2025-08-29 18:46:40,095 - INFO - Samples generated: ./experiments/sketch_32x32_50classes_20250829_180534/samples/samples_epoch_3440_classes_0-15.png
2025-08-29 18:46:42,025 - INFO - Epoch 3450, Loss: 126.344818
2025-08-29 18:46:42,634 - INFO - Checkpoint saved: ./experiments/sketch_32x32_50classes_20250829_180534/ckps/checkpoint_epoch_3450.pth
2025-08-29 18:46:47,091 - INFO - Samples generated: ./experiments/sketch_32x32_50classes_20250829_180534/samples/samples_epoch_3450_classes_0-15.png
2025-08-29 18:46:48,969 - INFO - Epoch 3460, Loss: 143.606781
2025-08-29 18:46:53,319 - INFO - Samples generated: ./experiments/sketch_32x32_50classes_20250829_180534/samples/samples_epoch_3460_classes_0-15.png
2025-08-29 18:46:55,128 - INFO - Epoch 3470, Loss: 140.901398
2025-08-29 18:46:59,417 - INFO - Samples generated: ./experiments/sketch_32x32_50classes_20250829_180534/samples/samples_epoch_3470_classes_0-15.png
2025-08-29 18:47:01,231 - INFO - Epoch 3480, Loss: 145.690506
2025-08-29 18:47:05,721 - INFO - Samples generated: ./experiments/sketch_32x32_50classes_20250829_180534/samples/samples_epoch_3480_classes_0-15.png
2025-08-29 18:47:07,559 - INFO - Epoch 3490, Loss: 133.633301
2025-08-29 18:47:11,866 - INFO - Samples generated: ./experiments/sketch_32x32_50classes_20250829_180534/samples/samples_epoch_3490_classes_0-15.png
2025-08-29 18:47:13,591 - INFO - Epoch 3500, Loss: 130.261734
2025-08-29 18:47:14,175 - INFO - Checkpoint saved: ./experiments/sketch_32x32_50classes_20250829_180534/ckps/checkpoint_epoch_3500.pth
2025-08-29 18:47:18,594 - INFO - Samples generated: ./experiments/sketch_32x32_50classes_20250829_180534/samples/samples_epoch_3500_classes_0-15.png
2025-08-29 18:47:20,288 - INFO - Epoch 3510, Loss: 149.587936
2025-08-29 18:47:24,599 - INFO - Samples generated: ./experiments/sketch_32x32_50classes_20250829_180534/samples/samples_epoch_3510_classes_0-15.png
2025-08-29 18:47:26,221 - INFO - Epoch 3520, Loss: 120.352325
2025-08-29 18:47:30,693 - INFO - Samples generated: ./experiments/sketch_32x32_50classes_20250829_180534/samples/samples_epoch_3520_classes_0-15.png
2025-08-29 18:47:32,463 - INFO - Epoch 3530, Loss: 117.029427
2025-08-29 18:47:36,763 - INFO - Samples generated: ./experiments/sketch_32x32_50classes_20250829_180534/samples/samples_epoch_3530_classes_0-15.png
2025-08-29 18:47:38,473 - INFO - Epoch 3540, Loss: 120.287163
2025-08-29 18:47:42,891 - INFO - Samples generated: ./experiments/sketch_32x32_50classes_20250829_180534/samples/samples_epoch_3540_classes_0-15.png
2025-08-29 18:47:44,646 - INFO - Epoch 3550, Loss: 122.357544
2025-08-29 18:47:45,213 - INFO - Checkpoint saved: ./experiments/sketch_32x32_50classes_20250829_180534/ckps/checkpoint_epoch_3550.pth
2025-08-29 18:47:49,548 - INFO - Samples generated: ./experiments/sketch_32x32_50classes_20250829_180534/samples/samples_epoch_3550_classes_0-15.png
2025-08-29 18:47:51,343 - INFO - Epoch 3560, Loss: 120.892853
2025-08-29 18:47:55,791 - INFO - Samples generated: ./experiments/sketch_32x32_50classes_20250829_180534/samples/samples_epoch_3560_classes_0-15.png
2025-08-29 18:47:57,637 - INFO - Epoch 3570, Loss: 116.984451
2025-08-29 18:48:01,905 - INFO - Samples generated: ./experiments/sketch_32x32_50classes_20250829_180534/samples/samples_epoch_3570_classes_0-15.png
2025-08-29 18:48:03,708 - INFO - Epoch 3580, Loss: 132.481949
2025-08-29 18:48:07,988 - INFO - Samples generated: ./experiments/sketch_32x32_50classes_20250829_180534/samples/samples_epoch_3580_classes_0-15.png
2025-08-29 18:48:09,749 - INFO - Epoch 3590, Loss: 119.433159
2025-08-29 18:48:14,241 - INFO - Samples generated: ./experiments/sketch_32x32_50classes_20250829_180534/samples/samples_epoch_3590_classes_0-15.png
2025-08-29 18:48:16,022 - INFO - Epoch 3600, Loss: 132.209335
2025-08-29 18:48:16,625 - INFO - Checkpoint saved: ./experiments/sketch_32x32_50classes_20250829_180534/ckps/checkpoint_epoch_3600.pth
2025-08-29 18:48:20,904 - INFO - Samples generated: ./experiments/sketch_32x32_50classes_20250829_180534/samples/samples_epoch_3600_classes_0-15.png
2025-08-29 18:48:22,747 - INFO - Epoch 3610, Loss: 134.242096
2025-08-29 18:48:27,252 - INFO - Samples generated: ./experiments/sketch_32x32_50classes_20250829_180534/samples/samples_epoch_3610_classes_0-15.png
2025-08-29 18:48:29,007 - INFO - Epoch 3620, Loss: 115.774765
2025-08-29 18:48:33,311 - INFO - Samples generated: ./experiments/sketch_32x32_50classes_20250829_180534/samples/samples_epoch_3620_classes_0-15.png
2025-08-29 18:48:35,011 - INFO - Epoch 3630, Loss: 112.702606
2025-08-29 18:48:39,461 - INFO - Samples generated: ./experiments/sketch_32x32_50classes_20250829_180534/samples/samples_epoch_3630_classes_0-15.png
2025-08-29 18:48:41,287 - INFO - Epoch 3640, Loss: 169.506821
2025-08-29 18:48:45,670 - INFO - Samples generated: ./experiments/sketch_32x32_50classes_20250829_180534/samples/samples_epoch_3640_classes_0-15.png
2025-08-29 18:48:47,497 - INFO - Epoch 3650, Loss: 116.352753
2025-08-29 18:48:48,065 - INFO - Checkpoint saved: ./experiments/sketch_32x32_50classes_20250829_180534/ckps/checkpoint_epoch_3650.pth
2025-08-29 18:48:52,516 - INFO - Samples generated: ./experiments/sketch_32x32_50classes_20250829_180534/samples/samples_epoch_3650_classes_0-15.png
2025-08-29 18:48:54,370 - INFO - Epoch 3660, Loss: 124.624359
2025-08-29 18:48:58,708 - INFO - Samples generated: ./experiments/sketch_32x32_50classes_20250829_180534/samples/samples_epoch_3660_classes_0-15.png
2025-08-29 18:49:00,446 - INFO - Epoch 3670, Loss: 134.429321
2025-08-29 18:49:04,911 - INFO - Samples generated: ./experiments/sketch_32x32_50classes_20250829_180534/samples/samples_epoch_3670_classes_0-15.png
2025-08-29 18:49:06,656 - INFO - Epoch 3680, Loss: 112.766708
2025-08-29 18:49:10,952 - INFO - Samples generated: ./experiments/sketch_32x32_50classes_20250829_180534/samples/samples_epoch_3680_classes_0-15.png
2025-08-29 18:49:12,730 - INFO - Epoch 3690, Loss: 134.579895
2025-08-29 18:49:17,096 - INFO - Samples generated: ./experiments/sketch_32x32_50classes_20250829_180534/samples/samples_epoch_3690_classes_0-15.png
2025-08-29 18:49:18,903 - INFO - Epoch 3700, Loss: 145.523956
2025-08-29 18:49:19,481 - INFO - Checkpoint saved: ./experiments/sketch_32x32_50classes_20250829_180534/ckps/checkpoint_epoch_3700.pth
2025-08-29 18:49:23,898 - INFO - Samples generated: ./experiments/sketch_32x32_50classes_20250829_180534/samples/samples_epoch_3700_classes_0-15.png
2025-08-29 18:49:25,603 - INFO - Epoch 3710, Loss: 123.666534
2025-08-29 18:49:29,877 - INFO - Samples generated: ./experiments/sketch_32x32_50classes_20250829_180534/samples/samples_epoch_3710_classes_0-15.png
2025-08-29 18:49:31,622 - INFO - Epoch 3720, Loss: 108.199142
2025-08-29 18:49:36,038 - INFO - Samples generated: ./experiments/sketch_32x32_50classes_20250829_180534/samples/samples_epoch_3720_classes_0-15.png
2025-08-29 18:49:37,792 - INFO - Epoch 3730, Loss: 142.536530
2025-08-29 18:49:42,151 - INFO - Samples generated: ./experiments/sketch_32x32_50classes_20250829_180534/samples/samples_epoch_3730_classes_0-15.png
2025-08-29 18:49:43,926 - INFO - Epoch 3740, Loss: 148.268677
2025-08-29 18:49:48,449 - INFO - Samples generated: ./experiments/sketch_32x32_50classes_20250829_180534/samples/samples_epoch_3740_classes_0-15.png
2025-08-29 18:49:50,290 - INFO - Epoch 3750, Loss: 128.927917
2025-08-29 18:49:50,907 - INFO - Checkpoint saved: ./experiments/sketch_32x32_50classes_20250829_180534/ckps/checkpoint_epoch_3750.pth
2025-08-29 18:49:55,206 - INFO - Samples generated: ./experiments/sketch_32x32_50classes_20250829_180534/samples/samples_epoch_3750_classes_0-15.png
2025-08-29 18:49:56,905 - INFO - Epoch 3760, Loss: 137.393860
2025-08-29 18:50:01,409 - INFO - Samples generated: ./experiments/sketch_32x32_50classes_20250829_180534/samples/samples_epoch_3760_classes_0-15.png
2025-08-29 18:50:02,922 - INFO - Epoch 3770, Loss: 135.393600
2025-08-29 18:50:07,244 - INFO - Samples generated: ./experiments/sketch_32x32_50classes_20250829_180534/samples/samples_epoch_3770_classes_0-15.png
2025-08-29 18:50:09,003 - INFO - Epoch 3780, Loss: 126.822006
2025-08-29 18:50:13,317 - INFO - Samples generated: ./experiments/sketch_32x32_50classes_20250829_180534/samples/samples_epoch_3780_classes_0-15.png
2025-08-29 18:50:15,140 - INFO - Epoch 3790, Loss: 118.436203
2025-08-29 18:50:19,593 - INFO - Samples generated: ./experiments/sketch_32x32_50classes_20250829_180534/samples/samples_epoch_3790_classes_0-15.png
2025-08-29 18:50:21,317 - INFO - Epoch 3800, Loss: 111.237480
2025-08-29 18:50:21,877 - INFO - Checkpoint saved: ./experiments/sketch_32x32_50classes_20250829_180534/ckps/checkpoint_epoch_3800.pth
2025-08-29 18:50:26,144 - INFO - Samples generated: ./experiments/sketch_32x32_50classes_20250829_180534/samples/samples_epoch_3800_classes_0-15.png
2025-08-29 18:50:27,931 - INFO - Epoch 3810, Loss: 139.131744
2025-08-29 18:50:32,402 - INFO - Samples generated: ./experiments/sketch_32x32_50classes_20250829_180534/samples/samples_epoch_3810_classes_0-15.png
2025-08-29 18:50:34,247 - INFO - Epoch 3820, Loss: 120.074982
2025-08-29 18:50:38,597 - INFO - Samples generated: ./experiments/sketch_32x32_50classes_20250829_180534/samples/samples_epoch_3820_classes_0-15.png
2025-08-29 18:50:40,357 - INFO - Epoch 3830, Loss: 109.950775
2025-08-29 18:50:44,779 - INFO - Samples generated: ./experiments/sketch_32x32_50classes_20250829_180534/samples/samples_epoch_3830_classes_0-15.png
2025-08-29 18:50:46,542 - INFO - Epoch 3840, Loss: 150.449768
2025-08-29 18:50:50,856 - INFO - Samples generated: ./experiments/sketch_32x32_50classes_20250829_180534/samples/samples_epoch_3840_classes_0-15.png
2025-08-29 18:50:57,177 - INFO - New best model saved (loss: 89.837479)
2025-08-29 18:50:57,792 - INFO - Epoch 3850, Loss: 123.288429
2025-08-29 18:50:58,396 - INFO - Checkpoint saved: ./experiments/sketch_32x32_50classes_20250829_180534/ckps/checkpoint_epoch_3850.pth
2025-08-29 18:51:02,835 - INFO - Samples generated: ./experiments/sketch_32x32_50classes_20250829_180534/samples/samples_epoch_3850_classes_0-15.png
2025-08-29 18:51:04,651 - INFO - Epoch 3860, Loss: 134.087662
2025-08-29 18:51:08,971 - INFO - Samples generated: ./experiments/sketch_32x32_50classes_20250829_180534/samples/samples_epoch_3860_classes_0-15.png
2025-08-29 18:51:10,805 - INFO - Epoch 3870, Loss: 125.292091
2025-08-29 18:51:15,228 - INFO - Samples generated: ./experiments/sketch_32x32_50classes_20250829_180534/samples/samples_epoch_3870_classes_0-15.png
2025-08-29 18:51:16,991 - INFO - Epoch 3880, Loss: 147.023483
2025-08-29 18:51:21,283 - INFO - Samples generated: ./experiments/sketch_32x32_50classes_20250829_180534/samples/samples_epoch_3880_classes_0-15.png
2025-08-29 18:51:23,107 - INFO - Epoch 3890, Loss: 154.333069
2025-08-29 18:51:27,358 - INFO - Samples generated: ./experiments/sketch_32x32_50classes_20250829_180534/samples/samples_epoch_3890_classes_0-15.png
2025-08-29 18:51:29,166 - INFO - Epoch 3900, Loss: 137.758606
2025-08-29 18:51:29,929 - INFO - Checkpoint saved: ./experiments/sketch_32x32_50classes_20250829_180534/ckps/checkpoint_epoch_3900.pth
2025-08-29 18:51:34,194 - INFO - Samples generated: ./experiments/sketch_32x32_50classes_20250829_180534/samples/samples_epoch_3900_classes_0-15.png
2025-08-29 18:51:35,495 - INFO - Epoch 3910, Loss: 139.158951
2025-08-29 18:51:39,783 - INFO - Samples generated: ./experiments/sketch_32x32_50classes_20250829_180534/samples/samples_epoch_3910_classes_0-15.png
2025-08-29 18:51:41,442 - INFO - Epoch 3920, Loss: 133.002335
2025-08-29 18:51:45,777 - INFO - Samples generated: ./experiments/sketch_32x32_50classes_20250829_180534/samples/samples_epoch_3920_classes_0-15.png
2025-08-29 18:51:47,577 - INFO - Epoch 3930, Loss: 132.845215
2025-08-29 18:51:51,869 - INFO - Samples generated: ./experiments/sketch_32x32_50classes_20250829_180534/samples/samples_epoch_3930_classes_0-15.png
2025-08-29 18:51:53,622 - INFO - Epoch 3940, Loss: 148.873840
2025-08-29 18:51:58,103 - INFO - Samples generated: ./experiments/sketch_32x32_50classes_20250829_180534/samples/samples_epoch_3940_classes_0-15.png
2025-08-29 18:51:59,876 - INFO - Epoch 3950, Loss: 128.202591
2025-08-29 18:52:00,464 - INFO - Checkpoint saved: ./experiments/sketch_32x32_50classes_20250829_180534/ckps/checkpoint_epoch_3950.pth
2025-08-29 18:52:04,734 - INFO - Samples generated: ./experiments/sketch_32x32_50classes_20250829_180534/samples/samples_epoch_3950_classes_0-15.png
2025-08-29 18:52:06,527 - INFO - Epoch 3960, Loss: 116.094864
2025-08-29 18:52:10,958 - INFO - Samples generated: ./experiments/sketch_32x32_50classes_20250829_180534/samples/samples_epoch_3960_classes_0-15.png
2025-08-29 18:52:12,719 - INFO - Epoch 3970, Loss: 122.608215
2025-08-29 18:52:17,083 - INFO - Samples generated: ./experiments/sketch_32x32_50classes_20250829_180534/samples/samples_epoch_3970_classes_0-15.png
2025-08-29 18:52:18,831 - INFO - Epoch 3980, Loss: 141.047821
2025-08-29 18:52:23,250 - INFO - Samples generated: ./experiments/sketch_32x32_50classes_20250829_180534/samples/samples_epoch_3980_classes_0-15.png
2025-08-29 18:52:25,072 - INFO - Epoch 3990, Loss: 128.096191
2025-08-29 18:52:29,405 - INFO - Samples generated: ./experiments/sketch_32x32_50classes_20250829_180534/samples/samples_epoch_3990_classes_0-15.png
2025-08-29 18:52:31,170 - INFO - Epoch 4000, Loss: 121.003265
2025-08-29 18:52:31,743 - INFO - Checkpoint saved: ./experiments/sketch_32x32_50classes_20250829_180534/ckps/checkpoint_epoch_4000.pth
2025-08-29 18:52:36,221 - INFO - Samples generated: ./experiments/sketch_32x32_50classes_20250829_180534/samples/samples_epoch_4000_classes_0-15.png
2025-08-29 18:52:38,094 - INFO - Epoch 4010, Loss: 116.688904
2025-08-29 18:52:42,395 - INFO - Samples generated: ./experiments/sketch_32x32_50classes_20250829_180534/samples/samples_epoch_4010_classes_0-15.png
2025-08-29 18:52:44,209 - INFO - Epoch 4020, Loss: 128.242859
2025-08-29 18:52:48,659 - INFO - Samples generated: ./experiments/sketch_32x32_50classes_20250829_180534/samples/samples_epoch_4020_classes_0-15.png
2025-08-29 18:52:50,467 - INFO - Epoch 4030, Loss: 152.846405
2025-08-29 18:52:54,780 - INFO - Samples generated: ./experiments/sketch_32x32_50classes_20250829_180534/samples/samples_epoch_4030_classes_0-15.png
2025-08-29 18:52:56,400 - INFO - Epoch 4040, Loss: 125.108704
2025-08-29 18:53:00,833 - INFO - Samples generated: ./experiments/sketch_32x32_50classes_20250829_180534/samples/samples_epoch_4040_classes_0-15.png
2025-08-29 18:53:02,644 - INFO - Epoch 4050, Loss: 120.894302
2025-08-29 18:53:03,285 - INFO - Checkpoint saved: ./experiments/sketch_32x32_50classes_20250829_180534/ckps/checkpoint_epoch_4050.pth
2025-08-29 18:53:07,594 - INFO - Samples generated: ./experiments/sketch_32x32_50classes_20250829_180534/samples/samples_epoch_4050_classes_0-15.png
2025-08-29 18:53:09,416 - INFO - Epoch 4060, Loss: 110.611015
2025-08-29 18:53:13,872 - INFO - Samples generated: ./experiments/sketch_32x32_50classes_20250829_180534/samples/samples_epoch_4060_classes_0-15.png
2025-08-29 18:53:15,651 - INFO - Epoch 4070, Loss: 151.118698
2025-08-29 18:53:19,939 - INFO - Samples generated: ./experiments/sketch_32x32_50classes_20250829_180534/samples/samples_epoch_4070_classes_0-15.png
2025-08-29 18:53:21,784 - INFO - Epoch 4080, Loss: 136.640717
2025-08-29 18:53:26,026 - INFO - Samples generated: ./experiments/sketch_32x32_50classes_20250829_180534/samples/samples_epoch_4080_classes_0-15.png
2025-08-29 18:53:27,827 - INFO - Epoch 4090, Loss: 152.333496
2025-08-29 18:53:32,392 - INFO - Samples generated: ./experiments/sketch_32x32_50classes_20250829_180534/samples/samples_epoch_4090_classes_0-15.png
2025-08-29 18:53:34,135 - INFO - Epoch 4100, Loss: 114.929932
2025-08-29 18:53:34,714 - INFO - Checkpoint saved: ./experiments/sketch_32x32_50classes_20250829_180534/ckps/checkpoint_epoch_4100.pth
2025-08-29 18:53:38,981 - INFO - Samples generated: ./experiments/sketch_32x32_50classes_20250829_180534/samples/samples_epoch_4100_classes_0-15.png
2025-08-29 18:53:40,829 - INFO - Epoch 4110, Loss: 141.904358
2025-08-29 18:53:45,284 - INFO - Samples generated: ./experiments/sketch_32x32_50classes_20250829_180534/samples/samples_epoch_4110_classes_0-15.png
2025-08-29 18:53:47,088 - INFO - Epoch 4120, Loss: 145.369675
2025-08-29 18:53:51,364 - INFO - Samples generated: ./experiments/sketch_32x32_50classes_20250829_180534/samples/samples_epoch_4120_classes_0-15.png
2025-08-29 18:53:53,010 - INFO - Epoch 4130, Loss: 136.719330
2025-08-29 18:53:57,479 - INFO - Samples generated: ./experiments/sketch_32x32_50classes_20250829_180534/samples/samples_epoch_4130_classes_0-15.png
2025-08-29 18:53:59,304 - INFO - Epoch 4140, Loss: 108.515381
2025-08-29 18:54:03,591 - INFO - Samples generated: ./experiments/sketch_32x32_50classes_20250829_180534/samples/samples_epoch_4140_classes_0-15.png
2025-08-29 18:54:05,386 - INFO - Epoch 4150, Loss: 98.918541
2025-08-29 18:54:05,962 - INFO - Checkpoint saved: ./experiments/sketch_32x32_50classes_20250829_180534/ckps/checkpoint_epoch_4150.pth
2025-08-29 18:54:10,421 - INFO - Samples generated: ./experiments/sketch_32x32_50classes_20250829_180534/samples/samples_epoch_4150_classes_0-15.png
2025-08-29 18:54:11,730 - INFO - Epoch 4160, Loss: 131.185669
2025-08-29 18:54:16,022 - INFO - Samples generated: ./experiments/sketch_32x32_50classes_20250829_180534/samples/samples_epoch_4160_classes_0-15.png
2025-08-29 18:54:17,893 - INFO - Epoch 4170, Loss: 128.262863
2025-08-29 18:54:22,252 - INFO - Samples generated: ./experiments/sketch_32x32_50classes_20250829_180534/samples/samples_epoch_4170_classes_0-15.png
2025-08-29 18:54:24,267 - INFO - Epoch 4180, Loss: 123.564697
2025-08-29 18:54:28,563 - INFO - Samples generated: ./experiments/sketch_32x32_50classes_20250829_180534/samples/samples_epoch_4180_classes_0-15.png
2025-08-29 18:54:30,060 - INFO - Epoch 4190, Loss: 112.326462
2025-08-29 18:54:34,359 - INFO - Samples generated: ./experiments/sketch_32x32_50classes_20250829_180534/samples/samples_epoch_4190_classes_0-15.png
2025-08-29 18:54:36,147 - INFO - Epoch 4200, Loss: 125.270332
2025-08-29 18:54:36,920 - INFO - Checkpoint saved: ./experiments/sketch_32x32_50classes_20250829_180534/ckps/checkpoint_epoch_4200.pth
2025-08-29 18:54:41,181 - INFO - Samples generated: ./experiments/sketch_32x32_50classes_20250829_180534/samples/samples_epoch_4200_classes_0-15.png
2025-08-29 18:54:42,941 - INFO - Epoch 4210, Loss: 111.130417
2025-08-29 18:54:47,245 - INFO - Samples generated: ./experiments/sketch_32x32_50classes_20250829_180534/samples/samples_epoch_4210_classes_0-15.png
2025-08-29 18:54:48,974 - INFO - Epoch 4220, Loss: 139.697983
2025-08-29 18:54:53,439 - INFO - Samples generated: ./experiments/sketch_32x32_50classes_20250829_180534/samples/samples_epoch_4220_classes_0-15.png
2025-08-29 18:54:55,096 - INFO - Epoch 4230, Loss: 142.521545
2025-08-29 18:54:59,395 - INFO - Samples generated: ./experiments/sketch_32x32_50classes_20250829_180534/samples/samples_epoch_4230_classes_0-15.png
2025-08-29 18:55:01,114 - INFO - Epoch 4240, Loss: 138.381500
2025-08-29 18:55:05,673 - INFO - Samples generated: ./experiments/sketch_32x32_50classes_20250829_180534/samples/samples_epoch_4240_classes_0-15.png
2025-08-29 18:55:07,401 - INFO - Epoch 4250, Loss: 148.940292
2025-08-29 18:55:07,981 - INFO - Checkpoint saved: ./experiments/sketch_32x32_50classes_20250829_180534/ckps/checkpoint_epoch_4250.pth
2025-08-29 18:55:12,306 - INFO - Samples generated: ./experiments/sketch_32x32_50classes_20250829_180534/samples/samples_epoch_4250_classes_0-15.png
2025-08-29 18:55:14,120 - INFO - Epoch 4260, Loss: 125.058945
2025-08-29 18:55:18,590 - INFO - Samples generated: ./experiments/sketch_32x32_50classes_20250829_180534/samples/samples_epoch_4260_classes_0-15.png
2025-08-29 18:55:20,382 - INFO - Epoch 4270, Loss: 145.982651
2025-08-29 18:55:24,754 - INFO - Samples generated: ./experiments/sketch_32x32_50classes_20250829_180534/samples/samples_epoch_4270_classes_0-15.png
2025-08-29 18:55:26,636 - INFO - Epoch 4280, Loss: 135.252014
2025-08-29 18:55:31,131 - INFO - Samples generated: ./experiments/sketch_32x32_50classes_20250829_180534/samples/samples_epoch_4280_classes_0-15.png
2025-08-29 18:55:32,912 - INFO - Epoch 4290, Loss: 147.660156
2025-08-29 18:55:37,190 - INFO - Samples generated: ./experiments/sketch_32x32_50classes_20250829_180534/samples/samples_epoch_4290_classes_0-15.png
2025-08-29 18:55:38,863 - INFO - Epoch 4300, Loss: 122.255096
2025-08-29 18:55:39,437 - INFO - Checkpoint saved: ./experiments/sketch_32x32_50classes_20250829_180534/ckps/checkpoint_epoch_4300.pth
2025-08-29 18:55:43,896 - INFO - Samples generated: ./experiments/sketch_32x32_50classes_20250829_180534/samples/samples_epoch_4300_classes_0-15.png
2025-08-29 18:55:45,611 - INFO - Epoch 4310, Loss: 145.992294
2025-08-29 18:55:49,893 - INFO - Samples generated: ./experiments/sketch_32x32_50classes_20250829_180534/samples/samples_epoch_4310_classes_0-15.png
2025-08-29 18:55:51,698 - INFO - Epoch 4320, Loss: 122.670547
2025-08-29 18:55:56,201 - INFO - Samples generated: ./experiments/sketch_32x32_50classes_20250829_180534/samples/samples_epoch_4320_classes_0-15.png
2025-08-29 18:55:57,712 - INFO - Epoch 4330, Loss: 123.209625
2025-08-29 18:56:02,055 - INFO - Samples generated: ./experiments/sketch_32x32_50classes_20250829_180534/samples/samples_epoch_4330_classes_0-15.png
2025-08-29 18:56:03,848 - INFO - Epoch 4340, Loss: 128.066833
2025-08-29 18:56:08,118 - INFO - Samples generated: ./experiments/sketch_32x32_50classes_20250829_180534/samples/samples_epoch_4340_classes_0-15.png
2025-08-29 18:56:09,862 - INFO - Epoch 4350, Loss: 125.603256
2025-08-29 18:56:10,625 - INFO - Checkpoint saved: ./experiments/sketch_32x32_50classes_20250829_180534/ckps/checkpoint_epoch_4350.pth
2025-08-29 18:56:14,916 - INFO - Samples generated: ./experiments/sketch_32x32_50classes_20250829_180534/samples/samples_epoch_4350_classes_0-15.png
2025-08-29 18:56:16,652 - INFO - Epoch 4360, Loss: 127.331390
2025-08-29 18:56:20,941 - INFO - Samples generated: ./experiments/sketch_32x32_50classes_20250829_180534/samples/samples_epoch_4360_classes_0-15.png
2025-08-29 18:56:22,746 - INFO - Epoch 4370, Loss: 104.584778
2025-08-29 18:56:27,184 - INFO - Samples generated: ./experiments/sketch_32x32_50classes_20250829_180534/samples/samples_epoch_4370_classes_0-15.png
2025-08-29 18:56:28,905 - INFO - Epoch 4380, Loss: 146.510101
2025-08-29 18:56:33,160 - INFO - Samples generated: ./experiments/sketch_32x32_50classes_20250829_180534/samples/samples_epoch_4380_classes_0-15.png
2025-08-29 18:56:34,964 - INFO - Epoch 4390, Loss: 119.932816
2025-08-29 18:56:39,431 - INFO - Samples generated: ./experiments/sketch_32x32_50classes_20250829_180534/samples/samples_epoch_4390_classes_0-15.png
2025-08-29 18:56:41,312 - INFO - Epoch 4400, Loss: 122.477806
2025-08-29 18:56:41,891 - INFO - Checkpoint saved: ./experiments/sketch_32x32_50classes_20250829_180534/ckps/checkpoint_epoch_4400.pth
2025-08-29 18:56:46,173 - INFO - Samples generated: ./experiments/sketch_32x32_50classes_20250829_180534/samples/samples_epoch_4400_classes_0-15.png
2025-08-29 18:56:48,007 - INFO - Epoch 4410, Loss: 116.509354
2025-08-29 18:56:52,493 - INFO - Samples generated: ./experiments/sketch_32x32_50classes_20250829_180534/samples/samples_epoch_4410_classes_0-15.png
2025-08-29 18:56:54,309 - INFO - Epoch 4420, Loss: 116.163391
2025-08-29 18:56:58,568 - INFO - Samples generated: ./experiments/sketch_32x32_50classes_20250829_180534/samples/samples_epoch_4420_classes_0-15.png
2025-08-29 18:57:00,176 - INFO - Epoch 4430, Loss: 129.278458
2025-08-29 18:57:04,628 - INFO - Samples generated: ./experiments/sketch_32x32_50classes_20250829_180534/samples/samples_epoch_4430_classes_0-15.png
2025-08-29 18:57:06,480 - INFO - Epoch 4440, Loss: 149.859543
2025-08-29 18:57:10,793 - INFO - Samples generated: ./experiments/sketch_32x32_50classes_20250829_180534/samples/samples_epoch_4440_classes_0-15.png
2025-08-29 18:57:12,631 - INFO - Epoch 4450, Loss: 149.939941
2025-08-29 18:57:13,210 - INFO - Checkpoint saved: ./experiments/sketch_32x32_50classes_20250829_180534/ckps/checkpoint_epoch_4450.pth
2025-08-29 18:57:17,662 - INFO - Samples generated: ./experiments/sketch_32x32_50classes_20250829_180534/samples/samples_epoch_4450_classes_0-15.png
2025-08-29 18:57:19,415 - INFO - Epoch 4460, Loss: 110.401581
2025-08-29 18:57:23,700 - INFO - Samples generated: ./experiments/sketch_32x32_50classes_20250829_180534/samples/samples_epoch_4460_classes_0-15.png
2025-08-29 18:57:25,384 - INFO - Epoch 4470, Loss: 119.638519
2025-08-29 18:57:29,817 - INFO - Samples generated: ./experiments/sketch_32x32_50classes_20250829_180534/samples/samples_epoch_4470_classes_0-15.png
2025-08-29 18:57:31,688 - INFO - Epoch 4480, Loss: 110.434555
2025-08-29 18:57:35,965 - INFO - Samples generated: ./experiments/sketch_32x32_50classes_20250829_180534/samples/samples_epoch_4480_classes_0-15.png
2025-08-29 18:57:37,688 - INFO - Epoch 4490, Loss: 148.050369
2025-08-29 18:57:42,006 - INFO - Samples generated: ./experiments/sketch_32x32_50classes_20250829_180534/samples/samples_epoch_4490_classes_0-15.png
2025-08-29 18:57:43,833 - INFO - Epoch 4500, Loss: 124.848991
2025-08-29 18:57:44,665 - INFO - Checkpoint saved: ./experiments/sketch_32x32_50classes_20250829_180534/ckps/checkpoint_epoch_4500.pth
2025-08-29 18:57:48,970 - INFO - Samples generated: ./experiments/sketch_32x32_50classes_20250829_180534/samples/samples_epoch_4500_classes_0-15.png
2025-08-29 18:57:50,814 - INFO - Epoch 4510, Loss: 128.379852
2025-08-29 18:57:55,121 - INFO - Samples generated: ./experiments/sketch_32x32_50classes_20250829_180534/samples/samples_epoch_4510_classes_0-15.png
2025-08-29 18:57:56,865 - INFO - Epoch 4520, Loss: 124.575027
2025-08-29 18:58:01,299 - INFO - Samples generated: ./experiments/sketch_32x32_50classes_20250829_180534/samples/samples_epoch_4520_classes_0-15.png
2025-08-29 18:58:03,131 - INFO - Epoch 4530, Loss: 123.259979
2025-08-29 18:58:07,414 - INFO - Samples generated: ./experiments/sketch_32x32_50classes_20250829_180534/samples/samples_epoch_4530_classes_0-15.png
2025-08-29 18:58:09,150 - INFO - Epoch 4540, Loss: 138.633331
2025-08-29 18:58:13,631 - INFO - Samples generated: ./experiments/sketch_32x32_50classes_20250829_180534/samples/samples_epoch_4540_classes_0-15.png
2025-08-29 18:58:15,368 - INFO - Epoch 4550, Loss: 141.109528
2025-08-29 18:58:15,973 - INFO - Checkpoint saved: ./experiments/sketch_32x32_50classes_20250829_180534/ckps/checkpoint_epoch_4550.pth
2025-08-29 18:58:20,317 - INFO - Samples generated: ./experiments/sketch_32x32_50classes_20250829_180534/samples/samples_epoch_4550_classes_0-15.png
2025-08-29 18:58:22,095 - INFO - Epoch 4560, Loss: 142.447327
2025-08-29 18:58:26,548 - INFO - Samples generated: ./experiments/sketch_32x32_50classes_20250829_180534/samples/samples_epoch_4560_classes_0-15.png
2025-08-29 18:58:28,514 - INFO - Epoch 4570, Loss: 106.344193
2025-08-29 18:58:32,899 - INFO - Samples generated: ./experiments/sketch_32x32_50classes_20250829_180534/samples/samples_epoch_4570_classes_0-15.png
2025-08-29 18:58:34,716 - INFO - Epoch 4580, Loss: 163.121674
2025-08-29 18:58:39,236 - INFO - Samples generated: ./experiments/sketch_32x32_50classes_20250829_180534/samples/samples_epoch_4580_classes_0-15.png
2025-08-29 18:58:41,010 - INFO - Epoch 4590, Loss: 137.067505
2025-08-29 18:58:45,299 - INFO - Samples generated: ./experiments/sketch_32x32_50classes_20250829_180534/samples/samples_epoch_4590_classes_0-15.png
2025-08-29 18:58:47,007 - INFO - Epoch 4600, Loss: 119.812584
2025-08-29 18:58:47,601 - INFO - Checkpoint saved: ./experiments/sketch_32x32_50classes_20250829_180534/ckps/checkpoint_epoch_4600.pth
2025-08-29 18:58:52,079 - INFO - Samples generated: ./experiments/sketch_32x32_50classes_20250829_180534/samples/samples_epoch_4600_classes_0-15.png
2025-08-29 18:58:53,972 - INFO - Epoch 4610, Loss: 103.051003
2025-08-29 18:58:58,302 - INFO - Samples generated: ./experiments/sketch_32x32_50classes_20250829_180534/samples/samples_epoch_4610_classes_0-15.png
2025-08-29 18:59:00,069 - INFO - Epoch 4620, Loss: 130.699341
2025-08-29 18:59:04,545 - INFO - Samples generated: ./experiments/sketch_32x32_50classes_20250829_180534/samples/samples_epoch_4620_classes_0-15.png
2025-08-29 18:59:06,365 - INFO - Epoch 4630, Loss: 111.876984
2025-08-29 18:59:10,704 - INFO - Samples generated: ./experiments/sketch_32x32_50classes_20250829_180534/samples/samples_epoch_4630_classes_0-15.png
2025-08-29 18:59:12,272 - INFO - Epoch 4640, Loss: 113.981323
2025-08-29 18:59:16,630 - INFO - Samples generated: ./experiments/sketch_32x32_50classes_20250829_180534/samples/samples_epoch_4640_classes_0-15.png
2025-08-29 18:59:17,985 - INFO - Epoch 4650, Loss: 151.408081
2025-08-29 18:59:18,721 - INFO - Checkpoint saved: ./experiments/sketch_32x32_50classes_20250829_180534/ckps/checkpoint_epoch_4650.pth
2025-08-29 18:59:22,990 - INFO - Samples generated: ./experiments/sketch_32x32_50classes_20250829_180534/samples/samples_epoch_4650_classes_0-15.png
2025-08-29 18:59:24,797 - INFO - Epoch 4660, Loss: 99.026054
2025-08-29 18:59:29,129 - INFO - Samples generated: ./experiments/sketch_32x32_50classes_20250829_180534/samples/samples_epoch_4660_classes_0-15.png
2025-08-29 18:59:30,918 - INFO - Epoch 4670, Loss: 123.718742
2025-08-29 18:59:35,410 - INFO - Samples generated: ./experiments/sketch_32x32_50classes_20250829_180534/samples/samples_epoch_4670_classes_0-15.png
2025-08-29 18:59:36,942 - INFO - Epoch 4680, Loss: 121.101372
2025-08-29 18:59:41,253 - INFO - Samples generated: ./experiments/sketch_32x32_50classes_20250829_180534/samples/samples_epoch_4680_classes_0-15.png
2025-08-29 18:59:42,991 - INFO - Epoch 4690, Loss: 128.535004
2025-08-29 18:59:47,458 - INFO - Samples generated: ./experiments/sketch_32x32_50classes_20250829_180534/samples/samples_epoch_4690_classes_0-15.png
2025-08-29 18:59:49,312 - INFO - Epoch 4700, Loss: 130.644592
2025-08-29 18:59:49,880 - INFO - Checkpoint saved: ./experiments/sketch_32x32_50classes_20250829_180534/ckps/checkpoint_epoch_4700.pth
2025-08-29 18:59:54,207 - INFO - Samples generated: ./experiments/sketch_32x32_50classes_20250829_180534/samples/samples_epoch_4700_classes_0-15.png
2025-08-29 18:59:55,953 - INFO - Epoch 4710, Loss: 118.730148
2025-08-29 19:00:00,384 - INFO - Samples generated: ./experiments/sketch_32x32_50classes_20250829_180534/samples/samples_epoch_4710_classes_0-15.png
2025-08-29 19:00:02,159 - INFO - Epoch 4720, Loss: 140.388596
2025-08-29 19:00:06,428 - INFO - Samples generated: ./experiments/sketch_32x32_50classes_20250829_180534/samples/samples_epoch_4720_classes_0-15.png
2025-08-29 19:00:10,604 - INFO - New best model saved (loss: 89.450607)
2025-08-29 19:00:11,394 - INFO - Epoch 4730, Loss: 148.873596
2025-08-29 19:00:15,792 - INFO - Samples generated: ./experiments/sketch_32x32_50classes_20250829_180534/samples/samples_epoch_4730_classes_0-15.png
2025-08-29 19:00:17,436 - INFO - Epoch 4740, Loss: 142.331497
2025-08-29 19:00:21,756 - INFO - Samples generated: ./experiments/sketch_32x32_50classes_20250829_180534/samples/samples_epoch_4740_classes_0-15.png
2025-08-29 19:00:23,643 - INFO - Epoch 4750, Loss: 110.487915
2025-08-29 19:00:24,243 - INFO - Checkpoint saved: ./experiments/sketch_32x32_50classes_20250829_180534/ckps/checkpoint_epoch_4750.pth
2025-08-29 19:00:28,672 - INFO - Samples generated: ./experiments/sketch_32x32_50classes_20250829_180534/samples/samples_epoch_4750_classes_0-15.png
2025-08-29 19:00:30,445 - INFO - Epoch 4760, Loss: 135.300308
2025-08-29 19:00:34,776 - INFO - Samples generated: ./experiments/sketch_32x32_50classes_20250829_180534/samples/samples_epoch_4760_classes_0-15.png
2025-08-29 19:00:36,563 - INFO - Epoch 4770, Loss: 121.962372
2025-08-29 19:00:40,986 - INFO - Samples generated: ./experiments/sketch_32x32_50classes_20250829_180534/samples/samples_epoch_4770_classes_0-15.png
2025-08-29 19:00:42,759 - INFO - Epoch 4780, Loss: 127.651840
2025-08-29 19:00:47,059 - INFO - Samples generated: ./experiments/sketch_32x32_50classes_20250829_180534/samples/samples_epoch_4780_classes_0-15.png
2025-08-29 19:00:48,844 - INFO - Epoch 4790, Loss: 132.267670
2025-08-29 19:00:53,128 - INFO - Samples generated: ./experiments/sketch_32x32_50classes_20250829_180534/samples/samples_epoch_4790_classes_0-15.png
2025-08-29 19:00:54,955 - INFO - Epoch 4800, Loss: 123.747932
2025-08-29 19:00:55,709 - INFO - Checkpoint saved: ./experiments/sketch_32x32_50classes_20250829_180534/ckps/checkpoint_epoch_4800.pth
2025-08-29 19:01:00,025 - INFO - Samples generated: ./experiments/sketch_32x32_50classes_20250829_180534/samples/samples_epoch_4800_classes_0-15.png
2025-08-29 19:01:01,811 - INFO - Epoch 4810, Loss: 148.823761
2025-08-29 19:01:06,180 - INFO - Samples generated: ./experiments/sketch_32x32_50classes_20250829_180534/samples/samples_epoch_4810_classes_0-15.png
2025-08-29 19:01:07,943 - INFO - Epoch 4820, Loss: 114.134781
2025-08-29 19:01:12,414 - INFO - Samples generated: ./experiments/sketch_32x32_50classes_20250829_180534/samples/samples_epoch_4820_classes_0-15.png
2025-08-29 19:01:14,339 - INFO - Epoch 4830, Loss: 143.357452
2025-08-29 19:01:18,637 - INFO - Samples generated: ./experiments/sketch_32x32_50classes_20250829_180534/samples/samples_epoch_4830_classes_0-15.png
2025-08-29 19:01:20,507 - INFO - Epoch 4840, Loss: 122.111511
2025-08-29 19:01:24,967 - INFO - Samples generated: ./experiments/sketch_32x32_50classes_20250829_180534/samples/samples_epoch_4840_classes_0-15.png
2025-08-29 19:01:26,713 - INFO - Epoch 4850, Loss: 127.852325
2025-08-29 19:01:27,393 - INFO - Checkpoint saved: ./experiments/sketch_32x32_50classes_20250829_180534/ckps/checkpoint_epoch_4850.pth
2025-08-29 19:01:31,676 - INFO - Samples generated: ./experiments/sketch_32x32_50classes_20250829_180534/samples/samples_epoch_4850_classes_0-15.png
2025-08-29 19:01:33,449 - INFO - Epoch 4860, Loss: 115.119873
2025-08-29 19:01:37,915 - INFO - Samples generated: ./experiments/sketch_32x32_50classes_20250829_180534/samples/samples_epoch_4860_classes_0-15.png
2025-08-29 19:01:39,540 - INFO - Epoch 4870, Loss: 114.092026
2025-08-29 19:01:43,932 - INFO - Samples generated: ./experiments/sketch_32x32_50classes_20250829_180534/samples/samples_epoch_4870_classes_0-15.png
2025-08-29 19:01:45,565 - INFO - Epoch 4880, Loss: 128.773758
2025-08-29 19:01:50,067 - INFO - Samples generated: ./experiments/sketch_32x32_50classes_20250829_180534/samples/samples_epoch_4880_classes_0-15.png
2025-08-29 19:01:51,879 - INFO - Epoch 4890, Loss: 161.601395
2025-08-29 19:01:56,188 - INFO - Samples generated: ./experiments/sketch_32x32_50classes_20250829_180534/samples/samples_epoch_4890_classes_0-15.png
2025-08-29 19:01:57,944 - INFO - Epoch 4900, Loss: 139.824753
2025-08-29 19:01:58,530 - INFO - Checkpoint saved: ./experiments/sketch_32x32_50classes_20250829_180534/ckps/checkpoint_epoch_4900.pth
2025-08-29 19:02:03,010 - INFO - Samples generated: ./experiments/sketch_32x32_50classes_20250829_180534/samples/samples_epoch_4900_classes_0-15.png
2025-08-29 19:02:04,744 - INFO - Epoch 4910, Loss: 119.492447
2025-08-29 19:02:09,063 - INFO - Samples generated: ./experiments/sketch_32x32_50classes_20250829_180534/samples/samples_epoch_4910_classes_0-15.png
2025-08-29 19:02:10,767 - INFO - Epoch 4920, Loss: 128.132889
2025-08-29 19:02:15,085 - INFO - Samples generated: ./experiments/sketch_32x32_50classes_20250829_180534/samples/samples_epoch_4920_classes_0-15.png
2025-08-29 19:02:16,881 - INFO - Epoch 4930, Loss: 132.309280
2025-08-29 19:02:21,334 - INFO - Samples generated: ./experiments/sketch_32x32_50classes_20250829_180534/samples/samples_epoch_4930_classes_0-15.png
2025-08-29 19:02:23,072 - INFO - Epoch 4940, Loss: 140.519989
2025-08-29 19:02:27,401 - INFO - Samples generated: ./experiments/sketch_32x32_50classes_20250829_180534/samples/samples_epoch_4940_classes_0-15.png
2025-08-29 19:02:29,245 - INFO - Epoch 4950, Loss: 112.485657
2025-08-29 19:02:29,830 - INFO - Checkpoint saved: ./experiments/sketch_32x32_50classes_20250829_180534/ckps/checkpoint_epoch_4950.pth
2025-08-29 19:02:34,318 - INFO - Samples generated: ./experiments/sketch_32x32_50classes_20250829_180534/samples/samples_epoch_4950_classes_0-15.png
2025-08-29 19:02:36,094 - INFO - Epoch 4960, Loss: 113.848145
2025-08-29 19:02:40,427 - INFO - Samples generated: ./experiments/sketch_32x32_50classes_20250829_180534/samples/samples_epoch_4960_classes_0-15.png
2025-08-29 19:02:42,141 - INFO - Epoch 4970, Loss: 132.617676
2025-08-29 19:02:46,569 - INFO - Samples generated: ./experiments/sketch_32x32_50classes_20250829_180534/samples/samples_epoch_4970_classes_0-15.png
2025-08-29 19:02:48,349 - INFO - Epoch 4980, Loss: 130.986588
2025-08-29 19:02:52,623 - INFO - Samples generated: ./experiments/sketch_32x32_50classes_20250829_180534/samples/samples_epoch_4980_classes_0-15.png
2025-08-29 19:02:54,424 - INFO - Epoch 4990, Loss: 141.422684
2025-08-29 19:02:58,888 - INFO - Samples generated: ./experiments/sketch_32x32_50classes_20250829_180534/samples/samples_epoch_4990_classes_0-15.png
2025-08-29 19:03:00,629 - INFO - Epoch 5000, Loss: 113.234550
2025-08-29 19:03:01,194 - INFO - Checkpoint saved: ./experiments/sketch_32x32_50classes_20250829_180534/ckps/checkpoint_epoch_5000.pth
2025-08-29 19:03:05,475 - INFO - Samples generated: ./experiments/sketch_32x32_50classes_20250829_180534/samples/samples_epoch_5000_classes_0-15.png
2025-08-29 19:03:07,302 - INFO - Epoch 5010, Loss: 154.857239
2025-08-29 19:03:11,763 - INFO - Samples generated: ./experiments/sketch_32x32_50classes_20250829_180534/samples/samples_epoch_5010_classes_0-15.png
2025-08-29 19:03:13,484 - INFO - Epoch 5020, Loss: 128.206360
2025-08-29 19:03:17,731 - INFO - Samples generated: ./experiments/sketch_32x32_50classes_20250829_180534/samples/samples_epoch_5020_classes_0-15.png
2025-08-29 19:03:19,514 - INFO - Epoch 5030, Loss: 128.498260
2025-08-29 19:03:23,814 - INFO - Samples generated: ./experiments/sketch_32x32_50classes_20250829_180534/samples/samples_epoch_5030_classes_0-15.png
2025-08-29 19:03:25,603 - INFO - Epoch 5040, Loss: 121.133408
2025-08-29 19:03:30,111 - INFO - Samples generated: ./experiments/sketch_32x32_50classes_20250829_180534/samples/samples_epoch_5040_classes_0-15.png
2025-08-29 19:03:31,902 - INFO - Epoch 5050, Loss: 119.364365
2025-08-29 19:03:32,495 - INFO - Checkpoint saved: ./experiments/sketch_32x32_50classes_20250829_180534/ckps/checkpoint_epoch_5050.pth
2025-08-29 19:03:36,846 - INFO - Samples generated: ./experiments/sketch_32x32_50classes_20250829_180534/samples/samples_epoch_5050_classes_0-15.png
2025-08-29 19:03:38,711 - INFO - Epoch 5060, Loss: 126.259888
2025-08-29 19:03:43,193 - INFO - Samples generated: ./experiments/sketch_32x32_50classes_20250829_180534/samples/samples_epoch_5060_classes_0-15.png
2025-08-29 19:03:45,009 - INFO - Epoch 5070, Loss: 126.106323
2025-08-29 19:03:49,260 - INFO - Samples generated: ./experiments/sketch_32x32_50classes_20250829_180534/samples/samples_epoch_5070_classes_0-15.png
2025-08-29 19:03:51,139 - INFO - Epoch 5080, Loss: 122.341614
2025-08-29 19:03:55,578 - INFO - Samples generated: ./experiments/sketch_32x32_50classes_20250829_180534/samples/samples_epoch_5080_classes_0-15.png
2025-08-29 19:03:57,381 - INFO - Epoch 5090, Loss: 133.909332
2025-08-29 19:04:01,656 - INFO - Samples generated: ./experiments/sketch_32x32_50classes_20250829_180534/samples/samples_epoch_5090_classes_0-15.png
2025-08-29 19:04:03,435 - INFO - Epoch 5100, Loss: 117.873047
2025-08-29 19:04:04,019 - INFO - Checkpoint saved: ./experiments/sketch_32x32_50classes_20250829_180534/ckps/checkpoint_epoch_5100.pth
2025-08-29 19:04:08,505 - INFO - Samples generated: ./experiments/sketch_32x32_50classes_20250829_180534/samples/samples_epoch_5100_classes_0-15.png
2025-08-29 19:04:10,288 - INFO - Epoch 5110, Loss: 101.207184
2025-08-29 19:04:14,575 - INFO - Samples generated: ./experiments/sketch_32x32_50classes_20250829_180534/samples/samples_epoch_5110_classes_0-15.png
2025-08-29 19:04:16,313 - INFO - Epoch 5120, Loss: 114.420044
2025-08-29 19:04:20,604 - INFO - Samples generated: ./experiments/sketch_32x32_50classes_20250829_180534/samples/samples_epoch_5120_classes_0-15.png
2025-08-29 19:04:22,398 - INFO - Epoch 5130, Loss: 126.055244
2025-08-29 19:04:26,888 - INFO - Samples generated: ./experiments/sketch_32x32_50classes_20250829_180534/samples/samples_epoch_5130_classes_0-15.png
2025-08-29 19:04:28,913 - INFO - Epoch 5140, Loss: 156.604507
2025-08-29 19:04:33,267 - INFO - Samples generated: ./experiments/sketch_32x32_50classes_20250829_180534/samples/samples_epoch_5140_classes_0-15.png
2025-08-29 19:04:34,914 - INFO - Epoch 5150, Loss: 122.385368
2025-08-29 19:04:35,674 - INFO - Checkpoint saved: ./experiments/sketch_32x32_50classes_20250829_180534/ckps/checkpoint_epoch_5150.pth
2025-08-29 19:04:40,013 - INFO - Samples generated: ./experiments/sketch_32x32_50classes_20250829_180534/samples/samples_epoch_5150_classes_0-15.png
2025-08-29 19:04:41,843 - INFO - Epoch 5160, Loss: 126.460083
2025-08-29 19:04:46,110 - INFO - Samples generated: ./experiments/sketch_32x32_50classes_20250829_180534/samples/samples_epoch_5160_classes_0-15.png
2025-08-29 19:04:47,884 - INFO - Epoch 5170, Loss: 119.271423
2025-08-29 19:04:52,347 - INFO - Samples generated: ./experiments/sketch_32x32_50classes_20250829_180534/samples/samples_epoch_5170_classes_0-15.png
2025-08-29 19:04:54,065 - INFO - Epoch 5180, Loss: 130.685745
2025-08-29 19:04:58,331 - INFO - Samples generated: ./experiments/sketch_32x32_50classes_20250829_180534/samples/samples_epoch_5180_classes_0-15.png
2025-08-29 19:05:00,142 - INFO - Epoch 5190, Loss: 123.133629
2025-08-29 19:05:04,634 - INFO - Samples generated: ./experiments/sketch_32x32_50classes_20250829_180534/samples/samples_epoch_5190_classes_0-15.png
2025-08-29 19:05:05,925 - INFO - Epoch 5200, Loss: 116.242935
2025-08-29 19:05:06,558 - INFO - Checkpoint saved: ./experiments/sketch_32x32_50classes_20250829_180534/ckps/checkpoint_epoch_5200.pth
2025-08-29 19:05:10,861 - INFO - Samples generated: ./experiments/sketch_32x32_50classes_20250829_180534/samples/samples_epoch_5200_classes_0-15.png
2025-08-29 19:05:12,200 - INFO - Epoch 5210, Loss: 126.133102
2025-08-29 19:05:16,622 - INFO - Samples generated: ./experiments/sketch_32x32_50classes_20250829_180534/samples/samples_epoch_5210_classes_0-15.png
2025-08-29 19:05:18,339 - INFO - Epoch 5220, Loss: 118.209908
2025-08-29 19:05:22,657 - INFO - Samples generated: ./experiments/sketch_32x32_50classes_20250829_180534/samples/samples_epoch_5220_classes_0-15.png
2025-08-29 19:05:24,381 - INFO - Epoch 5230, Loss: 159.167892
2025-08-29 19:05:28,824 - INFO - Samples generated: ./experiments/sketch_32x32_50classes_20250829_180534/samples/samples_epoch_5230_classes_0-15.png
2025-08-29 19:05:30,632 - INFO - Epoch 5240, Loss: 114.945183
2025-08-29 19:05:34,932 - INFO - Samples generated: ./experiments/sketch_32x32_50classes_20250829_180534/samples/samples_epoch_5240_classes_0-15.png
2025-08-29 19:05:36,732 - INFO - Epoch 5250, Loss: 146.490570
2025-08-29 19:05:37,317 - INFO - Checkpoint saved: ./experiments/sketch_32x32_50classes_20250829_180534/ckps/checkpoint_epoch_5250.pth
2025-08-29 19:05:41,836 - INFO - Samples generated: ./experiments/sketch_32x32_50classes_20250829_180534/samples/samples_epoch_5250_classes_0-15.png
2025-08-29 19:05:43,729 - INFO - Epoch 5260, Loss: 116.309937
2025-08-29 19:05:48,048 - INFO - Samples generated: ./experiments/sketch_32x32_50classes_20250829_180534/samples/samples_epoch_5260_classes_0-15.png
2025-08-29 19:05:49,911 - INFO - Epoch 5270, Loss: 129.762726
2025-08-29 19:05:54,365 - INFO - Samples generated: ./experiments/sketch_32x32_50classes_20250829_180534/samples/samples_epoch_5270_classes_0-15.png
2025-08-29 19:05:56,184 - INFO - Epoch 5280, Loss: 102.867317
2025-08-29 19:06:00,507 - INFO - Samples generated: ./experiments/sketch_32x32_50classes_20250829_180534/samples/samples_epoch_5280_classes_0-15.png
2025-08-29 19:06:02,055 - INFO - Epoch 5290, Loss: 123.237244
2025-08-29 19:06:06,350 - INFO - Samples generated: ./experiments/sketch_32x32_50classes_20250829_180534/samples/samples_epoch_5290_classes_0-15.png
2025-08-29 19:06:08,139 - INFO - Epoch 5300, Loss: 145.908966
2025-08-29 19:06:08,922 - INFO - Checkpoint saved: ./experiments/sketch_32x32_50classes_20250829_180534/ckps/checkpoint_epoch_5300.pth
2025-08-29 19:06:13,227 - INFO - Samples generated: ./experiments/sketch_32x32_50classes_20250829_180534/samples/samples_epoch_5300_classes_0-15.png
2025-08-29 19:06:15,044 - INFO - Epoch 5310, Loss: 143.320328
2025-08-29 19:06:19,328 - INFO - Samples generated: ./experiments/sketch_32x32_50classes_20250829_180534/samples/samples_epoch_5310_classes_0-15.png
2025-08-29 19:06:21,092 - INFO - Epoch 5320, Loss: 140.155884
2025-08-29 19:06:25,547 - INFO - Samples generated: ./experiments/sketch_32x32_50classes_20250829_180534/samples/samples_epoch_5320_classes_0-15.png
2025-08-29 19:06:27,417 - INFO - Epoch 5330, Loss: 120.536057
2025-08-29 19:06:31,751 - INFO - Samples generated: ./experiments/sketch_32x32_50classes_20250829_180534/samples/samples_epoch_5330_classes_0-15.png
2025-08-29 19:06:33,371 - INFO - Epoch 5340, Loss: 130.474899
2025-08-29 19:06:37,822 - INFO - Samples generated: ./experiments/sketch_32x32_50classes_20250829_180534/samples/samples_epoch_5340_classes_0-15.png
2025-08-29 19:06:39,729 - INFO - Epoch 5350, Loss: 114.869400
2025-08-29 19:06:40,369 - INFO - Checkpoint saved: ./experiments/sketch_32x32_50classes_20250829_180534/ckps/checkpoint_epoch_5350.pth
2025-08-29 19:06:44,711 - INFO - Samples generated: ./experiments/sketch_32x32_50classes_20250829_180534/samples/samples_epoch_5350_classes_0-15.png
2025-08-29 19:06:46,412 - INFO - Epoch 5360, Loss: 127.494675
2025-08-29 19:06:50,850 - INFO - Samples generated: ./experiments/sketch_32x32_50classes_20250829_180534/samples/samples_epoch_5360_classes_0-15.png
2025-08-29 19:06:52,666 - INFO - Epoch 5370, Loss: 109.130760
2025-08-29 19:06:56,979 - INFO - Samples generated: ./experiments/sketch_32x32_50classes_20250829_180534/samples/samples_epoch_5370_classes_0-15.png
2025-08-29 19:06:58,824 - INFO - Epoch 5380, Loss: 130.189911
2025-08-29 19:07:03,367 - INFO - Samples generated: ./experiments/sketch_32x32_50classes_20250829_180534/samples/samples_epoch_5380_classes_0-15.png
2025-08-29 19:07:05,168 - INFO - Epoch 5390, Loss: 106.658264
2025-08-29 19:07:09,558 - INFO - Samples generated: ./experiments/sketch_32x32_50classes_20250829_180534/samples/samples_epoch_5390_classes_0-15.png
2025-08-29 19:07:11,463 - INFO - Epoch 5400, Loss: 136.410797
2025-08-29 19:07:12,062 - INFO - Checkpoint saved: ./experiments/sketch_32x32_50classes_20250829_180534/ckps/checkpoint_epoch_5400.pth
2025-08-29 19:07:16,486 - INFO - Samples generated: ./experiments/sketch_32x32_50classes_20250829_180534/samples/samples_epoch_5400_classes_0-15.png
2025-08-29 19:07:18,395 - INFO - Epoch 5410, Loss: 132.850708
2025-08-29 19:07:22,682 - INFO - Samples generated: ./experiments/sketch_32x32_50classes_20250829_180534/samples/samples_epoch_5410_classes_0-15.png
2025-08-29 19:07:24,529 - INFO - Epoch 5420, Loss: 121.894997
2025-08-29 19:07:28,966 - INFO - Samples generated: ./experiments/sketch_32x32_50classes_20250829_180534/samples/samples_epoch_5420_classes_0-15.png
2025-08-29 19:07:30,831 - INFO - Epoch 5430, Loss: 142.912323
2025-08-29 19:07:35,130 - INFO - Samples generated: ./experiments/sketch_32x32_50classes_20250829_180534/samples/samples_epoch_5430_classes_0-15.png
2025-08-29 19:07:36,855 - INFO - Epoch 5440, Loss: 168.265594
2025-08-29 19:07:41,152 - INFO - Samples generated: ./experiments/sketch_32x32_50classes_20250829_180534/samples/samples_epoch_5440_classes_0-15.png
2025-08-29 19:07:43,230 - INFO - Epoch 5450, Loss: 127.176498
2025-08-29 19:07:43,821 - INFO - Checkpoint saved: ./experiments/sketch_32x32_50classes_20250829_180534/ckps/checkpoint_epoch_5450.pth
2025-08-29 19:07:48,116 - INFO - Samples generated: ./experiments/sketch_32x32_50classes_20250829_180534/samples/samples_epoch_5450_classes_0-15.png
2025-08-29 19:07:49,905 - INFO - Epoch 5460, Loss: 134.118042
2025-08-29 19:07:54,371 - INFO - Samples generated: ./experiments/sketch_32x32_50classes_20250829_180534/samples/samples_epoch_5460_classes_0-15.png
2025-08-29 19:07:56,208 - INFO - Epoch 5470, Loss: 109.561226
2025-08-29 19:08:00,484 - INFO - Samples generated: ./experiments/sketch_32x32_50classes_20250829_180534/samples/samples_epoch_5470_classes_0-15.png
2025-08-29 19:08:02,265 - INFO - Epoch 5480, Loss: 124.806137
2025-08-29 19:08:06,538 - INFO - Samples generated: ./experiments/sketch_32x32_50classes_20250829_180534/samples/samples_epoch_5480_classes_0-15.png
2025-08-29 19:08:08,369 - INFO - Epoch 5490, Loss: 118.279816
2025-08-29 19:08:12,833 - INFO - Samples generated: ./experiments/sketch_32x32_50classes_20250829_180534/samples/samples_epoch_5490_classes_0-15.png
2025-08-29 19:08:14,672 - INFO - Epoch 5500, Loss: 132.735886
2025-08-29 19:08:15,247 - INFO - Checkpoint saved: ./experiments/sketch_32x32_50classes_20250829_180534/ckps/checkpoint_epoch_5500.pth
2025-08-29 19:08:19,520 - INFO - Samples generated: ./experiments/sketch_32x32_50classes_20250829_180534/samples/samples_epoch_5500_classes_0-15.png
2025-08-29 19:08:21,219 - INFO - Epoch 5510, Loss: 108.867401
2025-08-29 19:08:25,689 - INFO - Samples generated: ./experiments/sketch_32x32_50classes_20250829_180534/samples/samples_epoch_5510_classes_0-15.png
2025-08-29 19:08:27,472 - INFO - Epoch 5520, Loss: 113.565880
2025-08-29 19:08:31,722 - INFO - Samples generated: ./experiments/sketch_32x32_50classes_20250829_180534/samples/samples_epoch_5520_classes_0-15.png
2025-08-29 19:08:33,570 - INFO - Epoch 5530, Loss: 134.733673
2025-08-29 19:08:38,027 - INFO - Samples generated: ./experiments/sketch_32x32_50classes_20250829_180534/samples/samples_epoch_5530_classes_0-15.png
2025-08-29 19:08:39,882 - INFO - Epoch 5540, Loss: 120.588699
2025-08-29 19:08:44,157 - INFO - Samples generated: ./experiments/sketch_32x32_50classes_20250829_180534/samples/samples_epoch_5540_classes_0-15.png
2025-08-29 19:08:45,907 - INFO - Epoch 5550, Loss: 154.806366
2025-08-29 19:08:46,491 - INFO - Checkpoint saved: ./experiments/sketch_32x32_50classes_20250829_180534/ckps/checkpoint_epoch_5550.pth
2025-08-29 19:08:50,925 - INFO - Samples generated: ./experiments/sketch_32x32_50classes_20250829_180534/samples/samples_epoch_5550_classes_0-15.png
2025-08-29 19:08:52,699 - INFO - Epoch 5560, Loss: 130.915863
2025-08-29 19:08:56,998 - INFO - Samples generated: ./experiments/sketch_32x32_50classes_20250829_180534/samples/samples_epoch_5560_classes_0-15.png
2025-08-29 19:08:58,869 - INFO - Epoch 5570, Loss: 140.518402
2025-08-29 19:09:03,299 - INFO - Samples generated: ./experiments/sketch_32x32_50classes_20250829_180534/samples/samples_epoch_5570_classes_0-15.png
2025-08-29 19:09:05,135 - INFO - Epoch 5580, Loss: 125.987251
2025-08-29 19:09:09,420 - INFO - Samples generated: ./experiments/sketch_32x32_50classes_20250829_180534/samples/samples_epoch_5580_classes_0-15.png
2025-08-29 19:09:11,233 - INFO - Epoch 5590, Loss: 101.636536
2025-08-29 19:09:15,611 - INFO - Samples generated: ./experiments/sketch_32x32_50classes_20250829_180534/samples/samples_epoch_5590_classes_0-15.png
2025-08-29 19:09:17,491 - INFO - Epoch 5600, Loss: 115.871262
2025-08-29 19:09:18,258 - INFO - Checkpoint saved: ./experiments/sketch_32x32_50classes_20250829_180534/ckps/checkpoint_epoch_5600.pth
2025-08-29 19:09:22,559 - INFO - Samples generated: ./experiments/sketch_32x32_50classes_20250829_180534/samples/samples_epoch_5600_classes_0-15.png
2025-08-29 19:09:24,311 - INFO - Epoch 5610, Loss: 145.052734
2025-08-29 19:09:28,593 - INFO - Samples generated: ./experiments/sketch_32x32_50classes_20250829_180534/samples/samples_epoch_5610_classes_0-15.png
2025-08-29 19:09:30,572 - INFO - Epoch 5620, Loss: 137.690948
2025-08-29 19:09:34,839 - INFO - Samples generated: ./experiments/sketch_32x32_50classes_20250829_180534/samples/samples_epoch_5620_classes_0-15.png
2025-08-29 19:09:36,165 - INFO - Epoch 5630, Loss: 97.368050
2025-08-29 19:09:40,481 - INFO - Samples generated: ./experiments/sketch_32x32_50classes_20250829_180534/samples/samples_epoch_5630_classes_0-15.png
2025-08-29 19:09:42,246 - INFO - Epoch 5640, Loss: 104.050781
2025-08-29 19:09:46,722 - INFO - Samples generated: ./experiments/sketch_32x32_50classes_20250829_180534/samples/samples_epoch_5640_classes_0-15.png
2025-08-29 19:09:48,434 - INFO - Epoch 5650, Loss: 145.231476
2025-08-29 19:09:49,031 - INFO - Checkpoint saved: ./experiments/sketch_32x32_50classes_20250829_180534/ckps/checkpoint_epoch_5650.pth
2025-08-29 19:09:53,388 - INFO - Samples generated: ./experiments/sketch_32x32_50classes_20250829_180534/samples/samples_epoch_5650_classes_0-15.png
2025-08-29 19:09:55,228 - INFO - Epoch 5660, Loss: 117.302910
2025-08-29 19:09:59,687 - INFO - Samples generated: ./experiments/sketch_32x32_50classes_20250829_180534/samples/samples_epoch_5660_classes_0-15.png
2025-08-29 19:10:01,450 - INFO - Epoch 5670, Loss: 127.948608
2025-08-29 19:10:05,733 - INFO - Samples generated: ./experiments/sketch_32x32_50classes_20250829_180534/samples/samples_epoch_5670_classes_0-15.png
2025-08-29 19:10:07,493 - INFO - Epoch 5680, Loss: 121.229256
2025-08-29 19:10:11,924 - INFO - Samples generated: ./experiments/sketch_32x32_50classes_20250829_180534/samples/samples_epoch_5680_classes_0-15.png
2025-08-29 19:10:13,696 - INFO - Epoch 5690, Loss: 134.314865
2025-08-29 19:10:18,000 - INFO - Samples generated: ./experiments/sketch_32x32_50classes_20250829_180534/samples/samples_epoch_5690_classes_0-15.png
2025-08-29 19:10:19,894 - INFO - Epoch 5700, Loss: 125.277596
2025-08-29 19:10:20,510 - INFO - Checkpoint saved: ./experiments/sketch_32x32_50classes_20250829_180534/ckps/checkpoint_epoch_5700.pth
2025-08-29 19:10:24,932 - INFO - Samples generated: ./experiments/sketch_32x32_50classes_20250829_180534/samples/samples_epoch_5700_classes_0-15.png
2025-08-29 19:10:26,738 - INFO - Epoch 5710, Loss: 144.760254
2025-08-29 19:10:31,036 - INFO - Samples generated: ./experiments/sketch_32x32_50classes_20250829_180534/samples/samples_epoch_5710_classes_0-15.png
2025-08-29 19:10:32,840 - INFO - Epoch 5720, Loss: 127.125320
2025-08-29 19:10:37,286 - INFO - Samples generated: ./experiments/sketch_32x32_50classes_20250829_180534/samples/samples_epoch_5720_classes_0-15.png
2025-08-29 19:10:39,166 - INFO - Epoch 5730, Loss: 103.775406
2025-08-29 19:10:43,451 - INFO - Samples generated: ./experiments/sketch_32x32_50classes_20250829_180534/samples/samples_epoch_5730_classes_0-15.png
2025-08-29 19:10:45,236 - INFO - Epoch 5740, Loss: 107.077103
2025-08-29 19:10:49,563 - INFO - Samples generated: ./experiments/sketch_32x32_50classes_20250829_180534/samples/samples_epoch_5740_classes_0-15.png
2025-08-29 19:10:51,351 - INFO - Epoch 5750, Loss: 129.425156
2025-08-29 19:10:52,096 - INFO - Checkpoint saved: ./experiments/sketch_32x32_50classes_20250829_180534/ckps/checkpoint_epoch_5750.pth
2025-08-29 19:10:56,364 - INFO - Samples generated: ./experiments/sketch_32x32_50classes_20250829_180534/samples/samples_epoch_5750_classes_0-15.png
2025-08-29 19:10:57,884 - INFO - Epoch 5760, Loss: 118.808235
2025-08-29 19:11:02,163 - INFO - Samples generated: ./experiments/sketch_32x32_50classes_20250829_180534/samples/samples_epoch_5760_classes_0-15.png
2025-08-29 19:11:04,066 - INFO - Epoch 5770, Loss: 121.201797
2025-08-29 19:11:08,317 - INFO - Samples generated: ./experiments/sketch_32x32_50classes_20250829_180534/samples/samples_epoch_5770_classes_0-15.png
2025-08-29 19:11:10,081 - INFO - Epoch 5780, Loss: 132.031998
2025-08-29 19:11:14,340 - INFO - Samples generated: ./experiments/sketch_32x32_50classes_20250829_180534/samples/samples_epoch_5780_classes_0-15.png
2025-08-29 19:11:16,201 - INFO - Epoch 5790, Loss: 120.162689
2025-08-29 19:11:20,628 - INFO - Samples generated: ./experiments/sketch_32x32_50classes_20250829_180534/samples/samples_epoch_5790_classes_0-15.png
2025-08-29 19:11:22,424 - INFO - Epoch 5800, Loss: 88.277573
2025-08-29 19:11:23,020 - INFO - Checkpoint saved: ./experiments/sketch_32x32_50classes_20250829_180534/ckps/checkpoint_epoch_5800.pth
2025-08-29 19:11:26,424 - INFO - New best model saved (loss: 88.277573)
2025-08-29 19:11:30,725 - INFO - Samples generated: ./experiments/sketch_32x32_50classes_20250829_180534/samples/samples_epoch_5800_classes_0-15.png
2025-08-29 19:11:32,585 - INFO - Epoch 5810, Loss: 145.295364
2025-08-29 19:11:37,066 - INFO - Samples generated: ./experiments/sketch_32x32_50classes_20250829_180534/samples/samples_epoch_5810_classes_0-15.png
2025-08-29 19:11:38,846 - INFO - Epoch 5820, Loss: 136.610535
2025-08-29 19:11:43,141 - INFO - Samples generated: ./experiments/sketch_32x32_50classes_20250829_180534/samples/samples_epoch_5820_classes_0-15.png
2025-08-29 19:11:44,923 - INFO - Epoch 5830, Loss: 123.350014
2025-08-29 19:11:49,361 - INFO - Samples generated: ./experiments/sketch_32x32_50classes_20250829_180534/samples/samples_epoch_5830_classes_0-15.png
2025-08-29 19:11:51,172 - INFO - Epoch 5840, Loss: 110.999298
2025-08-29 19:11:55,473 - INFO - Samples generated: ./experiments/sketch_32x32_50classes_20250829_180534/samples/samples_epoch_5840_classes_0-15.png
2025-08-29 19:11:57,077 - INFO - Epoch 5850, Loss: 123.010841
2025-08-29 19:11:57,679 - INFO - Checkpoint saved: ./experiments/sketch_32x32_50classes_20250829_180534/ckps/checkpoint_epoch_5850.pth
2025-08-29 19:12:02,136 - INFO - Samples generated: ./experiments/sketch_32x32_50classes_20250829_180534/samples/samples_epoch_5850_classes_0-15.png
2025-08-29 19:12:03,976 - INFO - Epoch 5860, Loss: 119.240395
2025-08-29 19:12:08,332 - INFO - Samples generated: ./experiments/sketch_32x32_50classes_20250829_180534/samples/samples_epoch_5860_classes_0-15.png
2025-08-29 19:12:10,229 - INFO - Epoch 5870, Loss: 103.332550
2025-08-29 19:12:14,664 - INFO - Samples generated: ./experiments/sketch_32x32_50classes_20250829_180534/samples/samples_epoch_5870_classes_0-15.png
2025-08-29 19:12:16,276 - INFO - Epoch 5880, Loss: 121.108429
2025-08-29 19:12:20,525 - INFO - Samples generated: ./experiments/sketch_32x32_50classes_20250829_180534/samples/samples_epoch_5880_classes_0-15.png
2025-08-29 19:12:22,330 - INFO - Epoch 5890, Loss: 137.621521
2025-08-29 19:12:26,562 - INFO - Samples generated: ./experiments/sketch_32x32_50classes_20250829_180534/samples/samples_epoch_5890_classes_0-15.png
2025-08-29 19:12:28,459 - INFO - Epoch 5900, Loss: 101.879440
2025-08-29 19:12:29,037 - INFO - Checkpoint saved: ./experiments/sketch_32x32_50classes_20250829_180534/ckps/checkpoint_epoch_5900.pth
2025-08-29 19:12:33,286 - INFO - Samples generated: ./experiments/sketch_32x32_50classes_20250829_180534/samples/samples_epoch_5900_classes_0-15.png
2025-08-29 19:12:35,019 - INFO - Epoch 5910, Loss: 129.405655
2025-08-29 19:12:39,440 - INFO - Samples generated: ./experiments/sketch_32x32_50classes_20250829_180534/samples/samples_epoch_5910_classes_0-15.png
2025-08-29 19:12:41,223 - INFO - Epoch 5920, Loss: 99.878113
2025-08-29 19:12:45,508 - INFO - Samples generated: ./experiments/sketch_32x32_50classes_20250829_180534/samples/samples_epoch_5920_classes_0-15.png
2025-08-29 19:12:47,283 - INFO - Epoch 5930, Loss: 135.851364
2025-08-29 19:12:51,565 - INFO - Samples generated: ./experiments/sketch_32x32_50classes_20250829_180534/samples/samples_epoch_5930_classes_0-15.png
2025-08-29 19:12:53,458 - INFO - Epoch 5940, Loss: 132.746338
2025-08-29 19:12:57,933 - INFO - Samples generated: ./experiments/sketch_32x32_50classes_20250829_180534/samples/samples_epoch_5940_classes_0-15.png
2025-08-29 19:12:59,631 - INFO - Epoch 5950, Loss: 116.554031
2025-08-29 19:13:00,235 - INFO - Checkpoint saved: ./experiments/sketch_32x32_50classes_20250829_180534/ckps/checkpoint_epoch_5950.pth
2025-08-29 19:13:04,494 - INFO - Samples generated: ./experiments/sketch_32x32_50classes_20250829_180534/samples/samples_epoch_5950_classes_0-15.png
2025-08-29 19:13:06,272 - INFO - Epoch 5960, Loss: 122.081253
2025-08-29 19:13:10,704 - INFO - Samples generated: ./experiments/sketch_32x32_50classes_20250829_180534/samples/samples_epoch_5960_classes_0-15.png
2025-08-29 19:13:12,541 - INFO - Epoch 5970, Loss: 107.138855
2025-08-29 19:13:16,845 - INFO - Samples generated: ./experiments/sketch_32x32_50classes_20250829_180534/samples/samples_epoch_5970_classes_0-15.png
2025-08-29 19:13:18,358 - INFO - Epoch 5980, Loss: 122.415543
2025-08-29 19:13:22,793 - INFO - Samples generated: ./experiments/sketch_32x32_50classes_20250829_180534/samples/samples_epoch_5980_classes_0-15.png
2025-08-29 19:13:24,740 - INFO - Epoch 5990, Loss: 153.895538
2025-08-29 19:13:29,040 - INFO - Samples generated: ./experiments/sketch_32x32_50classes_20250829_180534/samples/samples_epoch_5990_classes_0-15.png
2025-08-29 19:13:30,865 - INFO - Epoch 6000, Loss: 146.995239
2025-08-29 19:13:31,454 - INFO - Checkpoint saved: ./experiments/sketch_32x32_50classes_20250829_180534/ckps/checkpoint_epoch_6000.pth
2025-08-29 19:13:35,914 - INFO - Samples generated: ./experiments/sketch_32x32_50classes_20250829_180534/samples/samples_epoch_6000_classes_0-15.png
2025-08-29 19:13:37,688 - INFO - Epoch 6010, Loss: 107.590149
2025-08-29 19:13:41,931 - INFO - Samples generated: ./experiments/sketch_32x32_50classes_20250829_180534/samples/samples_epoch_6010_classes_0-15.png
2025-08-29 19:13:43,673 - INFO - Epoch 6020, Loss: 145.878006
2025-08-29 19:13:48,114 - INFO - Samples generated: ./experiments/sketch_32x32_50classes_20250829_180534/samples/samples_epoch_6020_classes_0-15.png
2025-08-29 19:13:49,753 - INFO - Epoch 6030, Loss: 100.271782
2025-08-29 19:13:54,041 - INFO - Samples generated: ./experiments/sketch_32x32_50classes_20250829_180534/samples/samples_epoch_6030_classes_0-15.png
2025-08-29 19:13:55,841 - INFO - Epoch 6040, Loss: 111.961105
2025-08-29 19:14:00,142 - INFO - Samples generated: ./experiments/sketch_32x32_50classes_20250829_180534/samples/samples_epoch_6040_classes_0-15.png
2025-08-29 19:14:01,963 - INFO - Epoch 6050, Loss: 124.876678
2025-08-29 19:14:02,708 - INFO - Checkpoint saved: ./experiments/sketch_32x32_50classes_20250829_180534/ckps/checkpoint_epoch_6050.pth
2025-08-29 19:14:06,942 - INFO - Samples generated: ./experiments/sketch_32x32_50classes_20250829_180534/samples/samples_epoch_6050_classes_0-15.png
2025-08-29 19:14:08,698 - INFO - Epoch 6060, Loss: 88.593300
2025-08-29 19:14:12,991 - INFO - Samples generated: ./experiments/sketch_32x32_50classes_20250829_180534/samples/samples_epoch_6060_classes_0-15.png
2025-08-29 19:14:14,927 - INFO - Epoch 6070, Loss: 123.036407
2025-08-29 19:14:19,192 - INFO - Samples generated: ./experiments/sketch_32x32_50classes_20250829_180534/samples/samples_epoch_6070_classes_0-15.png
2025-08-29 19:14:20,511 - INFO - Epoch 6080, Loss: 111.774307
2025-08-29 19:14:24,770 - INFO - Samples generated: ./experiments/sketch_32x32_50classes_20250829_180534/samples/samples_epoch_6080_classes_0-15.png
2025-08-29 19:14:26,513 - INFO - Epoch 6090, Loss: 131.203247
2025-08-29 19:14:30,985 - INFO - Samples generated: ./experiments/sketch_32x32_50classes_20250829_180534/samples/samples_epoch_6090_classes_0-15.png
2025-08-29 19:14:32,655 - INFO - Epoch 6100, Loss: 148.352493
2025-08-29 19:14:33,268 - INFO - Checkpoint saved: ./experiments/sketch_32x32_50classes_20250829_180534/ckps/checkpoint_epoch_6100.pth
2025-08-29 19:14:37,559 - INFO - Samples generated: ./experiments/sketch_32x32_50classes_20250829_180534/samples/samples_epoch_6100_classes_0-15.png
2025-08-29 19:14:39,625 - INFO - Epoch 6110, Loss: 98.858162
2025-08-29 19:14:44,065 - INFO - Samples generated: ./experiments/sketch_32x32_50classes_20250829_180534/samples/samples_epoch_6110_classes_0-15.png
2025-08-29 19:14:45,781 - INFO - Epoch 6120, Loss: 148.389206
2025-08-29 19:14:50,072 - INFO - Samples generated: ./experiments/sketch_32x32_50classes_20250829_180534/samples/samples_epoch_6120_classes_0-15.png
2025-08-29 19:14:51,823 - INFO - Epoch 6130, Loss: 122.401863
2025-08-29 19:14:56,300 - INFO - Samples generated: ./experiments/sketch_32x32_50classes_20250829_180534/samples/samples_epoch_6130_classes_0-15.png
2025-08-29 19:14:57,951 - INFO - Epoch 6140, Loss: 154.356659
2025-08-29 19:15:02,219 - INFO - Samples generated: ./experiments/sketch_32x32_50classes_20250829_180534/samples/samples_epoch_6140_classes_0-15.png
2025-08-29 19:15:04,019 - INFO - Epoch 6150, Loss: 120.958519
2025-08-29 19:15:04,609 - INFO - Checkpoint saved: ./experiments/sketch_32x32_50classes_20250829_180534/ckps/checkpoint_epoch_6150.pth
2025-08-29 19:15:09,036 - INFO - Samples generated: ./experiments/sketch_32x32_50classes_20250829_180534/samples/samples_epoch_6150_classes_0-15.png
2025-08-29 19:15:10,849 - INFO - Epoch 6160, Loss: 129.897888
2025-08-29 19:15:15,121 - INFO - Samples generated: ./experiments/sketch_32x32_50classes_20250829_180534/samples/samples_epoch_6160_classes_0-15.png
2025-08-29 19:15:16,968 - INFO - Epoch 6170, Loss: 100.983429
2025-08-29 19:15:21,450 - INFO - Samples generated: ./experiments/sketch_32x32_50classes_20250829_180534/samples/samples_epoch_6170_classes_0-15.png
2025-08-29 19:15:23,268 - INFO - Epoch 6180, Loss: 100.568344
2025-08-29 19:15:27,508 - INFO - Samples generated: ./experiments/sketch_32x32_50classes_20250829_180534/samples/samples_epoch_6180_classes_0-15.png
2025-08-29 19:15:29,360 - INFO - Epoch 6190, Loss: 118.637451
2025-08-29 19:15:33,786 - INFO - Samples generated: ./experiments/sketch_32x32_50classes_20250829_180534/samples/samples_epoch_6190_classes_0-15.png
2025-08-29 19:15:35,537 - INFO - Epoch 6200, Loss: 129.081512
2025-08-29 19:15:36,105 - INFO - Checkpoint saved: ./experiments/sketch_32x32_50classes_20250829_180534/ckps/checkpoint_epoch_6200.pth
2025-08-29 19:15:40,371 - INFO - Samples generated: ./experiments/sketch_32x32_50classes_20250829_180534/samples/samples_epoch_6200_classes_0-15.png
2025-08-29 19:15:42,082 - INFO - Epoch 6210, Loss: 109.030510
2025-08-29 19:15:46,480 - INFO - Samples generated: ./experiments/sketch_32x32_50classes_20250829_180534/samples/samples_epoch_6210_classes_0-15.png
2025-08-29 19:15:48,369 - INFO - Epoch 6220, Loss: 141.290359
2025-08-29 19:15:52,668 - INFO - Samples generated: ./experiments/sketch_32x32_50classes_20250829_180534/samples/samples_epoch_6220_classes_0-15.png
2025-08-29 19:15:54,639 - INFO - Epoch 6230, Loss: 141.872742
2025-08-29 19:15:59,082 - INFO - Samples generated: ./experiments/sketch_32x32_50classes_20250829_180534/samples/samples_epoch_6230_classes_0-15.png
2025-08-29 19:16:00,801 - INFO - Epoch 6240, Loss: 116.326080
2025-08-29 19:16:05,089 - INFO - Samples generated: ./experiments/sketch_32x32_50classes_20250829_180534/samples/samples_epoch_6240_classes_0-15.png
2025-08-29 19:16:06,862 - INFO - Epoch 6250, Loss: 139.938004
2025-08-29 19:16:07,448 - INFO - Checkpoint saved: ./experiments/sketch_32x32_50classes_20250829_180534/ckps/checkpoint_epoch_6250.pth
2025-08-29 19:16:11,882 - INFO - Samples generated: ./experiments/sketch_32x32_50classes_20250829_180534/samples/samples_epoch_6250_classes_0-15.png
2025-08-29 19:16:13,478 - INFO - Epoch 6260, Loss: 114.260406
2025-08-29 19:16:17,726 - INFO - Samples generated: ./experiments/sketch_32x32_50classes_20250829_180534/samples/samples_epoch_6260_classes_0-15.png
2025-08-29 19:16:21,600 - INFO - New best model saved (loss: 86.948730)
2025-08-29 19:16:22,699 - INFO - Epoch 6270, Loss: 149.996475
2025-08-29 19:16:27,115 - INFO - Samples generated: ./experiments/sketch_32x32_50classes_20250829_180534/samples/samples_epoch_6270_classes_0-15.png
2025-08-29 19:16:28,961 - INFO - Epoch 6280, Loss: 116.789650
2025-08-29 19:16:33,261 - INFO - Samples generated: ./experiments/sketch_32x32_50classes_20250829_180534/samples/samples_epoch_6280_classes_0-15.png
2025-08-29 19:16:35,057 - INFO - Epoch 6290, Loss: 142.725174
2025-08-29 19:16:39,341 - INFO - Samples generated: ./experiments/sketch_32x32_50classes_20250829_180534/samples/samples_epoch_6290_classes_0-15.png
2025-08-29 19:16:41,336 - INFO - Epoch 6300, Loss: 132.547150
2025-08-29 19:16:41,913 - INFO - Checkpoint saved: ./experiments/sketch_32x32_50classes_20250829_180534/ckps/checkpoint_epoch_6300.pth
2025-08-29 19:16:46,157 - INFO - Samples generated: ./experiments/sketch_32x32_50classes_20250829_180534/samples/samples_epoch_6300_classes_0-15.png
2025-08-29 19:16:47,938 - INFO - Epoch 6310, Loss: 129.128021
2025-08-29 19:16:52,347 - INFO - Samples generated: ./experiments/sketch_32x32_50classes_20250829_180534/samples/samples_epoch_6310_classes_0-15.png
2025-08-29 19:16:54,129 - INFO - Epoch 6320, Loss: 107.963623
2025-08-29 19:16:58,411 - INFO - Samples generated: ./experiments/sketch_32x32_50classes_20250829_180534/samples/samples_epoch_6320_classes_0-15.png
2025-08-29 19:17:00,282 - INFO - Epoch 6330, Loss: 134.471832
2025-08-29 19:17:04,569 - INFO - Samples generated: ./experiments/sketch_32x32_50classes_20250829_180534/samples/samples_epoch_6330_classes_0-15.png
2025-08-29 19:17:06,401 - INFO - Epoch 6340, Loss: 110.768356
2025-08-29 19:17:10,866 - INFO - Samples generated: ./experiments/sketch_32x32_50classes_20250829_180534/samples/samples_epoch_6340_classes_0-15.png
2025-08-29 19:17:12,342 - INFO - Epoch 6350, Loss: 126.802368
2025-08-29 19:17:12,965 - INFO - Checkpoint saved: ./experiments/sketch_32x32_50classes_20250829_180534/ckps/checkpoint_epoch_6350.pth
2025-08-29 19:17:17,258 - INFO - Samples generated: ./experiments/sketch_32x32_50classes_20250829_180534/samples/samples_epoch_6350_classes_0-15.png
2025-08-29 19:17:19,103 - INFO - Epoch 6360, Loss: 118.788902
2025-08-29 19:17:23,509 - INFO - Samples generated: ./experiments/sketch_32x32_50classes_20250829_180534/samples/samples_epoch_6360_classes_0-15.png
2025-08-29 19:17:25,397 - INFO - Epoch 6370, Loss: 105.176430
2025-08-29 19:17:29,682 - INFO - Samples generated: ./experiments/sketch_32x32_50classes_20250829_180534/samples/samples_epoch_6370_classes_0-15.png
2025-08-29 19:17:31,510 - INFO - Epoch 6380, Loss: 98.036697
2025-08-29 19:17:35,919 - INFO - Samples generated: ./experiments/sketch_32x32_50classes_20250829_180534/samples/samples_epoch_6380_classes_0-15.png
2025-08-29 19:17:37,575 - INFO - Epoch 6390, Loss: 108.708511
2025-08-29 19:17:41,850 - INFO - Samples generated: ./experiments/sketch_32x32_50classes_20250829_180534/samples/samples_epoch_6390_classes_0-15.png
2025-08-29 19:17:43,671 - INFO - Epoch 6400, Loss: 106.196365
2025-08-29 19:17:44,231 - INFO - Checkpoint saved: ./experiments/sketch_32x32_50classes_20250829_180534/ckps/checkpoint_epoch_6400.pth
2025-08-29 19:17:48,631 - INFO - Samples generated: ./experiments/sketch_32x32_50classes_20250829_180534/samples/samples_epoch_6400_classes_0-15.png
2025-08-29 19:17:50,387 - INFO - Epoch 6410, Loss: 109.293205
2025-08-29 19:17:54,659 - INFO - Samples generated: ./experiments/sketch_32x32_50classes_20250829_180534/samples/samples_epoch_6410_classes_0-15.png
2025-08-29 19:17:56,207 - INFO - Epoch 6420, Loss: 103.599121
2025-08-29 19:18:00,657 - INFO - Samples generated: ./experiments/sketch_32x32_50classes_20250829_180534/samples/samples_epoch_6420_classes_0-15.png
2025-08-29 19:18:02,400 - INFO - Epoch 6430, Loss: 117.950974
2025-08-29 19:18:06,742 - INFO - Samples generated: ./experiments/sketch_32x32_50classes_20250829_180534/samples/samples_epoch_6430_classes_0-15.png
2025-08-29 19:18:08,548 - INFO - Epoch 6440, Loss: 126.835449
2025-08-29 19:18:12,788 - INFO - Samples generated: ./experiments/sketch_32x32_50classes_20250829_180534/samples/samples_epoch_6440_classes_0-15.png
2025-08-29 19:18:14,535 - INFO - Epoch 6450, Loss: 94.331604
2025-08-29 19:18:15,290 - INFO - Checkpoint saved: ./experiments/sketch_32x32_50classes_20250829_180534/ckps/checkpoint_epoch_6450.pth
2025-08-29 19:18:19,551 - INFO - Samples generated: ./experiments/sketch_32x32_50classes_20250829_180534/samples/samples_epoch_6450_classes_0-15.png
2025-08-29 19:18:21,378 - INFO - Epoch 6460, Loss: 138.777863
2025-08-29 19:18:25,619 - INFO - Samples generated: ./experiments/sketch_32x32_50classes_20250829_180534/samples/samples_epoch_6460_classes_0-15.png
2025-08-29 19:18:27,328 - INFO - Epoch 6470, Loss: 129.936417
2025-08-29 19:18:31,785 - INFO - Samples generated: ./experiments/sketch_32x32_50classes_20250829_180534/samples/samples_epoch_6470_classes_0-15.png
2025-08-29 19:18:33,594 - INFO - Epoch 6480, Loss: 123.392059
2025-08-29 19:18:37,903 - INFO - Samples generated: ./experiments/sketch_32x32_50classes_20250829_180534/samples/samples_epoch_6480_classes_0-15.png
2025-08-29 19:18:39,677 - INFO - Epoch 6490, Loss: 112.458351
2025-08-29 19:18:44,116 - INFO - Samples generated: ./experiments/sketch_32x32_50classes_20250829_180534/samples/samples_epoch_6490_classes_0-15.png
2025-08-29 19:18:45,994 - INFO - Epoch 6500, Loss: 126.358566
2025-08-29 19:18:46,642 - INFO - Checkpoint saved: ./experiments/sketch_32x32_50classes_20250829_180534/ckps/checkpoint_epoch_6500.pth
2025-08-29 19:18:50,958 - INFO - Samples generated: ./experiments/sketch_32x32_50classes_20250829_180534/samples/samples_epoch_6500_classes_0-15.png
2025-08-29 19:18:52,572 - INFO - Epoch 6510, Loss: 135.211151
2025-08-29 19:18:56,988 - INFO - Samples generated: ./experiments/sketch_32x32_50classes_20250829_180534/samples/samples_epoch_6510_classes_0-15.png
2025-08-29 19:18:58,621 - INFO - Epoch 6520, Loss: 138.764313
2025-08-29 19:19:02,892 - INFO - Samples generated: ./experiments/sketch_32x32_50classes_20250829_180534/samples/samples_epoch_6520_classes_0-15.png
2025-08-29 19:19:04,606 - INFO - Epoch 6530, Loss: 131.844025
2025-08-29 19:19:08,884 - INFO - Samples generated: ./experiments/sketch_32x32_50classes_20250829_180534/samples/samples_epoch_6530_classes_0-15.png
2025-08-29 19:19:10,835 - INFO - Epoch 6540, Loss: 133.063812
2025-08-29 19:19:15,107 - INFO - Samples generated: ./experiments/sketch_32x32_50classes_20250829_180534/samples/samples_epoch_6540_classes_0-15.png
2025-08-29 19:19:16,869 - INFO - Epoch 6550, Loss: 139.482620
2025-08-29 19:19:17,505 - INFO - Checkpoint saved: ./experiments/sketch_32x32_50classes_20250829_180534/ckps/checkpoint_epoch_6550.pth
2025-08-29 19:19:21,932 - INFO - Samples generated: ./experiments/sketch_32x32_50classes_20250829_180534/samples/samples_epoch_6550_classes_0-15.png
2025-08-29 19:19:23,869 - INFO - Epoch 6560, Loss: 122.970528
2025-08-29 19:19:28,217 - INFO - Samples generated: ./experiments/sketch_32x32_50classes_20250829_180534/samples/samples_epoch_6560_classes_0-15.png
2025-08-29 19:19:30,046 - INFO - Epoch 6570, Loss: 104.270599
2025-08-29 19:19:34,314 - INFO - Samples generated: ./experiments/sketch_32x32_50classes_20250829_180534/samples/samples_epoch_6570_classes_0-15.png
2025-08-29 19:19:36,106 - INFO - Epoch 6580, Loss: 124.474030
2025-08-29 19:19:40,562 - INFO - Samples generated: ./experiments/sketch_32x32_50classes_20250829_180534/samples/samples_epoch_6580_classes_0-15.png
2025-08-29 19:19:42,294 - INFO - Epoch 6590, Loss: 100.362747
2025-08-29 19:19:46,591 - INFO - Samples generated: ./experiments/sketch_32x32_50classes_20250829_180534/samples/samples_epoch_6590_classes_0-15.png
2025-08-29 19:19:48,285 - INFO - Epoch 6600, Loss: 118.249069
2025-08-29 19:19:48,851 - INFO - Checkpoint saved: ./experiments/sketch_32x32_50classes_20250829_180534/ckps/checkpoint_epoch_6600.pth
2025-08-29 19:19:53,272 - INFO - Samples generated: ./experiments/sketch_32x32_50classes_20250829_180534/samples/samples_epoch_6600_classes_0-15.png
2025-08-29 19:19:55,041 - INFO - Epoch 6610, Loss: 135.380249
2025-08-29 19:19:59,289 - INFO - Samples generated: ./experiments/sketch_32x32_50classes_20250829_180534/samples/samples_epoch_6610_classes_0-15.png
2025-08-29 19:20:01,155 - INFO - Epoch 6620, Loss: 104.689926
2025-08-29 19:20:05,563 - INFO - Samples generated: ./experiments/sketch_32x32_50classes_20250829_180534/samples/samples_epoch_6620_classes_0-15.png
2025-08-29 19:20:07,367 - INFO - Epoch 6630, Loss: 105.656296
2025-08-29 19:20:11,628 - INFO - Samples generated: ./experiments/sketch_32x32_50classes_20250829_180534/samples/samples_epoch_6630_classes_0-15.png
2025-08-29 19:20:13,456 - INFO - Epoch 6640, Loss: 116.835510
2025-08-29 19:20:18,005 - INFO - Samples generated: ./experiments/sketch_32x32_50classes_20250829_180534/samples/samples_epoch_6640_classes_0-15.png
2025-08-29 19:20:19,902 - INFO - Epoch 6650, Loss: 111.688255
2025-08-29 19:20:20,466 - INFO - Checkpoint saved: ./experiments/sketch_32x32_50classes_20250829_180534/ckps/checkpoint_epoch_6650.pth
2025-08-29 19:20:24,714 - INFO - Samples generated: ./experiments/sketch_32x32_50classes_20250829_180534/samples/samples_epoch_6650_classes_0-15.png
2025-08-29 19:20:26,548 - INFO - Epoch 6660, Loss: 117.755310
2025-08-29 19:20:31,003 - INFO - Samples generated: ./experiments/sketch_32x32_50classes_20250829_180534/samples/samples_epoch_6660_classes_0-15.png
2025-08-29 19:20:32,857 - INFO - Epoch 6670, Loss: 107.364799
2025-08-29 19:20:37,152 - INFO - Samples generated: ./experiments/sketch_32x32_50classes_20250829_180534/samples/samples_epoch_6670_classes_0-15.png
2025-08-29 19:20:38,891 - INFO - Epoch 6680, Loss: 135.148712
2025-08-29 19:20:43,149 - INFO - Samples generated: ./experiments/sketch_32x32_50classes_20250829_180534/samples/samples_epoch_6680_classes_0-15.png
2025-08-29 19:20:44,941 - INFO - Epoch 6690, Loss: 137.762573
2025-08-29 19:20:49,409 - INFO - Samples generated: ./experiments/sketch_32x32_50classes_20250829_180534/samples/samples_epoch_6690_classes_0-15.png
2025-08-29 19:20:51,250 - INFO - Epoch 6700, Loss: 97.635941
2025-08-29 19:20:51,860 - INFO - Checkpoint saved: ./experiments/sketch_32x32_50classes_20250829_180534/ckps/checkpoint_epoch_6700.pth
2025-08-29 19:20:56,140 - INFO - Samples generated: ./experiments/sketch_32x32_50classes_20250829_180534/samples/samples_epoch_6700_classes_0-15.png
2025-08-29 19:20:57,743 - INFO - Epoch 6710, Loss: 121.639183
2025-08-29 19:21:02,175 - INFO - Samples generated: ./experiments/sketch_32x32_50classes_20250829_180534/samples/samples_epoch_6710_classes_0-15.png
2025-08-29 19:21:03,535 - INFO - Epoch 6720, Loss: 108.630295
2025-08-29 19:21:07,791 - INFO - Samples generated: ./experiments/sketch_32x32_50classes_20250829_180534/samples/samples_epoch_6720_classes_0-15.png
2025-08-29 19:21:09,629 - INFO - Epoch 6730, Loss: 108.117722
2025-08-29 19:21:14,066 - INFO - Samples generated: ./experiments/sketch_32x32_50classes_20250829_180534/samples/samples_epoch_6730_classes_0-15.png
2025-08-29 19:21:15,834 - INFO - Epoch 6740, Loss: 142.169922
2025-08-29 19:21:20,140 - INFO - Samples generated: ./experiments/sketch_32x32_50classes_20250829_180534/samples/samples_epoch_6740_classes_0-15.png
2025-08-29 19:21:21,413 - INFO - Epoch 6750, Loss: 120.647163
2025-08-29 19:21:22,005 - INFO - Checkpoint saved: ./experiments/sketch_32x32_50classes_20250829_180534/ckps/checkpoint_epoch_6750.pth
2025-08-29 19:21:26,432 - INFO - Samples generated: ./experiments/sketch_32x32_50classes_20250829_180534/samples/samples_epoch_6750_classes_0-15.png
2025-08-29 19:21:28,048 - INFO - Epoch 6760, Loss: 154.759796
2025-08-29 19:21:32,350 - INFO - Samples generated: ./experiments/sketch_32x32_50classes_20250829_180534/samples/samples_epoch_6760_classes_0-15.png
2025-08-29 19:21:34,136 - INFO - Epoch 6770, Loss: 128.366364
2025-08-29 19:21:38,642 - INFO - Samples generated: ./experiments/sketch_32x32_50classes_20250829_180534/samples/samples_epoch_6770_classes_0-15.png
2025-08-29 19:21:40,463 - INFO - Epoch 6780, Loss: 132.851257
2025-08-29 19:21:44,725 - INFO - Samples generated: ./experiments/sketch_32x32_50classes_20250829_180534/samples/samples_epoch_6780_classes_0-15.png
2025-08-29 19:21:46,448 - INFO - Epoch 6790, Loss: 150.418488
2025-08-29 19:21:50,898 - INFO - Samples generated: ./experiments/sketch_32x32_50classes_20250829_180534/samples/samples_epoch_6790_classes_0-15.png
2025-08-29 19:21:52,752 - INFO - Epoch 6800, Loss: 134.522842
2025-08-29 19:21:53,323 - INFO - Checkpoint saved: ./experiments/sketch_32x32_50classes_20250829_180534/ckps/checkpoint_epoch_6800.pth
2025-08-29 19:21:57,593 - INFO - Samples generated: ./experiments/sketch_32x32_50classes_20250829_180534/samples/samples_epoch_6800_classes_0-15.png
2025-08-29 19:21:59,426 - INFO - Epoch 6810, Loss: 128.581665
2025-08-29 19:22:03,684 - INFO - Samples generated: ./experiments/sketch_32x32_50classes_20250829_180534/samples/samples_epoch_6810_classes_0-15.png
2025-08-29 19:22:05,553 - INFO - Epoch 6820, Loss: 150.243958
2025-08-29 19:22:09,987 - INFO - Samples generated: ./experiments/sketch_32x32_50classes_20250829_180534/samples/samples_epoch_6820_classes_0-15.png
2025-08-29 19:22:11,786 - INFO - Epoch 6830, Loss: 134.380157
2025-08-29 19:22:16,080 - INFO - Samples generated: ./experiments/sketch_32x32_50classes_20250829_180534/samples/samples_epoch_6830_classes_0-15.png
2025-08-29 19:22:17,704 - INFO - Epoch 6840, Loss: 131.260864
2025-08-29 19:22:22,184 - INFO - Samples generated: ./experiments/sketch_32x32_50classes_20250829_180534/samples/samples_epoch_6840_classes_0-15.png
2025-08-29 19:22:24,206 - INFO - Epoch 6850, Loss: 114.669456
2025-08-29 19:22:24,811 - INFO - Checkpoint saved: ./experiments/sketch_32x32_50classes_20250829_180534/ckps/checkpoint_epoch_6850.pth
2025-08-29 19:22:29,156 - INFO - Samples generated: ./experiments/sketch_32x32_50classes_20250829_180534/samples/samples_epoch_6850_classes_0-15.png
2025-08-29 19:22:31,043 - INFO - Epoch 6860, Loss: 110.845383
2025-08-29 19:22:35,551 - INFO - Samples generated: ./experiments/sketch_32x32_50classes_20250829_180534/samples/samples_epoch_6860_classes_0-15.png
2025-08-29 19:22:37,369 - INFO - Epoch 6870, Loss: 150.887573
2025-08-29 19:22:41,694 - INFO - Samples generated: ./experiments/sketch_32x32_50classes_20250829_180534/samples/samples_epoch_6870_classes_0-15.png
2025-08-29 19:22:43,526 - INFO - Epoch 6880, Loss: 119.689301
2025-08-29 19:22:47,962 - INFO - Samples generated: ./experiments/sketch_32x32_50classes_20250829_180534/samples/samples_epoch_6880_classes_0-15.png
2025-08-29 19:22:49,843 - INFO - Epoch 6890, Loss: 112.828964
2025-08-29 19:22:54,139 - INFO - Samples generated: ./experiments/sketch_32x32_50classes_20250829_180534/samples/samples_epoch_6890_classes_0-15.png
2025-08-29 19:22:55,849 - INFO - Epoch 6900, Loss: 132.969452
2025-08-29 19:22:56,473 - INFO - Checkpoint saved: ./experiments/sketch_32x32_50classes_20250829_180534/ckps/checkpoint_epoch_6900.pth
2025-08-29 19:23:00,909 - INFO - Samples generated: ./experiments/sketch_32x32_50classes_20250829_180534/samples/samples_epoch_6900_classes_0-15.png
2025-08-29 19:23:02,690 - INFO - Epoch 6910, Loss: 118.813919
2025-08-29 19:23:07,025 - INFO - Samples generated: ./experiments/sketch_32x32_50classes_20250829_180534/samples/samples_epoch_6910_classes_0-15.png
2025-08-29 19:23:08,819 - INFO - Epoch 6920, Loss: 117.748032
2025-08-29 19:23:13,111 - INFO - Samples generated: ./experiments/sketch_32x32_50classes_20250829_180534/samples/samples_epoch_6920_classes_0-15.png
2025-08-29 19:23:14,950 - INFO - Epoch 6930, Loss: 135.777985
2025-08-29 19:23:19,473 - INFO - Samples generated: ./experiments/sketch_32x32_50classes_20250829_180534/samples/samples_epoch_6930_classes_0-15.png
2025-08-29 19:23:20,880 - INFO - Epoch 6940, Loss: 91.723328
2025-08-29 19:23:25,171 - INFO - Samples generated: ./experiments/sketch_32x32_50classes_20250829_180534/samples/samples_epoch_6940_classes_0-15.png
2025-08-29 19:23:26,956 - INFO - Epoch 6950, Loss: 124.299484
2025-08-29 19:23:27,530 - INFO - Checkpoint saved: ./experiments/sketch_32x32_50classes_20250829_180534/ckps/checkpoint_epoch_6950.pth
2025-08-29 19:23:31,926 - INFO - Samples generated: ./experiments/sketch_32x32_50classes_20250829_180534/samples/samples_epoch_6950_classes_0-15.png
2025-08-29 19:23:33,723 - INFO - Epoch 6960, Loss: 133.319305
2025-08-29 19:23:38,131 - INFO - Samples generated: ./experiments/sketch_32x32_50classes_20250829_180534/samples/samples_epoch_6960_classes_0-15.png
2025-08-29 19:23:40,017 - INFO - Epoch 6970, Loss: 125.418930
2025-08-29 19:23:44,497 - INFO - Samples generated: ./experiments/sketch_32x32_50classes_20250829_180534/samples/samples_epoch_6970_classes_0-15.png
2025-08-29 19:23:46,381 - INFO - Epoch 6980, Loss: 113.966736
2025-08-29 19:23:50,729 - INFO - Samples generated: ./experiments/sketch_32x32_50classes_20250829_180534/samples/samples_epoch_6980_classes_0-15.png
2025-08-29 19:23:52,493 - INFO - Epoch 6990, Loss: 109.813690
2025-08-29 19:23:56,908 - INFO - Samples generated: ./experiments/sketch_32x32_50classes_20250829_180534/samples/samples_epoch_6990_classes_0-15.png
2025-08-29 19:23:58,280 - INFO - Epoch 7000, Loss: 111.927399
2025-08-29 19:23:58,843 - INFO - Checkpoint saved: ./experiments/sketch_32x32_50classes_20250829_180534/ckps/checkpoint_epoch_7000.pth
2025-08-29 19:24:03,139 - INFO - Samples generated: ./experiments/sketch_32x32_50classes_20250829_180534/samples/samples_epoch_7000_classes_0-15.png
2025-08-29 19:24:04,954 - INFO - Epoch 7010, Loss: 123.734543
2025-08-29 19:24:09,474 - INFO - Samples generated: ./experiments/sketch_32x32_50classes_20250829_180534/samples/samples_epoch_7010_classes_0-15.png
2025-08-29 19:24:11,209 - INFO - Epoch 7020, Loss: 157.690140
2025-08-29 19:24:15,487 - INFO - Samples generated: ./experiments/sketch_32x32_50classes_20250829_180534/samples/samples_epoch_7020_classes_0-15.png
2025-08-29 19:24:17,341 - INFO - Epoch 7030, Loss: 120.560043
2025-08-29 19:24:21,642 - INFO - Samples generated: ./experiments/sketch_32x32_50classes_20250829_180534/samples/samples_epoch_7030_classes_0-15.png
2025-08-29 19:24:23,476 - INFO - Epoch 7040, Loss: 113.784782
2025-08-29 19:24:27,961 - INFO - Samples generated: ./experiments/sketch_32x32_50classes_20250829_180534/samples/samples_epoch_7040_classes_0-15.png
2025-08-29 19:24:29,733 - INFO - Epoch 7050, Loss: 111.823570
2025-08-29 19:24:30,318 - INFO - Checkpoint saved: ./experiments/sketch_32x32_50classes_20250829_180534/ckps/checkpoint_epoch_7050.pth
2025-08-29 19:24:34,593 - INFO - Samples generated: ./experiments/sketch_32x32_50classes_20250829_180534/samples/samples_epoch_7050_classes_0-15.png
2025-08-29 19:24:36,385 - INFO - Epoch 7060, Loss: 120.397606
2025-08-29 19:24:40,822 - INFO - Samples generated: ./experiments/sketch_32x32_50classes_20250829_180534/samples/samples_epoch_7060_classes_0-15.png
2025-08-29 19:24:42,537 - INFO - Epoch 7070, Loss: 141.320724
2025-08-29 19:24:46,814 - INFO - Samples generated: ./experiments/sketch_32x32_50classes_20250829_180534/samples/samples_epoch_7070_classes_0-15.png
2025-08-29 19:24:48,672 - INFO - Epoch 7080, Loss: 110.547066
2025-08-29 19:24:53,140 - INFO - Samples generated: ./experiments/sketch_32x32_50classes_20250829_180534/samples/samples_epoch_7080_classes_0-15.png
2025-08-29 19:24:54,722 - INFO - Epoch 7090, Loss: 122.044281
2025-08-29 19:24:58,983 - INFO - Samples generated: ./experiments/sketch_32x32_50classes_20250829_180534/samples/samples_epoch_7090_classes_0-15.png
2025-08-29 19:25:00,711 - INFO - Epoch 7100, Loss: 102.437393
2025-08-29 19:25:01,303 - INFO - Checkpoint saved: ./experiments/sketch_32x32_50classes_20250829_180534/ckps/checkpoint_epoch_7100.pth
2025-08-29 19:25:05,783 - INFO - Samples generated: ./experiments/sketch_32x32_50classes_20250829_180534/samples/samples_epoch_7100_classes_0-15.png
2025-08-29 19:25:07,662 - INFO - Epoch 7110, Loss: 131.876480
2025-08-29 19:25:11,964 - INFO - Samples generated: ./experiments/sketch_32x32_50classes_20250829_180534/samples/samples_epoch_7110_classes_0-15.png
2025-08-29 19:25:13,742 - INFO - Epoch 7120, Loss: 114.372299
2025-08-29 19:25:18,150 - INFO - Samples generated: ./experiments/sketch_32x32_50classes_20250829_180534/samples/samples_epoch_7120_classes_0-15.png
2025-08-29 19:25:19,983 - INFO - Epoch 7130, Loss: 136.945465
2025-08-29 19:25:24,259 - INFO - Samples generated: ./experiments/sketch_32x32_50classes_20250829_180534/samples/samples_epoch_7130_classes_0-15.png
2025-08-29 19:25:26,113 - INFO - Epoch 7140, Loss: 123.210419
2025-08-29 19:25:30,574 - INFO - Samples generated: ./experiments/sketch_32x32_50classes_20250829_180534/samples/samples_epoch_7140_classes_0-15.png
2025-08-29 19:25:32,404 - INFO - Epoch 7150, Loss: 135.352386
2025-08-29 19:25:32,992 - INFO - Checkpoint saved: ./experiments/sketch_32x32_50classes_20250829_180534/ckps/checkpoint_epoch_7150.pth
2025-08-29 19:25:37,319 - INFO - Samples generated: ./experiments/sketch_32x32_50classes_20250829_180534/samples/samples_epoch_7150_classes_0-15.png
2025-08-29 19:25:39,163 - INFO - Epoch 7160, Loss: 166.118301
2025-08-29 19:25:43,622 - INFO - Samples generated: ./experiments/sketch_32x32_50classes_20250829_180534/samples/samples_epoch_7160_classes_0-15.png
2025-08-29 19:25:45,489 - INFO - Epoch 7170, Loss: 131.339905
2025-08-29 19:25:49,777 - INFO - Samples generated: ./experiments/sketch_32x32_50classes_20250829_180534/samples/samples_epoch_7170_classes_0-15.png
2025-08-29 19:25:51,499 - INFO - Epoch 7180, Loss: 117.548164
2025-08-29 19:25:55,796 - INFO - Samples generated: ./experiments/sketch_32x32_50classes_20250829_180534/samples/samples_epoch_7180_classes_0-15.png
2025-08-29 19:25:57,239 - INFO - Epoch 7190, Loss: 131.221527
2025-08-29 19:26:01,715 - INFO - Samples generated: ./experiments/sketch_32x32_50classes_20250829_180534/samples/samples_epoch_7190_classes_0-15.png
2025-08-29 19:26:03,480 - INFO - Epoch 7200, Loss: 106.701408
2025-08-29 19:26:04,087 - INFO - Checkpoint saved: ./experiments/sketch_32x32_50classes_20250829_180534/ckps/checkpoint_epoch_7200.pth
2025-08-29 19:26:08,337 - INFO - Samples generated: ./experiments/sketch_32x32_50classes_20250829_180534/samples/samples_epoch_7200_classes_0-15.png
2025-08-29 19:26:10,226 - INFO - Epoch 7210, Loss: 98.785835
2025-08-29 19:26:14,504 - INFO - Samples generated: ./experiments/sketch_32x32_50classes_20250829_180534/samples/samples_epoch_7210_classes_0-15.png
2025-08-29 19:26:16,357 - INFO - Epoch 7220, Loss: 117.567642
2025-08-29 19:26:20,645 - INFO - Samples generated: ./experiments/sketch_32x32_50classes_20250829_180534/samples/samples_epoch_7220_classes_0-15.png
2025-08-29 19:26:22,456 - INFO - Epoch 7230, Loss: 108.481636
2025-08-29 19:26:26,923 - INFO - Samples generated: ./experiments/sketch_32x32_50classes_20250829_180534/samples/samples_epoch_7230_classes_0-15.png
2025-08-29 19:26:28,693 - INFO - Epoch 7240, Loss: 120.950439
2025-08-29 19:26:32,972 - INFO - Samples generated: ./experiments/sketch_32x32_50classes_20250829_180534/samples/samples_epoch_7240_classes_0-15.png
2025-08-29 19:26:34,731 - INFO - Epoch 7250, Loss: 136.244461
2025-08-29 19:26:35,447 - INFO - Checkpoint saved: ./experiments/sketch_32x32_50classes_20250829_180534/ckps/checkpoint_epoch_7250.pth
2025-08-29 19:26:39,750 - INFO - Samples generated: ./experiments/sketch_32x32_50classes_20250829_180534/samples/samples_epoch_7250_classes_0-15.png
2025-08-29 19:26:41,548 - INFO - Epoch 7260, Loss: 131.389832
2025-08-29 19:26:45,848 - INFO - Samples generated: ./experiments/sketch_32x32_50classes_20250829_180534/samples/samples_epoch_7260_classes_0-15.png
2025-08-29 19:26:47,637 - INFO - Epoch 7270, Loss: 112.431046
2025-08-29 19:26:52,141 - INFO - Samples generated: ./experiments/sketch_32x32_50classes_20250829_180534/samples/samples_epoch_7270_classes_0-15.png
2025-08-29 19:26:53,920 - INFO - Epoch 7280, Loss: 135.068909
2025-08-29 19:26:58,217 - INFO - Samples generated: ./experiments/sketch_32x32_50classes_20250829_180534/samples/samples_epoch_7280_classes_0-15.png
2025-08-29 19:26:59,971 - INFO - Epoch 7290, Loss: 121.466553
2025-08-29 19:27:04,422 - INFO - Samples generated: ./experiments/sketch_32x32_50classes_20250829_180534/samples/samples_epoch_7290_classes_0-15.png
2025-08-29 19:27:06,303 - INFO - Epoch 7300, Loss: 116.572975
2025-08-29 19:27:06,949 - INFO - Checkpoint saved: ./experiments/sketch_32x32_50classes_20250829_180534/ckps/checkpoint_epoch_7300.pth
2025-08-29 19:27:11,239 - INFO - Samples generated: ./experiments/sketch_32x32_50classes_20250829_180534/samples/samples_epoch_7300_classes_0-15.png
2025-08-29 19:27:13,111 - INFO - Epoch 7310, Loss: 146.282272
2025-08-29 19:27:17,588 - INFO - Samples generated: ./experiments/sketch_32x32_50classes_20250829_180534/samples/samples_epoch_7310_classes_0-15.png
2025-08-29 19:27:19,388 - INFO - Epoch 7320, Loss: 113.689835
2025-08-29 19:27:23,673 - INFO - Samples generated: ./experiments/sketch_32x32_50classes_20250829_180534/samples/samples_epoch_7320_classes_0-15.png
2025-08-29 19:27:25,561 - INFO - Epoch 7330, Loss: 102.880348
2025-08-29 19:27:29,987 - INFO - Samples generated: ./experiments/sketch_32x32_50classes_20250829_180534/samples/samples_epoch_7330_classes_0-15.png
2025-08-29 19:27:31,794 - INFO - Epoch 7340, Loss: 132.142700
2025-08-29 19:27:36,117 - INFO - Samples generated: ./experiments/sketch_32x32_50classes_20250829_180534/samples/samples_epoch_7340_classes_0-15.png
2025-08-29 19:27:37,914 - INFO - Epoch 7350, Loss: 107.454575
2025-08-29 19:27:38,507 - INFO - Checkpoint saved: ./experiments/sketch_32x32_50classes_20250829_180534/ckps/checkpoint_epoch_7350.pth
2025-08-29 19:27:43,065 - INFO - Samples generated: ./experiments/sketch_32x32_50classes_20250829_180534/samples/samples_epoch_7350_classes_0-15.png
2025-08-29 19:27:44,775 - INFO - Epoch 7360, Loss: 122.310150
2025-08-29 19:27:49,118 - INFO - Samples generated: ./experiments/sketch_32x32_50classes_20250829_180534/samples/samples_epoch_7360_classes_0-15.png
2025-08-29 19:27:50,816 - INFO - Epoch 7370, Loss: 116.353622
2025-08-29 19:27:55,115 - INFO - Samples generated: ./experiments/sketch_32x32_50classes_20250829_180534/samples/samples_epoch_7370_classes_0-15.png
2025-08-29 19:27:56,930 - INFO - Epoch 7380, Loss: 114.581757
2025-08-29 19:28:01,396 - INFO - Samples generated: ./experiments/sketch_32x32_50classes_20250829_180534/samples/samples_epoch_7380_classes_0-15.png
2025-08-29 19:28:02,911 - INFO - Epoch 7390, Loss: 121.437210
2025-08-29 19:28:07,194 - INFO - Samples generated: ./experiments/sketch_32x32_50classes_20250829_180534/samples/samples_epoch_7390_classes_0-15.png
2025-08-29 19:28:08,985 - INFO - Epoch 7400, Loss: 112.431625
2025-08-29 19:28:09,546 - INFO - Checkpoint saved: ./experiments/sketch_32x32_50classes_20250829_180534/ckps/checkpoint_epoch_7400.pth
2025-08-29 19:28:13,976 - INFO - Samples generated: ./experiments/sketch_32x32_50classes_20250829_180534/samples/samples_epoch_7400_classes_0-15.png
2025-08-29 19:28:15,384 - INFO - Epoch 7410, Loss: 111.803589
2025-08-29 19:28:19,631 - INFO - Samples generated: ./experiments/sketch_32x32_50classes_20250829_180534/samples/samples_epoch_7410_classes_0-15.png
2025-08-29 19:28:21,424 - INFO - Epoch 7420, Loss: 124.135651
2025-08-29 19:28:25,866 - INFO - Samples generated: ./experiments/sketch_32x32_50classes_20250829_180534/samples/samples_epoch_7420_classes_0-15.png
2025-08-29 19:28:27,686 - INFO - Epoch 7430, Loss: 134.775665
2025-08-29 19:28:31,961 - INFO - Samples generated: ./experiments/sketch_32x32_50classes_20250829_180534/samples/samples_epoch_7430_classes_0-15.png
2025-08-29 19:28:33,737 - INFO - Epoch 7440, Loss: 114.529221
2025-08-29 19:28:38,224 - INFO - Samples generated: ./experiments/sketch_32x32_50classes_20250829_180534/samples/samples_epoch_7440_classes_0-15.png
2025-08-29 19:28:40,003 - INFO - Epoch 7450, Loss: 114.093353
2025-08-29 19:28:40,679 - INFO - Checkpoint saved: ./experiments/sketch_32x32_50classes_20250829_180534/ckps/checkpoint_epoch_7450.pth
2025-08-29 19:28:44,945 - INFO - Samples generated: ./experiments/sketch_32x32_50classes_20250829_180534/samples/samples_epoch_7450_classes_0-15.png
2025-08-29 19:28:46,696 - INFO - Epoch 7460, Loss: 115.118134
2025-08-29 19:28:51,146 - INFO - Samples generated: ./experiments/sketch_32x32_50classes_20250829_180534/samples/samples_epoch_7460_classes_0-15.png
2025-08-29 19:28:52,935 - INFO - Epoch 7470, Loss: 130.441956
2025-08-29 19:28:57,259 - INFO - Samples generated: ./experiments/sketch_32x32_50classes_20250829_180534/samples/samples_epoch_7470_classes_0-15.png
2025-08-29 19:28:59,120 - INFO - Epoch 7480, Loss: 135.506042
2025-08-29 19:29:03,451 - INFO - Samples generated: ./experiments/sketch_32x32_50classes_20250829_180534/samples/samples_epoch_7480_classes_0-15.png
2025-08-29 19:29:05,233 - INFO - Epoch 7490, Loss: 91.806236
2025-08-29 19:29:09,689 - INFO - Samples generated: ./experiments/sketch_32x32_50classes_20250829_180534/samples/samples_epoch_7490_classes_0-15.png
2025-08-29 19:29:11,456 - INFO - Epoch 7500, Loss: 135.622086
2025-08-29 19:29:12,074 - INFO - Checkpoint saved: ./experiments/sketch_32x32_50classes_20250829_180534/ckps/checkpoint_epoch_7500.pth
2025-08-29 19:29:16,345 - INFO - Samples generated: ./experiments/sketch_32x32_50classes_20250829_180534/samples/samples_epoch_7500_classes_0-15.png
2025-08-29 19:29:18,278 - INFO - Epoch 7510, Loss: 94.659058
2025-08-29 19:29:22,749 - INFO - Samples generated: ./experiments/sketch_32x32_50classes_20250829_180534/samples/samples_epoch_7510_classes_0-15.png
2025-08-29 19:29:24,424 - INFO - Epoch 7520, Loss: 134.537674
2025-08-29 19:29:28,727 - INFO - Samples generated: ./experiments/sketch_32x32_50classes_20250829_180534/samples/samples_epoch_7520_classes_0-15.png
2025-08-29 19:29:32,576 - INFO - New best model saved (loss: 86.011909)
2025-08-29 19:29:33,887 - INFO - Epoch 7530, Loss: 120.517677
2025-08-29 19:29:38,436 - INFO - Samples generated: ./experiments/sketch_32x32_50classes_20250829_180534/samples/samples_epoch_7530_classes_0-15.png
2025-08-29 19:29:39,944 - INFO - Epoch 7540, Loss: 136.650055
2025-08-29 19:29:44,257 - INFO - Samples generated: ./experiments/sketch_32x32_50classes_20250829_180534/samples/samples_epoch_7540_classes_0-15.png
2025-08-29 19:29:45,982 - INFO - Epoch 7550, Loss: 139.062042
2025-08-29 19:29:46,584 - INFO - Checkpoint saved: ./experiments/sketch_32x32_50classes_20250829_180534/ckps/checkpoint_epoch_7550.pth
2025-08-29 19:29:50,993 - INFO - Samples generated: ./experiments/sketch_32x32_50classes_20250829_180534/samples/samples_epoch_7550_classes_0-15.png
2025-08-29 19:29:52,740 - INFO - Epoch 7560, Loss: 147.110260
2025-08-29 19:29:57,013 - INFO - Samples generated: ./experiments/sketch_32x32_50classes_20250829_180534/samples/samples_epoch_7560_classes_0-15.png
2025-08-29 19:29:58,789 - INFO - Epoch 7570, Loss: 137.129562
2025-08-29 19:30:03,240 - INFO - Samples generated: ./experiments/sketch_32x32_50classes_20250829_180534/samples/samples_epoch_7570_classes_0-15.png
2025-08-29 19:30:05,042 - INFO - Epoch 7580, Loss: 146.228119
2025-08-29 19:30:09,387 - INFO - Samples generated: ./experiments/sketch_32x32_50classes_20250829_180534/samples/samples_epoch_7580_classes_0-15.png
2025-08-29 19:30:11,073 - INFO - Epoch 7590, Loss: 110.862801
2025-08-29 19:30:15,454 - INFO - Samples generated: ./experiments/sketch_32x32_50classes_20250829_180534/samples/samples_epoch_7590_classes_0-15.png
2025-08-29 19:30:17,249 - INFO - Epoch 7600, Loss: 124.687920
2025-08-29 19:30:17,985 - INFO - Checkpoint saved: ./experiments/sketch_32x32_50classes_20250829_180534/ckps/checkpoint_epoch_7600.pth
2025-08-29 19:30:22,272 - INFO - Samples generated: ./experiments/sketch_32x32_50classes_20250829_180534/samples/samples_epoch_7600_classes_0-15.png
2025-08-29 19:30:24,046 - INFO - Epoch 7610, Loss: 118.621941
2025-08-29 19:30:28,391 - INFO - Samples generated: ./experiments/sketch_32x32_50classes_20250829_180534/samples/samples_epoch_7610_classes_0-15.png
2025-08-29 19:30:30,278 - INFO - Epoch 7620, Loss: 97.951645
2025-08-29 19:30:34,570 - INFO - Samples generated: ./experiments/sketch_32x32_50classes_20250829_180534/samples/samples_epoch_7620_classes_0-15.png
2025-08-29 19:30:36,317 - INFO - Epoch 7630, Loss: 121.834190
2025-08-29 19:30:40,656 - INFO - Samples generated: ./experiments/sketch_32x32_50classes_20250829_180534/samples/samples_epoch_7630_classes_0-15.png
2025-08-29 19:30:42,347 - INFO - Epoch 7640, Loss: 115.761307
2025-08-29 19:30:46,765 - INFO - Samples generated: ./experiments/sketch_32x32_50classes_20250829_180534/samples/samples_epoch_7640_classes_0-15.png
2025-08-29 19:30:48,442 - INFO - Epoch 7650, Loss: 117.068520
2025-08-29 19:30:49,021 - INFO - Checkpoint saved: ./experiments/sketch_32x32_50classes_20250829_180534/ckps/checkpoint_epoch_7650.pth
2025-08-29 19:30:53,261 - INFO - Samples generated: ./experiments/sketch_32x32_50classes_20250829_180534/samples/samples_epoch_7650_classes_0-15.png
2025-08-29 19:30:55,274 - INFO - Epoch 7660, Loss: 119.812347
2025-08-29 19:30:59,528 - INFO - Samples generated: ./experiments/sketch_32x32_50classes_20250829_180534/samples/samples_epoch_7660_classes_0-15.png
2025-08-29 19:31:01,490 - INFO - Epoch 7670, Loss: 114.033340
2025-08-29 19:31:05,766 - INFO - Samples generated: ./experiments/sketch_32x32_50classes_20250829_180534/samples/samples_epoch_7670_classes_0-15.png
2025-08-29 19:31:07,526 - INFO - Epoch 7680, Loss: 103.691216
2025-08-29 19:31:11,945 - INFO - Samples generated: ./experiments/sketch_32x32_50classes_20250829_180534/samples/samples_epoch_7680_classes_0-15.png
2025-08-29 19:31:13,809 - INFO - Epoch 7690, Loss: 122.028931
2025-08-29 19:31:18,086 - INFO - Samples generated: ./experiments/sketch_32x32_50classes_20250829_180534/samples/samples_epoch_7690_classes_0-15.png
2025-08-29 19:31:19,979 - INFO - Epoch 7700, Loss: 107.670029
2025-08-29 19:31:20,799 - INFO - Checkpoint saved: ./experiments/sketch_32x32_50classes_20250829_180534/ckps/checkpoint_epoch_7700.pth
2025-08-29 19:31:25,108 - INFO - Samples generated: ./experiments/sketch_32x32_50classes_20250829_180534/samples/samples_epoch_7700_classes_0-15.png
2025-08-29 19:31:26,929 - INFO - Epoch 7710, Loss: 128.311066
2025-08-29 19:31:31,232 - INFO - Samples generated: ./experiments/sketch_32x32_50classes_20250829_180534/samples/samples_epoch_7710_classes_0-15.png
2025-08-29 19:31:32,986 - INFO - Epoch 7720, Loss: 124.472771
2025-08-29 19:31:37,463 - INFO - Samples generated: ./experiments/sketch_32x32_50classes_20250829_180534/samples/samples_epoch_7720_classes_0-15.png
2025-08-29 19:31:39,316 - INFO - Epoch 7730, Loss: 127.722000
2025-08-29 19:31:43,589 - INFO - Samples generated: ./experiments/sketch_32x32_50classes_20250829_180534/samples/samples_epoch_7730_classes_0-15.png
2025-08-29 19:31:45,422 - INFO - Epoch 7740, Loss: 123.074028
2025-08-29 19:31:49,901 - INFO - Samples generated: ./experiments/sketch_32x32_50classes_20250829_180534/samples/samples_epoch_7740_classes_0-15.png
2025-08-29 19:31:51,702 - INFO - Epoch 7750, Loss: 109.430405
2025-08-29 19:31:52,281 - INFO - Checkpoint saved: ./experiments/sketch_32x32_50classes_20250829_180534/ckps/checkpoint_epoch_7750.pth
2025-08-29 19:31:56,584 - INFO - Samples generated: ./experiments/sketch_32x32_50classes_20250829_180534/samples/samples_epoch_7750_classes_0-15.png
2025-08-29 19:31:58,333 - INFO - Epoch 7760, Loss: 118.370171
2025-08-29 19:32:02,775 - INFO - Samples generated: ./experiments/sketch_32x32_50classes_20250829_180534/samples/samples_epoch_7760_classes_0-15.png
2025-08-29 19:32:04,547 - INFO - Epoch 7770, Loss: 129.351532
2025-08-29 19:32:08,849 - INFO - Samples generated: ./experiments/sketch_32x32_50classes_20250829_180534/samples/samples_epoch_7770_classes_0-15.png
2025-08-29 19:32:10,752 - INFO - Epoch 7780, Loss: 125.126236
2025-08-29 19:32:15,163 - INFO - Samples generated: ./experiments/sketch_32x32_50classes_20250829_180534/samples/samples_epoch_7780_classes_0-15.png
2025-08-29 19:32:16,983 - INFO - Epoch 7790, Loss: 122.961037
2025-08-29 19:32:21,282 - INFO - Samples generated: ./experiments/sketch_32x32_50classes_20250829_180534/samples/samples_epoch_7790_classes_0-15.png
2025-08-29 19:32:23,093 - INFO - Epoch 7800, Loss: 113.248596
2025-08-29 19:32:23,661 - INFO - Checkpoint saved: ./experiments/sketch_32x32_50classes_20250829_180534/ckps/checkpoint_epoch_7800.pth
2025-08-29 19:32:28,139 - INFO - Samples generated: ./experiments/sketch_32x32_50classes_20250829_180534/samples/samples_epoch_7800_classes_0-15.png
2025-08-29 19:32:29,956 - INFO - Epoch 7810, Loss: 124.016960
2025-08-29 19:32:34,272 - INFO - Samples generated: ./experiments/sketch_32x32_50classes_20250829_180534/samples/samples_epoch_7810_classes_0-15.png
2025-08-29 19:32:36,064 - INFO - Epoch 7820, Loss: 118.207687
2025-08-29 19:32:40,348 - INFO - Samples generated: ./experiments/sketch_32x32_50classes_20250829_180534/samples/samples_epoch_7820_classes_0-15.png
2025-08-29 19:32:42,112 - INFO - Epoch 7830, Loss: 100.590118
2025-08-29 19:32:46,617 - INFO - Samples generated: ./experiments/sketch_32x32_50classes_20250829_180534/samples/samples_epoch_7830_classes_0-15.png
2025-08-29 19:32:48,394 - INFO - Epoch 7840, Loss: 115.049667
2025-08-29 19:32:52,699 - INFO - Samples generated: ./experiments/sketch_32x32_50classes_20250829_180534/samples/samples_epoch_7840_classes_0-15.png
2025-08-29 19:32:54,100 - INFO - Epoch 7850, Loss: 132.579407
2025-08-29 19:32:54,680 - INFO - Checkpoint saved: ./experiments/sketch_32x32_50classes_20250829_180534/ckps/checkpoint_epoch_7850.pth
2025-08-29 19:32:59,132 - INFO - Samples generated: ./experiments/sketch_32x32_50classes_20250829_180534/samples/samples_epoch_7850_classes_0-15.png
2025-08-29 19:33:00,891 - INFO - Epoch 7860, Loss: 119.802307
2025-08-29 19:33:05,234 - INFO - Samples generated: ./experiments/sketch_32x32_50classes_20250829_180534/samples/samples_epoch_7860_classes_0-15.png
2025-08-29 19:33:07,044 - INFO - Epoch 7870, Loss: 117.212845
2025-08-29 19:33:11,503 - INFO - Samples generated: ./experiments/sketch_32x32_50classes_20250829_180534/samples/samples_epoch_7870_classes_0-15.png
2025-08-29 19:33:13,122 - INFO - Epoch 7880, Loss: 129.117813
2025-08-29 19:33:17,381 - INFO - Samples generated: ./experiments/sketch_32x32_50classes_20250829_180534/samples/samples_epoch_7880_classes_0-15.png
2025-08-29 19:33:19,182 - INFO - Epoch 7890, Loss: 111.335655
2025-08-29 19:33:23,640 - INFO - Samples generated: ./experiments/sketch_32x32_50classes_20250829_180534/samples/samples_epoch_7890_classes_0-15.png
2025-08-29 19:33:25,458 - INFO - Epoch 7900, Loss: 145.192535
2025-08-29 19:33:26,030 - INFO - Checkpoint saved: ./experiments/sketch_32x32_50classes_20250829_180534/ckps/checkpoint_epoch_7900.pth
2025-08-29 19:33:30,310 - INFO - Samples generated: ./experiments/sketch_32x32_50classes_20250829_180534/samples/samples_epoch_7900_classes_0-15.png
2025-08-29 19:33:32,078 - INFO - Epoch 7910, Loss: 121.115417
2025-08-29 19:33:36,519 - INFO - Samples generated: ./experiments/sketch_32x32_50classes_20250829_180534/samples/samples_epoch_7910_classes_0-15.png
2025-08-29 19:33:38,370 - INFO - Epoch 7920, Loss: 120.834015
2025-08-29 19:33:42,699 - INFO - Samples generated: ./experiments/sketch_32x32_50classes_20250829_180534/samples/samples_epoch_7920_classes_0-15.png
2025-08-29 19:33:44,474 - INFO - Epoch 7930, Loss: 108.472275
2025-08-29 19:33:48,805 - INFO - Samples generated: ./experiments/sketch_32x32_50classes_20250829_180534/samples/samples_epoch_7930_classes_0-15.png
2025-08-29 19:33:50,627 - INFO - Epoch 7940, Loss: 122.622971
2025-08-29 19:33:55,069 - INFO - Samples generated: ./experiments/sketch_32x32_50classes_20250829_180534/samples/samples_epoch_7940_classes_0-15.png
2025-08-29 19:33:56,891 - INFO - Epoch 7950, Loss: 130.746887
2025-08-29 19:33:57,474 - INFO - Checkpoint saved: ./experiments/sketch_32x32_50classes_20250829_180534/ckps/checkpoint_epoch_7950.pth
2025-08-29 19:34:01,739 - INFO - Samples generated: ./experiments/sketch_32x32_50classes_20250829_180534/samples/samples_epoch_7950_classes_0-15.png
2025-08-29 19:34:05,504 - INFO - New best model saved (loss: 85.147186)
2025-08-29 19:34:06,651 - INFO - Epoch 7960, Loss: 145.987625
2025-08-29 19:34:11,078 - INFO - Samples generated: ./experiments/sketch_32x32_50classes_20250829_180534/samples/samples_epoch_7960_classes_0-15.png
2025-08-29 19:34:12,806 - INFO - Epoch 7970, Loss: 107.647202
2025-08-29 19:34:17,110 - INFO - Samples generated: ./experiments/sketch_32x32_50classes_20250829_180534/samples/samples_epoch_7970_classes_0-15.png
2025-08-29 19:34:18,886 - INFO - Epoch 7980, Loss: 113.042641
2025-08-29 19:34:23,332 - INFO - Samples generated: ./experiments/sketch_32x32_50classes_20250829_180534/samples/samples_epoch_7980_classes_0-15.png
2025-08-29 19:34:25,173 - INFO - Epoch 7990, Loss: 129.298767
2025-08-29 19:34:29,439 - INFO - Samples generated: ./experiments/sketch_32x32_50classes_20250829_180534/samples/samples_epoch_7990_classes_0-15.png
2025-08-29 19:34:31,201 - INFO - Epoch 8000, Loss: 124.185471
2025-08-29 19:34:31,766 - INFO - Checkpoint saved: ./experiments/sketch_32x32_50classes_20250829_180534/ckps/checkpoint_epoch_8000.pth
2025-08-29 19:34:36,195 - INFO - Samples generated: ./experiments/sketch_32x32_50classes_20250829_180534/samples/samples_epoch_8000_classes_0-15.png
2025-08-29 19:34:37,895 - INFO - Epoch 8010, Loss: 120.203934
2025-08-29 19:34:42,133 - INFO - Samples generated: ./experiments/sketch_32x32_50classes_20250829_180534/samples/samples_epoch_8010_classes_0-15.png
2025-08-29 19:34:43,972 - INFO - Epoch 8020, Loss: 119.969597
2025-08-29 19:34:48,383 - INFO - Samples generated: ./experiments/sketch_32x32_50classes_20250829_180534/samples/samples_epoch_8020_classes_0-15.png
2025-08-29 19:34:50,255 - INFO - Epoch 8030, Loss: 135.519226
2025-08-29 19:34:54,572 - INFO - Samples generated: ./experiments/sketch_32x32_50classes_20250829_180534/samples/samples_epoch_8030_classes_0-15.png
2025-08-29 19:34:56,123 - INFO - Epoch 8040, Loss: 92.744347
2025-08-29 19:35:00,554 - INFO - Samples generated: ./experiments/sketch_32x32_50classes_20250829_180534/samples/samples_epoch_8040_classes_0-15.png
2025-08-29 19:35:02,324 - INFO - Epoch 8050, Loss: 119.542572
2025-08-29 19:35:02,902 - INFO - Checkpoint saved: ./experiments/sketch_32x32_50classes_20250829_180534/ckps/checkpoint_epoch_8050.pth
2025-08-29 19:35:07,172 - INFO - Samples generated: ./experiments/sketch_32x32_50classes_20250829_180534/samples/samples_epoch_8050_classes_0-15.png
2025-08-29 19:35:09,025 - INFO - Epoch 8060, Loss: 123.156837
2025-08-29 19:35:13,316 - INFO - Samples generated: ./experiments/sketch_32x32_50classes_20250829_180534/samples/samples_epoch_8060_classes_0-15.png
2025-08-29 19:35:15,202 - INFO - Epoch 8070, Loss: 123.401871
2025-08-29 19:35:19,656 - INFO - Samples generated: ./experiments/sketch_32x32_50classes_20250829_180534/samples/samples_epoch_8070_classes_0-15.png
2025-08-29 19:35:21,406 - INFO - Epoch 8080, Loss: 105.041862
2025-08-29 19:35:25,730 - INFO - Samples generated: ./experiments/sketch_32x32_50classes_20250829_180534/samples/samples_epoch_8080_classes_0-15.png
2025-08-29 19:35:27,559 - INFO - Epoch 8090, Loss: 129.106750
2025-08-29 19:35:31,987 - INFO - Samples generated: ./experiments/sketch_32x32_50classes_20250829_180534/samples/samples_epoch_8090_classes_0-15.png
2025-08-29 19:35:33,737 - INFO - Epoch 8100, Loss: 96.594032
2025-08-29 19:35:34,303 - INFO - Checkpoint saved: ./experiments/sketch_32x32_50classes_20250829_180534/ckps/checkpoint_epoch_8100.pth
2025-08-29 19:35:38,563 - INFO - Samples generated: ./experiments/sketch_32x32_50classes_20250829_180534/samples/samples_epoch_8100_classes_0-15.png
2025-08-29 19:35:40,119 - INFO - Epoch 8110, Loss: 132.968384
2025-08-29 19:35:44,525 - INFO - Samples generated: ./experiments/sketch_32x32_50classes_20250829_180534/samples/samples_epoch_8110_classes_0-15.png
2025-08-29 19:35:46,226 - INFO - Epoch 8120, Loss: 101.968811
2025-08-29 19:35:50,502 - INFO - Samples generated: ./experiments/sketch_32x32_50classes_20250829_180534/samples/samples_epoch_8120_classes_0-15.png
2025-08-29 19:35:52,217 - INFO - Epoch 8130, Loss: 115.711159
2025-08-29 19:35:56,489 - INFO - Samples generated: ./experiments/sketch_32x32_50classes_20250829_180534/samples/samples_epoch_8130_classes_0-15.png
2025-08-29 19:35:58,282 - INFO - Epoch 8140, Loss: 123.549614
2025-08-29 19:36:02,742 - INFO - Samples generated: ./experiments/sketch_32x32_50classes_20250829_180534/samples/samples_epoch_8140_classes_0-15.png
2025-08-29 19:36:04,651 - INFO - Epoch 8150, Loss: 112.391441
2025-08-29 19:36:05,244 - INFO - Checkpoint saved: ./experiments/sketch_32x32_50classes_20250829_180534/ckps/checkpoint_epoch_8150.pth
2025-08-29 19:36:09,514 - INFO - Samples generated: ./experiments/sketch_32x32_50classes_20250829_180534/samples/samples_epoch_8150_classes_0-15.png
2025-08-29 19:36:11,493 - INFO - Epoch 8160, Loss: 124.349998
2025-08-29 19:36:15,931 - INFO - Samples generated: ./experiments/sketch_32x32_50classes_20250829_180534/samples/samples_epoch_8160_classes_0-15.png
2025-08-29 19:36:17,729 - INFO - Epoch 8170, Loss: 133.105728
2025-08-29 19:36:22,087 - INFO - Samples generated: ./experiments/sketch_32x32_50classes_20250829_180534/samples/samples_epoch_8170_classes_0-15.png
2025-08-29 19:36:23,901 - INFO - Epoch 8180, Loss: 157.556488
2025-08-29 19:36:28,340 - INFO - Samples generated: ./experiments/sketch_32x32_50classes_20250829_180534/samples/samples_epoch_8180_classes_0-15.png
2025-08-29 19:36:30,069 - INFO - Epoch 8190, Loss: 111.626205
2025-08-29 19:36:34,332 - INFO - Samples generated: ./experiments/sketch_32x32_50classes_20250829_180534/samples/samples_epoch_8190_classes_0-15.png
2025-08-29 19:36:36,041 - INFO - Epoch 8200, Loss: 123.264771
2025-08-29 19:36:36,750 - INFO - Checkpoint saved: ./experiments/sketch_32x32_50classes_20250829_180534/ckps/checkpoint_epoch_8200.pth
2025-08-29 19:36:40,998 - INFO - Samples generated: ./experiments/sketch_32x32_50classes_20250829_180534/samples/samples_epoch_8200_classes_0-15.png
2025-08-29 19:36:42,772 - INFO - Epoch 8210, Loss: 96.703140
2025-08-29 19:36:47,031 - INFO - Samples generated: ./experiments/sketch_32x32_50classes_20250829_180534/samples/samples_epoch_8210_classes_0-15.png
2025-08-29 19:36:48,833 - INFO - Epoch 8220, Loss: 123.507950
2025-08-29 19:36:53,283 - INFO - Samples generated: ./experiments/sketch_32x32_50classes_20250829_180534/samples/samples_epoch_8220_classes_0-15.png
2025-08-29 19:36:55,056 - INFO - Epoch 8230, Loss: 107.162354
2025-08-29 19:36:59,375 - INFO - Samples generated: ./experiments/sketch_32x32_50classes_20250829_180534/samples/samples_epoch_8230_classes_0-15.png
2025-08-29 19:37:00,923 - INFO - Epoch 8240, Loss: 151.768723
2025-08-29 19:37:05,331 - INFO - Samples generated: ./experiments/sketch_32x32_50classes_20250829_180534/samples/samples_epoch_8240_classes_0-15.png
2025-08-29 19:37:06,936 - INFO - Epoch 8250, Loss: 109.088158
2025-08-29 19:37:07,512 - INFO - Checkpoint saved: ./experiments/sketch_32x32_50classes_20250829_180534/ckps/checkpoint_epoch_8250.pth
2025-08-29 19:37:11,800 - INFO - Samples generated: ./experiments/sketch_32x32_50classes_20250829_180534/samples/samples_epoch_8250_classes_0-15.png
2025-08-29 19:37:13,600 - INFO - Epoch 8260, Loss: 113.704056
2025-08-29 19:37:18,010 - INFO - Samples generated: ./experiments/sketch_32x32_50classes_20250829_180534/samples/samples_epoch_8260_classes_0-15.png
2025-08-29 19:37:19,769 - INFO - Epoch 8270, Loss: 107.222984
2025-08-29 19:37:24,051 - INFO - Samples generated: ./experiments/sketch_32x32_50classes_20250829_180534/samples/samples_epoch_8270_classes_0-15.png
2025-08-29 19:37:25,872 - INFO - Epoch 8280, Loss: 117.743828
2025-08-29 19:37:30,281 - INFO - Samples generated: ./experiments/sketch_32x32_50classes_20250829_180534/samples/samples_epoch_8280_classes_0-15.png
2025-08-29 19:37:32,122 - INFO - Epoch 8290, Loss: 126.791122
2025-08-29 19:37:36,425 - INFO - Samples generated: ./experiments/sketch_32x32_50classes_20250829_180534/samples/samples_epoch_8290_classes_0-15.png
2025-08-29 19:37:38,261 - INFO - Epoch 8300, Loss: 101.277496
2025-08-29 19:37:38,821 - INFO - Checkpoint saved: ./experiments/sketch_32x32_50classes_20250829_180534/ckps/checkpoint_epoch_8300.pth
2025-08-29 19:37:43,250 - INFO - Samples generated: ./experiments/sketch_32x32_50classes_20250829_180534/samples/samples_epoch_8300_classes_0-15.png
2025-08-29 19:37:45,011 - INFO - Epoch 8310, Loss: 147.500839
2025-08-29 19:37:49,298 - INFO - Samples generated: ./experiments/sketch_32x32_50classes_20250829_180534/samples/samples_epoch_8310_classes_0-15.png
2025-08-29 19:37:50,930 - INFO - Epoch 8320, Loss: 120.177200
2025-08-29 19:37:55,405 - INFO - Samples generated: ./experiments/sketch_32x32_50classes_20250829_180534/samples/samples_epoch_8320_classes_0-15.png
2025-08-29 19:37:57,079 - INFO - Epoch 8330, Loss: 124.054550
2025-08-29 19:38:01,377 - INFO - Samples generated: ./experiments/sketch_32x32_50classes_20250829_180534/samples/samples_epoch_8330_classes_0-15.png
2025-08-29 19:38:03,153 - INFO - Epoch 8340, Loss: 113.004608
2025-08-29 19:38:07,488 - INFO - Samples generated: ./experiments/sketch_32x32_50classes_20250829_180534/samples/samples_epoch_8340_classes_0-15.png
2025-08-29 19:38:09,343 - INFO - Epoch 8350, Loss: 123.176567
2025-08-29 19:38:10,108 - INFO - Checkpoint saved: ./experiments/sketch_32x32_50classes_20250829_180534/ckps/checkpoint_epoch_8350.pth
2025-08-29 19:38:14,399 - INFO - Samples generated: ./experiments/sketch_32x32_50classes_20250829_180534/samples/samples_epoch_8350_classes_0-15.png
2025-08-29 19:38:16,269 - INFO - Epoch 8360, Loss: 114.193604
2025-08-29 19:38:20,541 - INFO - Samples generated: ./experiments/sketch_32x32_50classes_20250829_180534/samples/samples_epoch_8360_classes_0-15.png
2025-08-29 19:38:22,408 - INFO - Epoch 8370, Loss: 132.039307
2025-08-29 19:38:26,857 - INFO - Samples generated: ./experiments/sketch_32x32_50classes_20250829_180534/samples/samples_epoch_8370_classes_0-15.png
2025-08-29 19:38:28,648 - INFO - Epoch 8380, Loss: 128.667847
2025-08-29 19:38:32,896 - INFO - Samples generated: ./experiments/sketch_32x32_50classes_20250829_180534/samples/samples_epoch_8380_classes_0-15.png
2025-08-29 19:38:34,728 - INFO - Epoch 8390, Loss: 103.175919
2025-08-29 19:38:39,137 - INFO - Samples generated: ./experiments/sketch_32x32_50classes_20250829_180534/samples/samples_epoch_8390_classes_0-15.png
2025-08-29 19:38:41,015 - INFO - Epoch 8400, Loss: 116.690941
2025-08-29 19:38:41,598 - INFO - Checkpoint saved: ./experiments/sketch_32x32_50classes_20250829_180534/ckps/checkpoint_epoch_8400.pth
2025-08-29 19:38:45,839 - INFO - Samples generated: ./experiments/sketch_32x32_50classes_20250829_180534/samples/samples_epoch_8400_classes_0-15.png
2025-08-29 19:38:47,710 - INFO - Epoch 8410, Loss: 120.301094
2025-08-29 19:38:52,099 - INFO - Samples generated: ./experiments/sketch_32x32_50classes_20250829_180534/samples/samples_epoch_8410_classes_0-15.png
2025-08-29 19:38:53,872 - INFO - Epoch 8420, Loss: 124.206596
2025-08-29 19:38:58,162 - INFO - Samples generated: ./experiments/sketch_32x32_50classes_20250829_180534/samples/samples_epoch_8420_classes_0-15.png
2025-08-29 19:39:00,000 - INFO - Epoch 8430, Loss: 127.021896
2025-08-29 19:39:04,417 - INFO - Samples generated: ./experiments/sketch_32x32_50classes_20250829_180534/samples/samples_epoch_8430_classes_0-15.png
2025-08-29 19:39:06,286 - INFO - Epoch 8440, Loss: 120.980637
2025-08-29 19:39:10,593 - INFO - Samples generated: ./experiments/sketch_32x32_50classes_20250829_180534/samples/samples_epoch_8440_classes_0-15.png
2025-08-29 19:39:12,455 - INFO - Epoch 8450, Loss: 141.566788
2025-08-29 19:39:13,071 - INFO - Checkpoint saved: ./experiments/sketch_32x32_50classes_20250829_180534/ckps/checkpoint_epoch_8450.pth
2025-08-29 19:39:17,466 - INFO - Samples generated: ./experiments/sketch_32x32_50classes_20250829_180534/samples/samples_epoch_8450_classes_0-15.png
2025-08-29 19:39:19,328 - INFO - Epoch 8460, Loss: 119.355972
2025-08-29 19:39:23,579 - INFO - Samples generated: ./experiments/sketch_32x32_50classes_20250829_180534/samples/samples_epoch_8460_classes_0-15.png
2025-08-29 19:39:25,479 - INFO - Epoch 8470, Loss: 115.900177
2025-08-29 19:39:29,732 - INFO - Samples generated: ./experiments/sketch_32x32_50classes_20250829_180534/samples/samples_epoch_8470_classes_0-15.png
2025-08-29 19:39:31,404 - INFO - Epoch 8480, Loss: 108.410683
2025-08-29 19:39:35,830 - INFO - Samples generated: ./experiments/sketch_32x32_50classes_20250829_180534/samples/samples_epoch_8480_classes_0-15.png
2025-08-29 19:39:37,508 - INFO - Epoch 8490, Loss: 109.419479
2025-08-29 19:39:41,771 - INFO - Samples generated: ./experiments/sketch_32x32_50classes_20250829_180534/samples/samples_epoch_8490_classes_0-15.png
2025-08-29 19:39:43,653 - INFO - Epoch 8500, Loss: 108.197060
2025-08-29 19:39:44,382 - INFO - Checkpoint saved: ./experiments/sketch_32x32_50classes_20250829_180534/ckps/checkpoint_epoch_8500.pth
2025-08-29 19:39:48,606 - INFO - Samples generated: ./experiments/sketch_32x32_50classes_20250829_180534/samples/samples_epoch_8500_classes_0-15.png
2025-08-29 19:39:50,307 - INFO - Epoch 8510, Loss: 99.643768
2025-08-29 19:39:54,549 - INFO - Samples generated: ./experiments/sketch_32x32_50classes_20250829_180534/samples/samples_epoch_8510_classes_0-15.png
2025-08-29 19:39:56,143 - INFO - Epoch 8520, Loss: 122.613480
2025-08-29 19:40:00,531 - INFO - Samples generated: ./experiments/sketch_32x32_50classes_20250829_180534/samples/samples_epoch_8520_classes_0-15.png
2025-08-29 19:40:02,311 - INFO - Epoch 8530, Loss: 135.559296
2025-08-29 19:40:06,614 - INFO - Samples generated: ./experiments/sketch_32x32_50classes_20250829_180534/samples/samples_epoch_8530_classes_0-15.png
2025-08-29 19:40:08,418 - INFO - Epoch 8540, Loss: 133.067352
2025-08-29 19:40:12,847 - INFO - Samples generated: ./experiments/sketch_32x32_50classes_20250829_180534/samples/samples_epoch_8540_classes_0-15.png
2025-08-29 19:40:14,671 - INFO - Epoch 8550, Loss: 110.458878
2025-08-29 19:40:15,261 - INFO - Checkpoint saved: ./experiments/sketch_32x32_50classes_20250829_180534/ckps/checkpoint_epoch_8550.pth
2025-08-29 19:40:19,510 - INFO - Samples generated: ./experiments/sketch_32x32_50classes_20250829_180534/samples/samples_epoch_8550_classes_0-15.png
2025-08-29 19:40:21,321 - INFO - Epoch 8560, Loss: 133.123306
2025-08-29 19:40:25,792 - INFO - Samples generated: ./experiments/sketch_32x32_50classes_20250829_180534/samples/samples_epoch_8560_classes_0-15.png
2025-08-29 19:40:27,602 - INFO - Epoch 8570, Loss: 146.941132
2025-08-29 19:40:31,859 - INFO - Samples generated: ./experiments/sketch_32x32_50classes_20250829_180534/samples/samples_epoch_8570_classes_0-15.png
2025-08-29 19:40:33,677 - INFO - Epoch 8580, Loss: 118.420891
2025-08-29 19:40:38,094 - INFO - Samples generated: ./experiments/sketch_32x32_50classes_20250829_180534/samples/samples_epoch_8580_classes_0-15.png
2025-08-29 19:40:39,895 - INFO - Epoch 8590, Loss: 125.679977
2025-08-29 19:40:44,149 - INFO - Samples generated: ./experiments/sketch_32x32_50classes_20250829_180534/samples/samples_epoch_8590_classes_0-15.png
2025-08-29 19:40:45,925 - INFO - Epoch 8600, Loss: 116.514381
2025-08-29 19:40:46,519 - INFO - Checkpoint saved: ./experiments/sketch_32x32_50classes_20250829_180534/ckps/checkpoint_epoch_8600.pth
2025-08-29 19:40:50,919 - INFO - Samples generated: ./experiments/sketch_32x32_50classes_20250829_180534/samples/samples_epoch_8600_classes_0-15.png
2025-08-29 19:40:52,659 - INFO - Epoch 8610, Loss: 118.094437
2025-08-29 19:40:56,933 - INFO - Samples generated: ./experiments/sketch_32x32_50classes_20250829_180534/samples/samples_epoch_8610_classes_0-15.png
2025-08-29 19:40:58,449 - INFO - Epoch 8620, Loss: 114.686180
2025-08-29 19:41:02,859 - INFO - Samples generated: ./experiments/sketch_32x32_50classes_20250829_180534/samples/samples_epoch_8620_classes_0-15.png
2025-08-29 19:41:04,368 - INFO - Epoch 8630, Loss: 98.526176
2025-08-29 19:41:08,589 - INFO - Samples generated: ./experiments/sketch_32x32_50classes_20250829_180534/samples/samples_epoch_8630_classes_0-15.png
2025-08-29 19:41:10,119 - INFO - Epoch 8640, Loss: 108.419907
2025-08-29 19:41:14,405 - INFO - Samples generated: ./experiments/sketch_32x32_50classes_20250829_180534/samples/samples_epoch_8640_classes_0-15.png
2025-08-29 19:41:16,189 - INFO - Epoch 8650, Loss: 117.154663
2025-08-29 19:41:16,915 - INFO - Checkpoint saved: ./experiments/sketch_32x32_50classes_20250829_180534/ckps/checkpoint_epoch_8650.pth
2025-08-29 19:41:21,182 - INFO - Samples generated: ./experiments/sketch_32x32_50classes_20250829_180534/samples/samples_epoch_8650_classes_0-15.png
2025-08-29 19:41:23,065 - INFO - Epoch 8660, Loss: 133.734787
2025-08-29 19:41:27,388 - INFO - Samples generated: ./experiments/sketch_32x32_50classes_20250829_180534/samples/samples_epoch_8660_classes_0-15.png
2025-08-29 19:41:29,230 - INFO - Epoch 8670, Loss: 134.516373
2025-08-29 19:41:33,660 - INFO - Samples generated: ./experiments/sketch_32x32_50classes_20250829_180534/samples/samples_epoch_8670_classes_0-15.png
2025-08-29 19:41:35,495 - INFO - Epoch 8680, Loss: 109.556984
2025-08-29 19:41:39,750 - INFO - Samples generated: ./experiments/sketch_32x32_50classes_20250829_180534/samples/samples_epoch_8680_classes_0-15.png
2025-08-29 19:41:41,553 - INFO - Epoch 8690, Loss: 132.329254
2025-08-29 19:41:46,007 - INFO - Samples generated: ./experiments/sketch_32x32_50classes_20250829_180534/samples/samples_epoch_8690_classes_0-15.png
2025-08-29 19:41:47,800 - INFO - Epoch 8700, Loss: 124.120575
2025-08-29 19:41:48,381 - INFO - Checkpoint saved: ./experiments/sketch_32x32_50classes_20250829_180534/ckps/checkpoint_epoch_8700.pth
2025-08-29 19:41:52,651 - INFO - Samples generated: ./experiments/sketch_32x32_50classes_20250829_180534/samples/samples_epoch_8700_classes_0-15.png
2025-08-29 19:41:54,431 - INFO - Epoch 8710, Loss: 126.103882
2025-08-29 19:41:58,866 - INFO - Samples generated: ./experiments/sketch_32x32_50classes_20250829_180534/samples/samples_epoch_8710_classes_0-15.png
2025-08-29 19:42:00,684 - INFO - Epoch 8720, Loss: 120.421982
2025-08-29 19:42:05,011 - INFO - Samples generated: ./experiments/sketch_32x32_50classes_20250829_180534/samples/samples_epoch_8720_classes_0-15.png
2025-08-29 19:42:06,750 - INFO - Epoch 8730, Loss: 112.557327
2025-08-29 19:42:11,183 - INFO - Samples generated: ./experiments/sketch_32x32_50classes_20250829_180534/samples/samples_epoch_8730_classes_0-15.png
2025-08-29 19:42:12,899 - INFO - Epoch 8740, Loss: 154.917435
2025-08-29 19:42:17,148 - INFO - Samples generated: ./experiments/sketch_32x32_50classes_20250829_180534/samples/samples_epoch_8740_classes_0-15.png
2025-08-29 19:42:18,899 - INFO - Epoch 8750, Loss: 132.783844
2025-08-29 19:42:19,477 - INFO - Checkpoint saved: ./experiments/sketch_32x32_50classes_20250829_180534/ckps/checkpoint_epoch_8750.pth
2025-08-29 19:42:23,885 - INFO - Samples generated: ./experiments/sketch_32x32_50classes_20250829_180534/samples/samples_epoch_8750_classes_0-15.png
2025-08-29 19:42:25,718 - INFO - Epoch 8760, Loss: 116.998276
2025-08-29 19:42:29,957 - INFO - Samples generated: ./experiments/sketch_32x32_50classes_20250829_180534/samples/samples_epoch_8760_classes_0-15.png
2025-08-29 19:42:31,801 - INFO - Epoch 8770, Loss: 105.107552
2025-08-29 19:42:36,078 - INFO - Samples generated: ./experiments/sketch_32x32_50classes_20250829_180534/samples/samples_epoch_8770_classes_0-15.png
2025-08-29 19:42:37,791 - INFO - Epoch 8780, Loss: 140.898895
2025-08-29 19:42:42,226 - INFO - Samples generated: ./experiments/sketch_32x32_50classes_20250829_180534/samples/samples_epoch_8780_classes_0-15.png
2025-08-29 19:42:44,101 - INFO - Epoch 8790, Loss: 127.598862
2025-08-29 19:42:48,389 - INFO - Samples generated: ./experiments/sketch_32x32_50classes_20250829_180534/samples/samples_epoch_8790_classes_0-15.png
2025-08-29 19:42:50,189 - INFO - Epoch 8800, Loss: 113.725433
2025-08-29 19:42:50,811 - INFO - Checkpoint saved: ./experiments/sketch_32x32_50classes_20250829_180534/ckps/checkpoint_epoch_8800.pth
2025-08-29 19:42:55,192 - INFO - Samples generated: ./experiments/sketch_32x32_50classes_20250829_180534/samples/samples_epoch_8800_classes_0-15.png
2025-08-29 19:42:57,060 - INFO - Epoch 8810, Loss: 123.277946
2025-08-29 19:43:01,328 - INFO - Samples generated: ./experiments/sketch_32x32_50classes_20250829_180534/samples/samples_epoch_8810_classes_0-15.png
2025-08-29 19:43:03,149 - INFO - Epoch 8820, Loss: 105.263634
2025-08-29 19:43:07,542 - INFO - Samples generated: ./experiments/sketch_32x32_50classes_20250829_180534/samples/samples_epoch_8820_classes_0-15.png
2025-08-29 19:43:09,376 - INFO - Epoch 8830, Loss: 113.778290
2025-08-29 19:43:13,645 - INFO - Samples generated: ./experiments/sketch_32x32_50classes_20250829_180534/samples/samples_epoch_8830_classes_0-15.png
2025-08-29 19:43:15,433 - INFO - Epoch 8840, Loss: 109.940704
2025-08-29 19:43:19,895 - INFO - Samples generated: ./experiments/sketch_32x32_50classes_20250829_180534/samples/samples_epoch_8840_classes_0-15.png
2025-08-29 19:43:21,654 - INFO - Epoch 8850, Loss: 112.514778
2025-08-29 19:43:22,238 - INFO - Checkpoint saved: ./experiments/sketch_32x32_50classes_20250829_180534/ckps/checkpoint_epoch_8850.pth
2025-08-29 19:43:26,468 - INFO - Samples generated: ./experiments/sketch_32x32_50classes_20250829_180534/samples/samples_epoch_8850_classes_0-15.png
2025-08-29 19:43:28,276 - INFO - Epoch 8860, Loss: 130.094421
2025-08-29 19:43:32,698 - INFO - Samples generated: ./experiments/sketch_32x32_50classes_20250829_180534/samples/samples_epoch_8860_classes_0-15.png
2025-08-29 19:43:34,538 - INFO - Epoch 8870, Loss: 96.908463
2025-08-29 19:43:38,831 - INFO - Samples generated: ./experiments/sketch_32x32_50classes_20250829_180534/samples/samples_epoch_8870_classes_0-15.png
2025-08-29 19:43:40,577 - INFO - Epoch 8880, Loss: 136.241852
2025-08-29 19:43:44,828 - INFO - Samples generated: ./experiments/sketch_32x32_50classes_20250829_180534/samples/samples_epoch_8880_classes_0-15.png
2025-08-29 19:43:46,650 - INFO - Epoch 8890, Loss: 131.883499
2025-08-29 19:43:51,260 - INFO - Samples generated: ./experiments/sketch_32x32_50classes_20250829_180534/samples/samples_epoch_8890_classes_0-15.png
2025-08-29 19:43:53,138 - INFO - Epoch 8900, Loss: 98.411743
2025-08-29 19:43:53,714 - INFO - Checkpoint saved: ./experiments/sketch_32x32_50classes_20250829_180534/ckps/checkpoint_epoch_8900.pth
2025-08-29 19:43:57,996 - INFO - Samples generated: ./experiments/sketch_32x32_50classes_20250829_180534/samples/samples_epoch_8900_classes_0-15.png
2025-08-29 19:43:59,826 - INFO - Epoch 8910, Loss: 115.752548
2025-08-29 19:44:04,243 - INFO - Samples generated: ./experiments/sketch_32x32_50classes_20250829_180534/samples/samples_epoch_8910_classes_0-15.png
2025-08-29 19:44:06,079 - INFO - Epoch 8920, Loss: 110.515129
2025-08-29 19:44:10,390 - INFO - Samples generated: ./experiments/sketch_32x32_50classes_20250829_180534/samples/samples_epoch_8920_classes_0-15.png
2025-08-29 19:44:12,220 - INFO - Epoch 8930, Loss: 91.730247
2025-08-29 19:44:16,648 - INFO - Samples generated: ./experiments/sketch_32x32_50classes_20250829_180534/samples/samples_epoch_8930_classes_0-15.png
2025-08-29 19:44:18,438 - INFO - Epoch 8940, Loss: 141.780548
2025-08-29 19:44:22,711 - INFO - Samples generated: ./experiments/sketch_32x32_50classes_20250829_180534/samples/samples_epoch_8940_classes_0-15.png
2025-08-29 19:44:24,537 - INFO - Epoch 8950, Loss: 130.684860
2025-08-29 19:44:25,148 - INFO - Checkpoint saved: ./experiments/sketch_32x32_50classes_20250829_180534/ckps/checkpoint_epoch_8950.pth
2025-08-29 19:44:29,533 - INFO - Samples generated: ./experiments/sketch_32x32_50classes_20250829_180534/samples/samples_epoch_8950_classes_0-15.png
2025-08-29 19:44:31,354 - INFO - Epoch 8960, Loss: 121.459526
2025-08-29 19:44:35,615 - INFO - Samples generated: ./experiments/sketch_32x32_50classes_20250829_180534/samples/samples_epoch_8960_classes_0-15.png
2025-08-29 19:44:37,493 - INFO - Epoch 8970, Loss: 124.961723
2025-08-29 19:44:41,886 - INFO - Samples generated: ./experiments/sketch_32x32_50classes_20250829_180534/samples/samples_epoch_8970_classes_0-15.png
2025-08-29 19:44:43,735 - INFO - Epoch 8980, Loss: 113.563202
2025-08-29 19:44:47,991 - INFO - Samples generated: ./experiments/sketch_32x32_50classes_20250829_180534/samples/samples_epoch_8980_classes_0-15.png
2025-08-29 19:44:49,709 - INFO - Epoch 8990, Loss: 130.918762
2025-08-29 19:44:53,995 - INFO - Samples generated: ./experiments/sketch_32x32_50classes_20250829_180534/samples/samples_epoch_8990_classes_0-15.png
2025-08-29 19:44:55,760 - INFO - Epoch 9000, Loss: 128.583618
2025-08-29 19:44:56,514 - INFO - Checkpoint saved: ./experiments/sketch_32x32_50classes_20250829_180534/ckps/checkpoint_epoch_9000.pth
2025-08-29 19:45:00,764 - INFO - Samples generated: ./experiments/sketch_32x32_50classes_20250829_180534/samples/samples_epoch_9000_classes_0-15.png
2025-08-29 19:45:02,515 - INFO - Epoch 9010, Loss: 102.121185
2025-08-29 19:45:06,776 - INFO - Samples generated: ./experiments/sketch_32x32_50classes_20250829_180534/samples/samples_epoch_9010_classes_0-15.png
2025-08-29 19:45:08,596 - INFO - Epoch 9020, Loss: 117.720360
2025-08-29 19:45:13,025 - INFO - Samples generated: ./experiments/sketch_32x32_50classes_20250829_180534/samples/samples_epoch_9020_classes_0-15.png
2025-08-29 19:45:14,792 - INFO - Epoch 9030, Loss: 113.948822
2025-08-29 19:45:19,053 - INFO - Samples generated: ./experiments/sketch_32x32_50classes_20250829_180534/samples/samples_epoch_9030_classes_0-15.png
2025-08-29 19:45:20,968 - INFO - Epoch 9040, Loss: 151.639008
2025-08-29 19:45:25,375 - INFO - Samples generated: ./experiments/sketch_32x32_50classes_20250829_180534/samples/samples_epoch_9040_classes_0-15.png
2025-08-29 19:45:27,174 - INFO - Epoch 9050, Loss: 120.931587
2025-08-29 19:45:27,744 - INFO - Checkpoint saved: ./experiments/sketch_32x32_50classes_20250829_180534/ckps/checkpoint_epoch_9050.pth
2025-08-29 19:45:32,058 - INFO - Samples generated: ./experiments/sketch_32x32_50classes_20250829_180534/samples/samples_epoch_9050_classes_0-15.png
2025-08-29 19:45:33,805 - INFO - Epoch 9060, Loss: 111.863358
2025-08-29 19:45:38,215 - INFO - Samples generated: ./experiments/sketch_32x32_50classes_20250829_180534/samples/samples_epoch_9060_classes_0-15.png
2025-08-29 19:45:39,969 - INFO - Epoch 9070, Loss: 92.736313
2025-08-29 19:45:44,225 - INFO - Samples generated: ./experiments/sketch_32x32_50classes_20250829_180534/samples/samples_epoch_9070_classes_0-15.png
2025-08-29 19:45:46,030 - INFO - Epoch 9080, Loss: 123.358742
2025-08-29 19:45:50,440 - INFO - Samples generated: ./experiments/sketch_32x32_50classes_20250829_180534/samples/samples_epoch_9080_classes_0-15.png
2025-08-29 19:45:52,159 - INFO - Epoch 9090, Loss: 118.577148
2025-08-29 19:45:56,449 - INFO - Samples generated: ./experiments/sketch_32x32_50classes_20250829_180534/samples/samples_epoch_9090_classes_0-15.png
2025-08-29 19:45:58,088 - INFO - Epoch 9100, Loss: 113.781754
2025-08-29 19:45:58,686 - INFO - Checkpoint saved: ./experiments/sketch_32x32_50classes_20250829_180534/ckps/checkpoint_epoch_9100.pth
2025-08-29 19:46:03,087 - INFO - Samples generated: ./experiments/sketch_32x32_50classes_20250829_180534/samples/samples_epoch_9100_classes_0-15.png
2025-08-29 19:46:04,895 - INFO - Epoch 9110, Loss: 150.049057
2025-08-29 19:46:09,177 - INFO - Samples generated: ./experiments/sketch_32x32_50classes_20250829_180534/samples/samples_epoch_9110_classes_0-15.png
2025-08-29 19:46:10,962 - INFO - Epoch 9120, Loss: 102.981041
2025-08-29 19:46:15,366 - INFO - Samples generated: ./experiments/sketch_32x32_50classes_20250829_180534/samples/samples_epoch_9120_classes_0-15.png
2025-08-29 19:46:17,215 - INFO - Epoch 9130, Loss: 124.276779
2025-08-29 19:46:21,483 - INFO - Samples generated: ./experiments/sketch_32x32_50classes_20250829_180534/samples/samples_epoch_9130_classes_0-15.png
2025-08-29 19:46:23,348 - INFO - Epoch 9140, Loss: 123.989830
2025-08-29 19:46:27,582 - INFO - Samples generated: ./experiments/sketch_32x32_50classes_20250829_180534/samples/samples_epoch_9140_classes_0-15.png
2025-08-29 19:46:29,467 - INFO - Epoch 9150, Loss: 146.229736
2025-08-29 19:46:30,207 - INFO - Checkpoint saved: ./experiments/sketch_32x32_50classes_20250829_180534/ckps/checkpoint_epoch_9150.pth
2025-08-29 19:46:34,464 - INFO - Samples generated: ./experiments/sketch_32x32_50classes_20250829_180534/samples/samples_epoch_9150_classes_0-15.png
2025-08-29 19:46:36,304 - INFO - Epoch 9160, Loss: 100.716324
2025-08-29 19:46:40,578 - INFO - Samples generated: ./experiments/sketch_32x32_50classes_20250829_180534/samples/samples_epoch_9160_classes_0-15.png
2025-08-29 19:46:42,260 - INFO - Epoch 9170, Loss: 140.698257
2025-08-29 19:46:46,558 - INFO - Samples generated: ./experiments/sketch_32x32_50classes_20250829_180534/samples/samples_epoch_9170_classes_0-15.png
2025-08-29 19:46:47,878 - INFO - Epoch 9180, Loss: 106.201157
2025-08-29 19:46:52,109 - INFO - Samples generated: ./experiments/sketch_32x32_50classes_20250829_180534/samples/samples_epoch_9180_classes_0-15.png
2025-08-29 19:46:53,919 - INFO - Epoch 9190, Loss: 108.153442
2025-08-29 19:46:58,324 - INFO - Samples generated: ./experiments/sketch_32x32_50classes_20250829_180534/samples/samples_epoch_9190_classes_0-15.png
2025-08-29 19:47:00,142 - INFO - Epoch 9200, Loss: 99.207962
2025-08-29 19:47:00,724 - INFO - Checkpoint saved: ./experiments/sketch_32x32_50classes_20250829_180534/ckps/checkpoint_epoch_9200.pth
2025-08-29 19:47:04,962 - INFO - Samples generated: ./experiments/sketch_32x32_50classes_20250829_180534/samples/samples_epoch_9200_classes_0-15.png
2025-08-29 19:47:06,755 - INFO - Epoch 9210, Loss: 120.203049
2025-08-29 19:47:11,175 - INFO - Samples generated: ./experiments/sketch_32x32_50classes_20250829_180534/samples/samples_epoch_9210_classes_0-15.png
2025-08-29 19:47:12,942 - INFO - Epoch 9220, Loss: 119.558281
2025-08-29 19:47:17,247 - INFO - Samples generated: ./experiments/sketch_32x32_50classes_20250829_180534/samples/samples_epoch_9220_classes_0-15.png
2025-08-29 19:47:19,215 - INFO - Epoch 9230, Loss: 144.568939
2025-08-29 19:47:23,640 - INFO - Samples generated: ./experiments/sketch_32x32_50classes_20250829_180534/samples/samples_epoch_9230_classes_0-15.png
2025-08-29 19:47:25,545 - INFO - Epoch 9240, Loss: 122.579910
2025-08-29 19:47:29,766 - INFO - Samples generated: ./experiments/sketch_32x32_50classes_20250829_180534/samples/samples_epoch_9240_classes_0-15.png
2025-08-29 19:47:31,572 - INFO - Epoch 9250, Loss: 109.872406
2025-08-29 19:47:32,148 - INFO - Checkpoint saved: ./experiments/sketch_32x32_50classes_20250829_180534/ckps/checkpoint_epoch_9250.pth
2025-08-29 19:47:36,579 - INFO - Samples generated: ./experiments/sketch_32x32_50classes_20250829_180534/samples/samples_epoch_9250_classes_0-15.png
2025-08-29 19:47:38,419 - INFO - Epoch 9260, Loss: 123.274292
2025-08-29 19:47:42,704 - INFO - Samples generated: ./experiments/sketch_32x32_50classes_20250829_180534/samples/samples_epoch_9260_classes_0-15.png
2025-08-29 19:47:44,534 - INFO - Epoch 9270, Loss: 132.692932
2025-08-29 19:47:48,947 - INFO - Samples generated: ./experiments/sketch_32x32_50classes_20250829_180534/samples/samples_epoch_9270_classes_0-15.png
2025-08-29 19:47:50,795 - INFO - Epoch 9280, Loss: 106.754875
2025-08-29 19:47:55,071 - INFO - Samples generated: ./experiments/sketch_32x32_50classes_20250829_180534/samples/samples_epoch_9280_classes_0-15.png
2025-08-29 19:47:56,923 - INFO - Epoch 9290, Loss: 114.067650
2025-08-29 19:48:01,190 - INFO - Samples generated: ./experiments/sketch_32x32_50classes_20250829_180534/samples/samples_epoch_9290_classes_0-15.png
2025-08-29 19:48:03,001 - INFO - Epoch 9300, Loss: 126.270027
2025-08-29 19:48:03,836 - INFO - Checkpoint saved: ./experiments/sketch_32x32_50classes_20250829_180534/ckps/checkpoint_epoch_9300.pth
2025-08-29 19:48:08,076 - INFO - Samples generated: ./experiments/sketch_32x32_50classes_20250829_180534/samples/samples_epoch_9300_classes_0-15.png
2025-08-29 19:48:09,962 - INFO - Epoch 9310, Loss: 103.274399
2025-08-29 19:48:14,227 - INFO - Samples generated: ./experiments/sketch_32x32_50classes_20250829_180534/samples/samples_epoch_9310_classes_0-15.png
2025-08-29 19:48:16,035 - INFO - Epoch 9320, Loss: 116.381912
2025-08-29 19:48:20,450 - INFO - Samples generated: ./experiments/sketch_32x32_50classes_20250829_180534/samples/samples_epoch_9320_classes_0-15.png
2025-08-29 19:48:22,174 - INFO - Epoch 9330, Loss: 128.076920
2025-08-29 19:48:26,415 - INFO - Samples generated: ./experiments/sketch_32x32_50classes_20250829_180534/samples/samples_epoch_9330_classes_0-15.png
2025-08-29 19:48:28,273 - INFO - Epoch 9340, Loss: 110.118790
2025-08-29 19:48:32,711 - INFO - Samples generated: ./experiments/sketch_32x32_50classes_20250829_180534/samples/samples_epoch_9340_classes_0-15.png
2025-08-29 19:48:34,508 - INFO - Epoch 9350, Loss: 105.762344
2025-08-29 19:48:35,090 - INFO - Checkpoint saved: ./experiments/sketch_32x32_50classes_20250829_180534/ckps/checkpoint_epoch_9350.pth
2025-08-29 19:48:39,368 - INFO - Samples generated: ./experiments/sketch_32x32_50classes_20250829_180534/samples/samples_epoch_9350_classes_0-15.png
2025-08-29 19:48:41,179 - INFO - Epoch 9360, Loss: 112.946754
2025-08-29 19:48:45,611 - INFO - Samples generated: ./experiments/sketch_32x32_50classes_20250829_180534/samples/samples_epoch_9360_classes_0-15.png
2025-08-29 19:48:47,509 - INFO - Epoch 9370, Loss: 116.399429
2025-08-29 19:48:51,767 - INFO - Samples generated: ./experiments/sketch_32x32_50classes_20250829_180534/samples/samples_epoch_9370_classes_0-15.png
2025-08-29 19:48:53,625 - INFO - Epoch 9380, Loss: 108.538185
2025-08-29 19:48:58,091 - INFO - Samples generated: ./experiments/sketch_32x32_50classes_20250829_180534/samples/samples_epoch_9380_classes_0-15.png
2025-08-29 19:48:59,893 - INFO - Epoch 9390, Loss: 131.329178
2025-08-29 19:49:04,139 - INFO - Samples generated: ./experiments/sketch_32x32_50classes_20250829_180534/samples/samples_epoch_9390_classes_0-15.png
2025-08-29 19:49:06,045 - INFO - Epoch 9400, Loss: 110.208260
2025-08-29 19:49:06,631 - INFO - Checkpoint saved: ./experiments/sketch_32x32_50classes_20250829_180534/ckps/checkpoint_epoch_9400.pth
2025-08-29 19:49:11,022 - INFO - Samples generated: ./experiments/sketch_32x32_50classes_20250829_180534/samples/samples_epoch_9400_classes_0-15.png
2025-08-29 19:49:13,026 - INFO - Epoch 9410, Loss: 121.794006
2025-08-29 19:49:17,312 - INFO - Samples generated: ./experiments/sketch_32x32_50classes_20250829_180534/samples/samples_epoch_9410_classes_0-15.png
2025-08-29 19:49:19,008 - INFO - Epoch 9420, Loss: 120.749832
2025-08-29 19:49:23,544 - INFO - Samples generated: ./experiments/sketch_32x32_50classes_20250829_180534/samples/samples_epoch_9420_classes_0-15.png
2025-08-29 19:49:25,349 - INFO - Epoch 9430, Loss: 117.866188
2025-08-29 19:49:29,622 - INFO - Samples generated: ./experiments/sketch_32x32_50classes_20250829_180534/samples/samples_epoch_9430_classes_0-15.png
2025-08-29 19:49:31,457 - INFO - Epoch 9440, Loss: 101.196411
2025-08-29 19:49:35,735 - INFO - Samples generated: ./experiments/sketch_32x32_50classes_20250829_180534/samples/samples_epoch_9440_classes_0-15.png
2025-08-29 19:49:37,490 - INFO - Epoch 9450, Loss: 105.234329
2025-08-29 19:49:38,064 - INFO - Checkpoint saved: ./experiments/sketch_32x32_50classes_20250829_180534/ckps/checkpoint_epoch_9450.pth
2025-08-29 19:49:42,325 - INFO - Samples generated: ./experiments/sketch_32x32_50classes_20250829_180534/samples/samples_epoch_9450_classes_0-15.png
2025-08-29 19:49:44,049 - INFO - Epoch 9460, Loss: 145.173447
2025-08-29 19:49:48,449 - INFO - Samples generated: ./experiments/sketch_32x32_50classes_20250829_180534/samples/samples_epoch_9460_classes_0-15.png
2025-08-29 19:49:50,242 - INFO - Epoch 9470, Loss: 103.140404
2025-08-29 19:49:54,493 - INFO - Samples generated: ./experiments/sketch_32x32_50classes_20250829_180534/samples/samples_epoch_9470_classes_0-15.png
2025-08-29 19:49:56,149 - INFO - Epoch 9480, Loss: 120.937691
2025-08-29 19:50:00,406 - INFO - Samples generated: ./experiments/sketch_32x32_50classes_20250829_180534/samples/samples_epoch_9480_classes_0-15.png
2025-08-29 19:50:01,706 - INFO - Epoch 9490, Loss: 127.482773
2025-08-29 19:50:06,125 - INFO - Samples generated: ./experiments/sketch_32x32_50classes_20250829_180534/samples/samples_epoch_9490_classes_0-15.png
2025-08-29 19:50:07,687 - INFO - Epoch 9500, Loss: 116.696564
2025-08-29 19:50:08,299 - INFO - Checkpoint saved: ./experiments/sketch_32x32_50classes_20250829_180534/ckps/checkpoint_epoch_9500.pth
2025-08-29 19:50:12,581 - INFO - Samples generated: ./experiments/sketch_32x32_50classes_20250829_180534/samples/samples_epoch_9500_classes_0-15.png
2025-08-29 19:50:14,257 - INFO - Epoch 9510, Loss: 113.515617
2025-08-29 19:50:18,676 - INFO - Samples generated: ./experiments/sketch_32x32_50classes_20250829_180534/samples/samples_epoch_9510_classes_0-15.png
2025-08-29 19:50:20,294 - INFO - Epoch 9520, Loss: 131.492157
2025-08-29 19:50:24,663 - INFO - Samples generated: ./experiments/sketch_32x32_50classes_20250829_180534/samples/samples_epoch_9520_classes_0-15.png
2025-08-29 19:50:26,375 - INFO - Epoch 9530, Loss: 130.521317
2025-08-29 19:50:30,802 - INFO - Samples generated: ./experiments/sketch_32x32_50classes_20250829_180534/samples/samples_epoch_9530_classes_0-15.png
2025-08-29 19:50:32,426 - INFO - Epoch 9540, Loss: 114.357407
2025-08-29 19:50:36,686 - INFO - Samples generated: ./experiments/sketch_32x32_50classes_20250829_180534/samples/samples_epoch_9540_classes_0-15.png
2025-08-29 19:50:38,389 - INFO - Epoch 9550, Loss: 109.185974
2025-08-29 19:50:38,970 - INFO - Checkpoint saved: ./experiments/sketch_32x32_50classes_20250829_180534/ckps/checkpoint_epoch_9550.pth
2025-08-29 19:50:43,369 - INFO - Samples generated: ./experiments/sketch_32x32_50classes_20250829_180534/samples/samples_epoch_9550_classes_0-15.png
2025-08-29 19:50:44,946 - INFO - Epoch 9560, Loss: 104.666885
2025-08-29 19:50:49,221 - INFO - Samples generated: ./experiments/sketch_32x32_50classes_20250829_180534/samples/samples_epoch_9560_classes_0-15.png
2025-08-29 19:50:55,752 - INFO - New best model saved (loss: 82.103241)
2025-08-29 19:50:57,233 - INFO - Epoch 9570, Loss: 88.094254
2025-08-29 19:51:01,668 - INFO - Samples generated: ./experiments/sketch_32x32_50classes_20250829_180534/samples/samples_epoch_9570_classes_0-15.png
2025-08-29 19:51:03,512 - INFO - Epoch 9580, Loss: 125.094742
2025-08-29 19:51:07,771 - INFO - Samples generated: ./experiments/sketch_32x32_50classes_20250829_180534/samples/samples_epoch_9580_classes_0-15.png
2025-08-29 19:51:09,399 - INFO - Epoch 9590, Loss: 127.303345
2025-08-29 19:51:13,818 - INFO - Samples generated: ./experiments/sketch_32x32_50classes_20250829_180534/samples/samples_epoch_9590_classes_0-15.png
2025-08-29 19:51:15,534 - INFO - Epoch 9600, Loss: 123.840279
2025-08-29 19:51:16,151 - INFO - Checkpoint saved: ./experiments/sketch_32x32_50classes_20250829_180534/ckps/checkpoint_epoch_9600.pth
2025-08-29 19:51:20,445 - INFO - Samples generated: ./experiments/sketch_32x32_50classes_20250829_180534/samples/samples_epoch_9600_classes_0-15.png
2025-08-29 19:51:22,118 - INFO - Epoch 9610, Loss: 120.347748
2025-08-29 19:51:26,420 - INFO - Samples generated: ./experiments/sketch_32x32_50classes_20250829_180534/samples/samples_epoch_9610_classes_0-15.png
2025-08-29 19:51:28,298 - INFO - Epoch 9620, Loss: 111.542374
2025-08-29 19:51:32,567 - INFO - Samples generated: ./experiments/sketch_32x32_50classes_20250829_180534/samples/samples_epoch_9620_classes_0-15.png
2025-08-29 19:51:34,223 - INFO - Epoch 9630, Loss: 134.516113
2025-08-29 19:51:38,504 - INFO - Samples generated: ./experiments/sketch_32x32_50classes_20250829_180534/samples/samples_epoch_9630_classes_0-15.png
2025-08-29 19:51:40,087 - INFO - Epoch 9640, Loss: 131.166733
2025-08-29 19:51:44,506 - INFO - Samples generated: ./experiments/sketch_32x32_50classes_20250829_180534/samples/samples_epoch_9640_classes_0-15.png
2025-08-29 19:51:46,096 - INFO - Epoch 9650, Loss: 108.361969
2025-08-29 19:51:46,740 - INFO - Checkpoint saved: ./experiments/sketch_32x32_50classes_20250829_180534/ckps/checkpoint_epoch_9650.pth
2025-08-29 19:51:50,999 - INFO - Samples generated: ./experiments/sketch_32x32_50classes_20250829_180534/samples/samples_epoch_9650_classes_0-15.png
2025-08-29 19:51:52,787 - INFO - Epoch 9660, Loss: 103.173355
2025-08-29 19:51:57,028 - INFO - Samples generated: ./experiments/sketch_32x32_50classes_20250829_180534/samples/samples_epoch_9660_classes_0-15.png
2025-08-29 19:51:58,553 - INFO - Epoch 9670, Loss: 130.439194
2025-08-29 19:52:02,826 - INFO - Samples generated: ./experiments/sketch_32x32_50classes_20250829_180534/samples/samples_epoch_9670_classes_0-15.png
2025-08-29 19:52:04,395 - INFO - Epoch 9680, Loss: 132.055679
2025-08-29 19:52:08,821 - INFO - Samples generated: ./experiments/sketch_32x32_50classes_20250829_180534/samples/samples_epoch_9680_classes_0-15.png
2025-08-29 19:52:10,534 - INFO - Epoch 9690, Loss: 121.446938
2025-08-29 19:52:14,764 - INFO - Samples generated: ./experiments/sketch_32x32_50classes_20250829_180534/samples/samples_epoch_9690_classes_0-15.png
2025-08-29 19:52:16,329 - INFO - Epoch 9700, Loss: 131.448074
2025-08-29 19:52:17,084 - INFO - Checkpoint saved: ./experiments/sketch_32x32_50classes_20250829_180534/ckps/checkpoint_epoch_9700.pth
2025-08-29 19:52:21,361 - INFO - Samples generated: ./experiments/sketch_32x32_50classes_20250829_180534/samples/samples_epoch_9700_classes_0-15.png
2025-08-29 19:52:22,932 - INFO - Epoch 9710, Loss: 110.777466
2025-08-29 19:52:27,238 - INFO - Samples generated: ./experiments/sketch_32x32_50classes_20250829_180534/samples/samples_epoch_9710_classes_0-15.png
2025-08-29 19:52:28,856 - INFO - Epoch 9720, Loss: 113.997879
2025-08-29 19:52:33,283 - INFO - Samples generated: ./experiments/sketch_32x32_50classes_20250829_180534/samples/samples_epoch_9720_classes_0-15.png
2025-08-29 19:52:34,962 - INFO - Epoch 9730, Loss: 126.184311
2025-08-29 19:52:39,229 - INFO - Samples generated: ./experiments/sketch_32x32_50classes_20250829_180534/samples/samples_epoch_9730_classes_0-15.png
2025-08-29 19:52:40,880 - INFO - Epoch 9740, Loss: 126.111534
2025-08-29 19:52:45,311 - INFO - Samples generated: ./experiments/sketch_32x32_50classes_20250829_180534/samples/samples_epoch_9740_classes_0-15.png
2025-08-29 19:52:46,883 - INFO - Epoch 9750, Loss: 110.519333
2025-08-29 19:52:47,483 - INFO - Checkpoint saved: ./experiments/sketch_32x32_50classes_20250829_180534/ckps/checkpoint_epoch_9750.pth
2025-08-29 19:52:51,736 - INFO - Samples generated: ./experiments/sketch_32x32_50classes_20250829_180534/samples/samples_epoch_9750_classes_0-15.png
2025-08-29 19:52:53,361 - INFO - Epoch 9760, Loss: 108.386414
2025-08-29 19:52:57,785 - INFO - Samples generated: ./experiments/sketch_32x32_50classes_20250829_180534/samples/samples_epoch_9760_classes_0-15.png
2025-08-29 19:52:59,425 - INFO - Epoch 9770, Loss: 128.949936
2025-08-29 19:53:03,731 - INFO - Samples generated: ./experiments/sketch_32x32_50classes_20250829_180534/samples/samples_epoch_9770_classes_0-15.png
2025-08-29 19:53:05,254 - INFO - Epoch 9780, Loss: 126.380180
2025-08-29 19:53:09,651 - INFO - Samples generated: ./experiments/sketch_32x32_50classes_20250829_180534/samples/samples_epoch_9780_classes_0-15.png
2025-08-29 19:53:11,457 - INFO - Epoch 9790, Loss: 112.914787
2025-08-29 19:53:15,708 - INFO - Samples generated: ./experiments/sketch_32x32_50classes_20250829_180534/samples/samples_epoch_9790_classes_0-15.png
2025-08-29 19:53:17,257 - INFO - Epoch 9800, Loss: 125.117691
2025-08-29 19:53:17,849 - INFO - Checkpoint saved: ./experiments/sketch_32x32_50classes_20250829_180534/ckps/checkpoint_epoch_9800.pth
2025-08-29 19:53:22,272 - INFO - Samples generated: ./experiments/sketch_32x32_50classes_20250829_180534/samples/samples_epoch_9800_classes_0-15.png
2025-08-29 19:53:23,959 - INFO - Epoch 9810, Loss: 110.349518
2025-08-29 19:53:28,210 - INFO - Samples generated: ./experiments/sketch_32x32_50classes_20250829_180534/samples/samples_epoch_9810_classes_0-15.png
2025-08-29 19:53:29,798 - INFO - Epoch 9820, Loss: 113.189957
2025-08-29 19:53:34,190 - INFO - Samples generated: ./experiments/sketch_32x32_50classes_20250829_180534/samples/samples_epoch_9820_classes_0-15.png
2025-08-29 19:53:35,980 - INFO - Epoch 9830, Loss: 109.639587
2025-08-29 19:53:40,242 - INFO - Samples generated: ./experiments/sketch_32x32_50classes_20250829_180534/samples/samples_epoch_9830_classes_0-15.png
2025-08-29 19:53:42,019 - INFO - Epoch 9840, Loss: 113.865921
2025-08-29 19:53:46,294 - INFO - Samples generated: ./experiments/sketch_32x32_50classes_20250829_180534/samples/samples_epoch_9840_classes_0-15.png
2025-08-29 19:53:47,972 - INFO - Epoch 9850, Loss: 109.582199
2025-08-29 19:53:48,719 - INFO - Checkpoint saved: ./experiments/sketch_32x32_50classes_20250829_180534/ckps/checkpoint_epoch_9850.pth
2025-08-29 19:53:52,968 - INFO - Samples generated: ./experiments/sketch_32x32_50classes_20250829_180534/samples/samples_epoch_9850_classes_0-15.png
2025-08-29 19:53:54,627 - INFO - Epoch 9860, Loss: 131.977142
2025-08-29 19:53:58,904 - INFO - Samples generated: ./experiments/sketch_32x32_50classes_20250829_180534/samples/samples_epoch_9860_classes_0-15.png
2025-08-29 19:54:00,554 - INFO - Epoch 9870, Loss: 95.235245
2025-08-29 19:54:04,966 - INFO - Samples generated: ./experiments/sketch_32x32_50classes_20250829_180534/samples/samples_epoch_9870_classes_0-15.png
2025-08-29 19:54:06,619 - INFO - Epoch 9880, Loss: 114.449471
2025-08-29 19:54:10,885 - INFO - Samples generated: ./experiments/sketch_32x32_50classes_20250829_180534/samples/samples_epoch_9880_classes_0-15.png
2025-08-29 19:54:12,571 - INFO - Epoch 9890, Loss: 88.911011
2025-08-29 19:54:16,945 - INFO - Samples generated: ./experiments/sketch_32x32_50classes_20250829_180534/samples/samples_epoch_9890_classes_0-15.png
2025-08-29 19:54:18,658 - INFO - Epoch 9900, Loss: 110.434448
2025-08-29 19:54:19,226 - INFO - Checkpoint saved: ./experiments/sketch_32x32_50classes_20250829_180534/ckps/checkpoint_epoch_9900.pth
2025-08-29 19:54:23,466 - INFO - Samples generated: ./experiments/sketch_32x32_50classes_20250829_180534/samples/samples_epoch_9900_classes_0-15.png
2025-08-29 19:54:24,813 - INFO - Epoch 9910, Loss: 132.815063
2025-08-29 19:54:29,224 - INFO - Samples generated: ./experiments/sketch_32x32_50classes_20250829_180534/samples/samples_epoch_9910_classes_0-15.png
2025-08-29 19:54:30,616 - INFO - Epoch 9920, Loss: 121.493874
2025-08-29 19:54:34,875 - INFO - Samples generated: ./experiments/sketch_32x32_50classes_20250829_180534/samples/samples_epoch_9920_classes_0-15.png
2025-08-29 19:54:38,819 - INFO - New best model saved (loss: 76.431297)
2025-08-29 19:54:39,718 - INFO - Epoch 9930, Loss: 103.982788
2025-08-29 19:54:44,123 - INFO - Samples generated: ./experiments/sketch_32x32_50classes_20250829_180534/samples/samples_epoch_9930_classes_0-15.png
2025-08-29 19:54:45,867 - INFO - Epoch 9940, Loss: 129.240952
2025-08-29 19:54:50,143 - INFO - Samples generated: ./experiments/sketch_32x32_50classes_20250829_180534/samples/samples_epoch_9940_classes_0-15.png
2025-08-29 19:54:51,753 - INFO - Epoch 9950, Loss: 126.662170
2025-08-29 19:54:52,326 - INFO - Checkpoint saved: ./experiments/sketch_32x32_50classes_20250829_180534/ckps/checkpoint_epoch_9950.pth
2025-08-29 19:54:56,711 - INFO - Samples generated: ./experiments/sketch_32x32_50classes_20250829_180534/samples/samples_epoch_9950_classes_0-15.png
2025-08-29 19:55:00,259 - INFO - New best model saved (loss: 76.128487)
2025-08-29 19:55:01,806 - INFO - Epoch 9960, Loss: 116.553970
2025-08-29 19:55:06,047 - INFO - Samples generated: ./experiments/sketch_32x32_50classes_20250829_180534/samples/samples_epoch_9960_classes_0-15.png
2025-08-29 19:55:07,660 - INFO - Epoch 9970, Loss: 118.070312
2025-08-29 19:55:12,069 - INFO - Samples generated: ./experiments/sketch_32x32_50classes_20250829_180534/samples/samples_epoch_9970_classes_0-15.png
2025-08-29 19:55:13,789 - INFO - Epoch 9980, Loss: 122.105927
2025-08-29 19:55:18,068 - INFO - Samples generated: ./experiments/sketch_32x32_50classes_20250829_180534/samples/samples_epoch_9980_classes_0-15.png
2025-08-29 19:55:19,634 - INFO - Epoch 9990, Loss: 105.827599
2025-08-29 19:55:24,064 - INFO - Samples generated: ./experiments/sketch_32x32_50classes_20250829_180534/samples/samples_epoch_9990_classes_0-15.png
2025-08-29 19:55:26,172 - INFO - Training completed!
2025-08-29 19:55:26,172 - INFO - Final loss: 116.764160
2025-08-29 19:55:26,172 - INFO - Best loss: 76.128487
2025-08-29 19:55:26,172 - INFO - Final model saved: ./experiments/sketch_32x32_50classes_20250829_180534/ckps/final_model.pth
2025-08-29 19:55:26,173 - INFO - Best model saved: ./experiments/sketch_32x32_50classes_20250829_180534/ckps/best_model.pth
