2025-09-24 16:58:06,790 - INFO - Starting experiment: sketch_64x64_10classes
2025-09-24 16:58:06,791 - INFO - Config: {'description': '64x64 resolution, 10 classes, research-grade model (optimized for memory)', 'image_size': 64, 'model_channels': [64, 128, 256, 512], 'num_residual_layers': 4, 'learning_rate': 0.0001, 'guidance_scale': 1.5, 'eta': 0.1, 'weight_multiplier': 1.0, 'batch_size': 32, 'num_epochs': 10000, 'checkpoint_interval': 0, 'sample_interval': 25}
2025-09-24 16:58:06,791 - INFO - Using device: cuda:1
2025-09-24 16:58:07,350 - INFO - GPU Memory: 25.2GB
2025-09-24 16:58:07,351 - INFO - Free Memory: 0.0GB
2025-09-24 16:58:07,351 - INFO - Initializing probability path...
2025-09-24 16:58:08,657 - INFO - Probability path initialized successfully
2025-09-24 16:58:08,658 - INFO - Initializing SketchUNet model...
2025-09-24 16:58:09,388 - INFO - Model initialized successfully
2025-09-24 16:58:09,391 - INFO - Total parameters: 34,947,534
2025-09-24 16:58:09,391 - INFO - Trainable parameters: 34,947,534
2025-09-24 16:58:09,391 - INFO - Initializing CFG trainer...
2025-09-24 16:58:09,391 - INFO - Trainer initialized successfully
2025-09-24 16:58:09,391 - INFO - Starting training:
2025-09-24 16:58:09,391 - INFO -   - Total epochs: 10000
2025-09-24 16:58:09,391 - INFO -   - Learning rate: 0.0001
2025-09-24 16:58:09,391 - INFO -   - Batch size: 32
2025-09-24 16:58:09,391 - INFO -   - Image size: 64x64
2025-09-24 16:58:09,391 - INFO -   - Model channels: [64, 128, 256, 512]
2025-09-24 16:58:09,391 - INFO -   - Eta (null class probability): 0.1
2025-09-24 16:58:09,391 - INFO -   - Loss: Standard MSE (no weighting)
2025-09-24 16:58:09,391 - INFO -   - Checkpoint interval: 0
2025-09-24 16:58:09,391 - INFO -   - Sample interval: 25
2025-09-24 16:58:09,391 - INFO - Starting training...
2025-09-24 16:58:14,062 - INFO - Epoch    0, Loss: 10459.327148
2025-09-24 16:58:14,703 - INFO - New best model saved (loss: 10459.327148)
2025-09-24 16:58:24,038 - INFO - Samples generated: ./experiments/sketch_64x64_10classes_20250924_165806/samples/samples_epoch_0000_classes_0-1.png
2025-09-24 16:58:27,816 - INFO - New best model saved (loss: 10306.749023)
2025-09-24 16:58:31,185 - INFO - New best model saved (loss: 8248.143555)
2025-09-24 16:58:34,874 - INFO - New best model saved (loss: 6769.021484)
2025-09-24 16:58:38,614 - INFO - New best model saved (loss: 5440.032227)
2025-09-24 16:58:39,882 - INFO - Epoch   10, Loss: 5823.881836
2025-09-24 16:58:44,650 - INFO - New best model saved (loss: 5431.631836)
2025-09-24 16:58:48,712 - INFO - New best model saved (loss: 5288.225586)
2025-09-24 16:58:49,815 - INFO - Epoch   20, Loss: 5690.331543
2025-09-24 16:58:53,961 - INFO - New best model saved (loss: 5130.399902)
2025-09-24 16:59:03,621 - INFO - Samples generated: ./experiments/sketch_64x64_10classes_20250924_165806/samples/samples_epoch_0025_classes_0-1.png
2025-09-24 16:59:05,353 - INFO - Epoch   30, Loss: 5334.655273
2025-09-24 16:59:08,889 - INFO - New best model saved (loss: 4786.082031)
2025-09-24 16:59:13,526 - INFO - New best model saved (loss: 4675.022949)
2025-09-24 16:59:14,678 - INFO - Epoch   40, Loss: 4752.824707
2025-09-24 16:59:18,934 - INFO - New best model saved (loss: 4650.557617)
2025-09-24 16:59:22,181 - INFO - New best model saved (loss: 4635.926758)
2025-09-24 16:59:25,690 - INFO - New best model saved (loss: 4438.106445)
2025-09-24 16:59:27,243 - INFO - Epoch   50, Loss: 4847.728516
2025-09-24 16:59:36,612 - INFO - Samples generated: ./experiments/sketch_64x64_10classes_20250924_165806/samples/samples_epoch_0050_classes_0-1.png
2025-09-24 16:59:41,780 - INFO - New best model saved (loss: 4361.310547)
2025-09-24 16:59:45,610 - INFO - New best model saved (loss: 4350.046387)
2025-09-24 16:59:46,479 - INFO - Epoch   60, Loss: 4760.827148
2025-09-24 16:59:49,834 - INFO - New best model saved (loss: 4322.687988)
2025-09-24 16:59:54,224 - INFO - New best model saved (loss: 4161.111328)
2025-09-24 16:59:55,846 - INFO - Epoch   70, Loss: 4159.269531
2025-09-24 16:59:58,828 - INFO - New best model saved (loss: 4159.269531)
2025-09-24 17:00:09,834 - INFO - Samples generated: ./experiments/sketch_64x64_10classes_20250924_165806/samples/samples_epoch_0075_classes_0-1.png
2025-09-24 17:00:13,183 - INFO - New best model saved (loss: 4125.370117)
2025-09-24 17:00:17,127 - INFO - New best model saved (loss: 4079.696045)
2025-09-24 17:00:20,373 - INFO - New best model saved (loss: 3973.671387)
2025-09-24 17:00:20,831 - INFO - Epoch   80, Loss: 4091.832520
2025-09-24 17:00:25,745 - INFO - New best model saved (loss: 3955.800049)
2025-09-24 17:00:29,101 - INFO - New best model saved (loss: 3948.975098)
2025-09-24 17:00:32,918 - INFO - New best model saved (loss: 3890.775146)
2025-09-24 17:00:33,743 - INFO - Epoch   90, Loss: 4116.409180
2025-09-24 17:00:37,238 - INFO - New best model saved (loss: 3878.386230)
2025-09-24 17:00:42,600 - INFO - New best model saved (loss: 3851.626953)
2025-09-24 17:00:46,113 - INFO - New best model saved (loss: 3814.328613)
2025-09-24 17:00:46,817 - INFO - Epoch  100, Loss: 3799.811279
2025-09-24 17:00:49,868 - INFO - New best model saved (loss: 3799.811279)
2025-09-24 17:00:59,167 - INFO - Samples generated: ./experiments/sketch_64x64_10classes_20250924_165806/samples/samples_epoch_0100_classes_0-1.png
2025-09-24 17:01:02,208 - INFO - New best model saved (loss: 3661.116699)
2025-09-24 17:01:07,775 - INFO - New best model saved (loss: 3573.130859)
2025-09-24 17:01:08,239 - INFO - Epoch  110, Loss: 3723.458984
2025-09-24 17:01:13,026 - INFO - New best model saved (loss: 3571.148438)
2025-09-24 17:01:15,434 - INFO - Epoch  120, Loss: 3610.161865
2025-09-24 17:01:20,194 - INFO - New best model saved (loss: 3511.653809)
2025-09-24 17:01:23,583 - INFO - New best model saved (loss: 3451.990234)
2025-09-24 17:01:32,713 - INFO - Samples generated: ./experiments/sketch_64x64_10classes_20250924_165806/samples/samples_epoch_0125_classes_0-1.png
2025-09-24 17:01:36,360 - INFO - New best model saved (loss: 3406.077148)
2025-09-24 17:01:37,533 - INFO - Epoch  130, Loss: 3469.621094
2025-09-24 17:01:41,849 - INFO - New best model saved (loss: 3323.313477)
2025-09-24 17:01:46,898 - INFO - New best model saved (loss: 3262.702637)
2025-09-24 17:01:47,103 - INFO - Epoch  140, Loss: 3440.276367
2025-09-24 17:01:49,621 - INFO - Epoch  150, Loss: 3340.652832
2025-09-24 17:01:58,404 - INFO - Samples generated: ./experiments/sketch_64x64_10classes_20250924_165806/samples/samples_epoch_0150_classes_0-1.png
2025-09-24 17:02:02,252 - INFO - New best model saved (loss: 3236.670654)
2025-09-24 17:02:05,569 - INFO - New best model saved (loss: 3223.471191)
2025-09-24 17:02:09,539 - INFO - New best model saved (loss: 3215.239258)
2025-09-24 17:02:13,050 - INFO - New best model saved (loss: 3167.612061)
2025-09-24 17:02:13,819 - INFO - Epoch  160, Loss: 3180.013184
2025-09-24 17:02:17,298 - INFO - New best model saved (loss: 3144.115723)
2025-09-24 17:02:20,438 - INFO - New best model saved (loss: 3094.123291)
2025-09-24 17:02:25,326 - INFO - New best model saved (loss: 2976.575928)
2025-09-24 17:02:26,053 - INFO - Epoch  170, Loss: 3087.783691
2025-09-24 17:02:29,810 - INFO - New best model saved (loss: 2969.075928)
2025-09-24 17:02:39,383 - INFO - Samples generated: ./experiments/sketch_64x64_10classes_20250924_165806/samples/samples_epoch_0175_classes_0-1.png
2025-09-24 17:02:42,476 - INFO - New best model saved (loss: 2856.615723)
2025-09-24 17:02:43,916 - INFO - Epoch  180, Loss: 2906.436035
2025-09-24 17:02:49,288 - INFO - New best model saved (loss: 2771.302490)
2025-09-24 17:02:52,970 - INFO - New best model saved (loss: 2770.663086)
2025-09-24 17:02:53,646 - INFO - Epoch  190, Loss: 2926.745605
2025-09-24 17:02:59,010 - INFO - New best model saved (loss: 2752.290527)
2025-09-24 17:03:02,361 - INFO - New best model saved (loss: 2741.464844)
2025-09-24 17:03:03,163 - INFO - Epoch  200, Loss: 2979.926758
2025-09-24 17:03:12,334 - INFO - Samples generated: ./experiments/sketch_64x64_10classes_20250924_165806/samples/samples_epoch_0200_classes_0-1.png
2025-09-24 17:03:16,535 - INFO - New best model saved (loss: 2740.490967)
2025-09-24 17:03:20,543 - INFO - New best model saved (loss: 2715.417480)
2025-09-24 17:03:21,817 - INFO - Epoch  210, Loss: 2733.151123
2025-09-24 17:03:25,830 - INFO - New best model saved (loss: 2643.407715)
2025-09-24 17:03:31,029 - INFO - New best model saved (loss: 2592.123535)
2025-09-24 17:03:31,786 - INFO - Epoch  220, Loss: 2666.040039
2025-09-24 17:03:35,555 - INFO - New best model saved (loss: 2547.575928)
2025-09-24 17:03:45,639 - INFO - Samples generated: ./experiments/sketch_64x64_10classes_20250924_165806/samples/samples_epoch_0225_classes_0-1.png
2025-09-24 17:03:48,997 - INFO - New best model saved (loss: 2495.138184)
2025-09-24 17:03:52,376 - INFO - New best model saved (loss: 2424.034180)
2025-09-24 17:03:53,283 - INFO - Epoch  230, Loss: 2650.653076
2025-09-24 17:03:57,468 - INFO - New best model saved (loss: 2386.575928)
2025-09-24 17:04:00,088 - INFO - Epoch  240, Loss: 2517.117676
2025-09-24 17:04:04,682 - INFO - New best model saved (loss: 2360.262207)
2025-09-24 17:04:08,465 - INFO - New best model saved (loss: 2310.284912)
2025-09-24 17:04:09,363 - INFO - Epoch  250, Loss: 2508.722656
2025-09-24 17:04:18,682 - INFO - Samples generated: ./experiments/sketch_64x64_10classes_20250924_165806/samples/samples_epoch_0250_classes_0-1.png
2025-09-24 17:04:24,164 - INFO - New best model saved (loss: 2265.833984)
2025-09-24 17:04:25,331 - INFO - Epoch  260, Loss: 2312.406494
2025-09-24 17:04:30,332 - INFO - New best model saved (loss: 2115.118408)
2025-09-24 17:04:31,741 - INFO - Epoch  270, Loss: 2371.809570
2025-09-24 17:04:42,454 - INFO - Samples generated: ./experiments/sketch_64x64_10classes_20250924_165806/samples/samples_epoch_0275_classes_0-1.png
2025-09-24 17:04:43,981 - INFO - Epoch  280, Loss: 2146.734863
2025-09-24 17:04:47,947 - INFO - Epoch  290, Loss: 2115.349121
2025-09-24 17:04:52,839 - INFO - New best model saved (loss: 2026.924438)
2025-09-24 17:04:54,803 - INFO - Epoch  300, Loss: 2332.432129
2025-09-24 17:05:03,775 - INFO - Samples generated: ./experiments/sketch_64x64_10classes_20250924_165806/samples/samples_epoch_0300_classes_0-1.png
2025-09-24 17:05:07,816 - INFO - Epoch  310, Loss: 2311.152832
2025-09-24 17:05:12,178 - INFO - New best model saved (loss: 2026.727539)
2025-09-24 17:05:16,231 - INFO - New best model saved (loss: 2002.972168)
2025-09-24 17:05:19,705 - INFO - New best model saved (loss: 1850.466309)
2025-09-24 17:05:20,135 - INFO - Epoch  320, Loss: 1891.629395
2025-09-24 17:05:31,139 - INFO - Samples generated: ./experiments/sketch_64x64_10classes_20250924_165806/samples/samples_epoch_0325_classes_0-1.png
2025-09-24 17:05:34,603 - INFO - New best model saved (loss: 1842.627686)
2025-09-24 17:05:38,463 - INFO - New best model saved (loss: 1833.446045)
2025-09-24 17:05:39,137 - INFO - Epoch  330, Loss: 1935.932861
2025-09-24 17:05:42,556 - INFO - Epoch  340, Loss: 1811.369385
2025-09-24 17:05:45,473 - INFO - New best model saved (loss: 1811.369385)
2025-09-24 17:05:48,890 - INFO - Epoch  350, Loss: 2004.388428
2025-09-24 17:05:58,194 - INFO - Samples generated: ./experiments/sketch_64x64_10classes_20250924_165806/samples/samples_epoch_0350_classes_0-1.png
2025-09-24 17:06:01,955 - INFO - New best model saved (loss: 1794.765625)
2025-09-24 17:06:05,552 - INFO - New best model saved (loss: 1758.769775)
2025-09-24 17:06:10,651 - INFO - New best model saved (loss: 1710.029541)
2025-09-24 17:06:10,901 - INFO - Epoch  360, Loss: 1699.102051
2025-09-24 17:06:13,868 - INFO - New best model saved (loss: 1699.102051)
2025-09-24 17:06:17,258 - INFO - Epoch  370, Loss: 1607.881592
2025-09-24 17:06:19,711 - INFO - New best model saved (loss: 1607.881592)
2025-09-24 17:06:24,568 - INFO - New best model saved (loss: 1584.354004)
2025-09-24 17:06:33,875 - INFO - Samples generated: ./experiments/sketch_64x64_10classes_20250924_165806/samples/samples_epoch_0375_classes_0-1.png
2025-09-24 17:06:37,490 - INFO - New best model saved (loss: 1563.317383)
2025-09-24 17:06:38,471 - INFO - Epoch  380, Loss: 1711.317627
2025-09-24 17:06:44,382 - INFO - New best model saved (loss: 1536.818848)
2025-09-24 17:06:44,674 - INFO - Epoch  390, Loss: 1785.136963
2025-09-24 17:06:48,096 - INFO - Epoch  400, Loss: 1582.464600
2025-09-24 17:06:57,227 - INFO - Samples generated: ./experiments/sketch_64x64_10classes_20250924_165806/samples/samples_epoch_0400_classes_0-1.png
2025-09-24 17:07:00,876 - INFO - New best model saved (loss: 1529.042969)
2025-09-24 17:07:04,364 - INFO - New best model saved (loss: 1527.506836)
2025-09-24 17:07:06,875 - INFO - Epoch  410, Loss: 1616.939941
2025-09-24 17:07:10,585 - INFO - New best model saved (loss: 1509.407471)
2025-09-24 17:07:14,173 - INFO - New best model saved (loss: 1500.899658)
2025-09-24 17:07:16,436 - INFO - Epoch  420, Loss: 1523.540527
2025-09-24 17:07:19,853 - INFO - New best model saved (loss: 1447.290649)
2025-09-24 17:07:23,827 - INFO - New best model saved (loss: 1381.760376)
2025-09-24 17:07:32,940 - INFO - Samples generated: ./experiments/sketch_64x64_10classes_20250924_165806/samples/samples_epoch_0425_classes_0-1.png
2025-09-24 17:07:34,991 - INFO - Epoch  430, Loss: 1442.083618
2025-09-24 17:07:39,690 - INFO - New best model saved (loss: 1299.979370)
2025-09-24 17:07:41,379 - INFO - Epoch  440, Loss: 1362.164795
2025-09-24 17:07:45,038 - INFO - Epoch  450, Loss: 1534.670898
2025-09-24 17:07:54,820 - INFO - Samples generated: ./experiments/sketch_64x64_10classes_20250924_165806/samples/samples_epoch_0450_classes_0-1.png
2025-09-24 17:07:58,277 - INFO - Epoch  460, Loss: 1408.346436
2025-09-24 17:08:02,331 - INFO - Epoch  470, Loss: 1433.840576
2025-09-24 17:08:06,278 - INFO - New best model saved (loss: 1299.482910)
2025-09-24 17:08:09,561 - INFO - New best model saved (loss: 1264.817383)
2025-09-24 17:08:19,174 - INFO - Samples generated: ./experiments/sketch_64x64_10classes_20250924_165806/samples/samples_epoch_0475_classes_0-1.png
2025-09-24 17:08:22,713 - INFO - New best model saved (loss: 1248.677734)
2025-09-24 17:08:24,394 - INFO - Epoch  480, Loss: 1365.336670
2025-09-24 17:08:27,779 - INFO - Epoch  490, Loss: 1439.189941
2025-09-24 17:08:31,168 - INFO - Epoch  500, Loss: 1392.928467
2025-09-24 17:08:40,420 - INFO - Samples generated: ./experiments/sketch_64x64_10classes_20250924_165806/samples/samples_epoch_0500_classes_0-1.png
2025-09-24 17:08:46,999 - INFO - New best model saved (loss: 1207.289429)
2025-09-24 17:08:47,259 - INFO - Epoch  510, Loss: 1181.530640
2025-09-24 17:08:50,150 - INFO - New best model saved (loss: 1181.530640)
2025-09-24 17:08:53,365 - INFO - Epoch  520, Loss: 1265.954834
2025-09-24 17:09:04,315 - INFO - Samples generated: ./experiments/sketch_64x64_10classes_20250924_165806/samples/samples_epoch_0525_classes_0-1.png
2025-09-24 17:09:06,016 - INFO - Epoch  530, Loss: 1317.585083
2025-09-24 17:09:10,115 - INFO - Epoch  540, Loss: 1167.646851
2025-09-24 17:09:13,028 - INFO - New best model saved (loss: 1167.646851)
2025-09-24 17:09:17,480 - INFO - New best model saved (loss: 1121.221436)
2025-09-24 17:09:19,579 - INFO - Epoch  550, Loss: 1121.441406
2025-09-24 17:09:28,643 - INFO - Samples generated: ./experiments/sketch_64x64_10classes_20250924_165806/samples/samples_epoch_0550_classes_0-1.png
2025-09-24 17:09:32,241 - INFO - Epoch  560, Loss: 1268.314941
2025-09-24 17:09:36,249 - INFO - Epoch  570, Loss: 1348.355835
2025-09-24 17:09:47,547 - INFO - Samples generated: ./experiments/sketch_64x64_10classes_20250924_165806/samples/samples_epoch_0575_classes_0-1.png
2025-09-24 17:09:50,704 - INFO - New best model saved (loss: 1098.968018)
2025-09-24 17:09:52,438 - INFO - Epoch  580, Loss: 1112.133301
2025-09-24 17:09:55,784 - INFO - Epoch  590, Loss: 1284.315918
2025-09-24 17:10:00,701 - INFO - New best model saved (loss: 1074.751465)
2025-09-24 17:10:02,168 - INFO - Epoch  600, Loss: 1111.267944
2025-09-24 17:10:11,719 - INFO - Samples generated: ./experiments/sketch_64x64_10classes_20250924_165806/samples/samples_epoch_0600_classes_0-1.png
2025-09-24 17:10:15,104 - INFO - Epoch  610, Loss: 1270.844971
2025-09-24 17:10:18,703 - INFO - Epoch  620, Loss: 1205.021362
2025-09-24 17:10:29,546 - INFO - Samples generated: ./experiments/sketch_64x64_10classes_20250924_165806/samples/samples_epoch_0625_classes_0-1.png
2025-09-24 17:10:32,967 - INFO - New best model saved (loss: 1072.796387)
2025-09-24 17:10:36,429 - INFO - New best model saved (loss: 1067.886719)
2025-09-24 17:10:37,357 - INFO - Epoch  630, Loss: 1122.345337
2025-09-24 17:10:42,566 - INFO - New best model saved (loss: 1046.113525)
2025-09-24 17:10:45,904 - INFO - New best model saved (loss: 986.952332)
2025-09-24 17:10:46,935 - INFO - Epoch  640, Loss: 1225.390991
2025-09-24 17:10:51,036 - INFO - Epoch  650, Loss: 1162.684570
2025-09-24 17:10:59,653 - INFO - Samples generated: ./experiments/sketch_64x64_10classes_20250924_165806/samples/samples_epoch_0650_classes_0-1.png
2025-09-24 17:11:03,367 - INFO - Epoch  660, Loss: 1396.624390
2025-09-24 17:11:06,845 - INFO - Epoch  670, Loss: 1144.863525
2025-09-24 17:11:10,167 - INFO - New best model saved (loss: 962.773987)
2025-09-24 17:11:20,979 - INFO - Samples generated: ./experiments/sketch_64x64_10classes_20250924_165806/samples/samples_epoch_0675_classes_0-1.png
2025-09-24 17:11:24,434 - INFO - New best model saved (loss: 903.329590)
2025-09-24 17:11:26,153 - INFO - Epoch  680, Loss: 1178.808594
2025-09-24 17:11:29,676 - INFO - Epoch  690, Loss: 1080.261475
2025-09-24 17:11:33,041 - INFO - Epoch  700, Loss: 1157.997437
2025-09-24 17:11:42,319 - INFO - Samples generated: ./experiments/sketch_64x64_10classes_20250924_165806/samples/samples_epoch_0700_classes_0-1.png
2025-09-24 17:11:46,427 - INFO - Epoch  710, Loss: 1086.317261
2025-09-24 17:11:49,787 - INFO - Epoch  720, Loss: 1044.713623
2025-09-24 17:12:00,626 - INFO - Samples generated: ./experiments/sketch_64x64_10classes_20250924_165806/samples/samples_epoch_0725_classes_0-1.png
2025-09-24 17:12:02,253 - INFO - Epoch  730, Loss: 940.522949
2025-09-24 17:12:06,262 - INFO - Epoch  740, Loss: 997.729553
2025-09-24 17:12:09,811 - INFO - Epoch  750, Loss: 1070.873413
2025-09-24 17:12:19,397 - INFO - Samples generated: ./experiments/sketch_64x64_10classes_20250924_165806/samples/samples_epoch_0750_classes_0-1.png
2025-09-24 17:12:22,909 - INFO - Epoch  760, Loss: 1002.232727
2025-09-24 17:12:27,062 - INFO - Epoch  770, Loss: 945.931641
2025-09-24 17:12:38,093 - INFO - Samples generated: ./experiments/sketch_64x64_10classes_20250924_165806/samples/samples_epoch_0775_classes_0-1.png
2025-09-24 17:12:39,792 - INFO - Epoch  780, Loss: 1011.770386
2025-09-24 17:12:43,242 - INFO - Epoch  790, Loss: 943.286255
2025-09-24 17:12:47,361 - INFO - Epoch  800, Loss: 1023.536987
2025-09-24 17:12:56,055 - INFO - Samples generated: ./experiments/sketch_64x64_10classes_20250924_165806/samples/samples_epoch_0800_classes_0-1.png
2025-09-24 17:13:00,308 - INFO - New best model saved (loss: 896.576904)
2025-09-24 17:13:02,484 - INFO - Epoch  810, Loss: 1007.756042
2025-09-24 17:13:06,691 - INFO - Epoch  820, Loss: 957.656311
2025-09-24 17:13:18,186 - INFO - Samples generated: ./experiments/sketch_64x64_10classes_20250924_165806/samples/samples_epoch_0825_classes_0-1.png
2025-09-24 17:13:22,230 - INFO - New best model saved (loss: 881.223328)
2025-09-24 17:13:23,132 - INFO - Epoch  830, Loss: 967.913513
2025-09-24 17:13:25,577 - INFO - Epoch  840, Loss: 979.745850
2025-09-24 17:13:28,078 - INFO - Epoch  850, Loss: 851.482117
2025-09-24 17:13:31,033 - INFO - New best model saved (loss: 851.482117)
2025-09-24 17:13:37,766 - INFO - Samples generated: ./experiments/sketch_64x64_10classes_20250924_165806/samples/samples_epoch_0850_classes_0-1.png
2025-09-24 17:13:40,456 - INFO - Epoch  860, Loss: 895.715942
2025-09-24 17:13:43,086 - INFO - Epoch  870, Loss: 938.427734
2025-09-24 17:13:51,369 - INFO - Samples generated: ./experiments/sketch_64x64_10classes_20250924_165806/samples/samples_epoch_0875_classes_0-1.png
2025-09-24 17:13:52,592 - INFO - Epoch  880, Loss: 983.274658
2025-09-24 17:13:55,289 - INFO - Epoch  890, Loss: 890.950317
2025-09-24 17:13:57,938 - INFO - Epoch  900, Loss: 1038.116943
2025-09-24 17:14:05,051 - INFO - Samples generated: ./experiments/sketch_64x64_10classes_20250924_165806/samples/samples_epoch_0900_classes_0-1.png
2025-09-24 17:14:07,698 - INFO - Epoch  910, Loss: 959.887939
2025-09-24 17:14:10,438 - INFO - Epoch  920, Loss: 971.950684
2025-09-24 17:14:18,535 - INFO - Samples generated: ./experiments/sketch_64x64_10classes_20250924_165806/samples/samples_epoch_0925_classes_0-1.png
2025-09-24 17:14:20,003 - INFO - Epoch  930, Loss: 972.006592
2025-09-24 17:14:22,686 - INFO - Epoch  940, Loss: 1115.238403
2025-09-24 17:14:27,762 - INFO - New best model saved (loss: 834.779907)
2025-09-24 17:14:28,304 - INFO - Epoch  950, Loss: 874.141846
2025-09-24 17:14:35,145 - INFO - Samples generated: ./experiments/sketch_64x64_10classes_20250924_165806/samples/samples_epoch_0950_classes_0-1.png
2025-09-24 17:14:38,983 - INFO - New best model saved (loss: 815.827148)
2025-09-24 17:14:40,855 - INFO - Epoch  960, Loss: 1053.959839
2025-09-24 17:14:43,389 - INFO - Epoch  970, Loss: 983.049744
2025-09-24 17:14:51,811 - INFO - Samples generated: ./experiments/sketch_64x64_10classes_20250924_165806/samples/samples_epoch_0975_classes_0-1.png
2025-09-24 17:14:53,016 - INFO - Epoch  980, Loss: 877.154480
2025-09-24 17:14:57,625 - INFO - New best model saved (loss: 774.190674)
2025-09-24 17:14:58,509 - INFO - Epoch  990, Loss: 846.616638
2025-09-24 17:15:01,106 - INFO - Epoch 1000, Loss: 933.619202
2025-09-24 17:15:07,829 - INFO - Samples generated: ./experiments/sketch_64x64_10classes_20250924_165806/samples/samples_epoch_1000_classes_0-1.png
2025-09-24 17:15:10,538 - INFO - Epoch 1010, Loss: 879.014893
2025-09-24 17:15:13,263 - INFO - Epoch 1020, Loss: 1050.838379
2025-09-24 17:15:21,397 - INFO - Samples generated: ./experiments/sketch_64x64_10classes_20250924_165806/samples/samples_epoch_1025_classes_0-1.png
2025-09-24 17:15:22,714 - INFO - Epoch 1030, Loss: 1000.952271
2025-09-24 17:15:25,508 - INFO - Epoch 1040, Loss: 828.916992
2025-09-24 17:15:28,214 - INFO - Epoch 1050, Loss: 866.688965
2025-09-24 17:15:34,989 - INFO - Samples generated: ./experiments/sketch_64x64_10classes_20250924_165806/samples/samples_epoch_1050_classes_0-1.png
2025-09-24 17:15:37,719 - INFO - Epoch 1060, Loss: 988.936768
2025-09-24 17:15:40,509 - INFO - Epoch 1070, Loss: 914.314209
2025-09-24 17:15:48,657 - INFO - Samples generated: ./experiments/sketch_64x64_10classes_20250924_165806/samples/samples_epoch_1075_classes_0-1.png
2025-09-24 17:15:49,922 - INFO - Epoch 1080, Loss: 790.161316
2025-09-24 17:15:52,674 - INFO - Epoch 1090, Loss: 944.280029
2025-09-24 17:15:55,418 - INFO - Epoch 1100, Loss: 787.107971
2025-09-24 17:16:02,180 - INFO - Samples generated: ./experiments/sketch_64x64_10classes_20250924_165806/samples/samples_epoch_1100_classes_0-1.png
2025-09-24 17:16:05,497 - INFO - New best model saved (loss: 768.888794)
2025-09-24 17:16:07,865 - INFO - Epoch 1110, Loss: 886.298828
2025-09-24 17:16:10,706 - INFO - Epoch 1120, Loss: 858.311768
2025-09-24 17:16:18,973 - INFO - Samples generated: ./experiments/sketch_64x64_10classes_20250924_165806/samples/samples_epoch_1125_classes_0-1.png
2025-09-24 17:16:20,428 - INFO - Epoch 1130, Loss: 973.668945
2025-09-24 17:16:23,091 - INFO - Epoch 1140, Loss: 835.662292
2025-09-24 17:16:25,774 - INFO - Epoch 1150, Loss: 764.883179
2025-09-24 17:16:28,653 - INFO - New best model saved (loss: 764.883179)
2025-09-24 17:16:36,261 - INFO - Samples generated: ./experiments/sketch_64x64_10classes_20250924_165806/samples/samples_epoch_1150_classes_0-1.png
2025-09-24 17:16:40,308 - INFO - Epoch 1160, Loss: 1001.822754
2025-09-24 17:16:43,560 - INFO - Epoch 1170, Loss: 794.865784
2025-09-24 17:16:54,458 - INFO - Samples generated: ./experiments/sketch_64x64_10classes_20250924_165806/samples/samples_epoch_1175_classes_0-1.png
2025-09-24 17:16:56,084 - INFO - Epoch 1180, Loss: 877.140747
2025-09-24 17:17:00,134 - INFO - Epoch 1190, Loss: 850.985352
2025-09-24 17:17:05,571 - INFO - New best model saved (loss: 722.715088)
2025-09-24 17:17:06,853 - INFO - Epoch 1200, Loss: 874.188354
2025-09-24 17:17:15,603 - INFO - Samples generated: ./experiments/sketch_64x64_10classes_20250924_165806/samples/samples_epoch_1200_classes_0-1.png
2025-09-24 17:17:19,548 - INFO - Epoch 1210, Loss: 866.636719
2025-09-24 17:17:22,764 - INFO - Epoch 1220, Loss: 806.062134
2025-09-24 17:17:33,923 - INFO - Samples generated: ./experiments/sketch_64x64_10classes_20250924_165806/samples/samples_epoch_1225_classes_0-1.png
2025-09-24 17:17:37,723 - INFO - New best model saved (loss: 683.820923)
2025-09-24 17:17:38,622 - INFO - Epoch 1230, Loss: 766.647217
2025-09-24 17:17:42,027 - INFO - Epoch 1240, Loss: 910.396484
2025-09-24 17:17:46,220 - INFO - Epoch 1250, Loss: 873.409180
2025-09-24 17:17:55,119 - INFO - Samples generated: ./experiments/sketch_64x64_10classes_20250924_165806/samples/samples_epoch_1250_classes_0-1.png
2025-09-24 17:17:58,896 - INFO - Epoch 1260, Loss: 805.923828
2025-09-24 17:18:02,303 - INFO - Epoch 1270, Loss: 745.435486
2025-09-24 17:18:13,603 - INFO - Samples generated: ./experiments/sketch_64x64_10classes_20250924_165806/samples/samples_epoch_1275_classes_0-1.png
2025-09-24 17:18:15,637 - INFO - Epoch 1280, Loss: 862.760986
2025-09-24 17:18:19,452 - INFO - Epoch 1290, Loss: 786.598755
2025-09-24 17:18:22,700 - INFO - Epoch 1300, Loss: 786.495117
2025-09-24 17:18:32,002 - INFO - Samples generated: ./experiments/sketch_64x64_10classes_20250924_165806/samples/samples_epoch_1300_classes_0-1.png
2025-09-24 17:18:35,611 - INFO - Epoch 1310, Loss: 797.811401
2025-09-24 17:18:39,665 - INFO - Epoch 1320, Loss: 754.308228
2025-09-24 17:18:50,917 - INFO - Samples generated: ./experiments/sketch_64x64_10classes_20250924_165806/samples/samples_epoch_1325_classes_0-1.png
2025-09-24 17:18:52,736 - INFO - Epoch 1330, Loss: 783.800293
2025-09-24 17:18:56,560 - INFO - Epoch 1340, Loss: 867.613037
2025-09-24 17:19:00,314 - INFO - Epoch 1350, Loss: 876.423950
2025-09-24 17:19:10,131 - INFO - Samples generated: ./experiments/sketch_64x64_10classes_20250924_165806/samples/samples_epoch_1350_classes_0-1.png
2025-09-24 17:19:13,621 - INFO - Epoch 1360, Loss: 976.614075
2025-09-24 17:19:17,810 - INFO - Epoch 1370, Loss: 794.519043
2025-09-24 17:19:28,864 - INFO - Samples generated: ./experiments/sketch_64x64_10classes_20250924_165806/samples/samples_epoch_1375_classes_0-1.png
2025-09-24 17:19:30,573 - INFO - Epoch 1380, Loss: 941.977600
2025-09-24 17:19:33,767 - INFO - Epoch 1390, Loss: 854.078369
2025-09-24 17:19:37,878 - INFO - Epoch 1400, Loss: 994.225159
2025-09-24 17:19:47,040 - INFO - Samples generated: ./experiments/sketch_64x64_10classes_20250924_165806/samples/samples_epoch_1400_classes_0-1.png
2025-09-24 17:19:51,142 - INFO - Epoch 1410, Loss: 755.498901
2025-09-24 17:19:54,433 - INFO - Epoch 1420, Loss: 805.426025
2025-09-24 17:20:05,798 - INFO - Samples generated: ./experiments/sketch_64x64_10classes_20250924_165806/samples/samples_epoch_1425_classes_0-1.png
2025-09-24 17:20:07,764 - INFO - Epoch 1430, Loss: 885.884155
2025-09-24 17:20:11,883 - INFO - Epoch 1440, Loss: 848.319458
2025-09-24 17:20:15,177 - INFO - Epoch 1450, Loss: 726.230713
2025-09-24 17:20:24,387 - INFO - Samples generated: ./experiments/sketch_64x64_10classes_20250924_165806/samples/samples_epoch_1450_classes_0-1.png
2025-09-24 17:20:27,901 - INFO - Epoch 1460, Loss: 838.312317
2025-09-24 17:20:31,690 - INFO - New best model saved (loss: 667.559082)
2025-09-24 17:20:34,324 - INFO - Epoch 1470, Loss: 769.884155
2025-09-24 17:20:45,440 - INFO - Samples generated: ./experiments/sketch_64x64_10classes_20250924_165806/samples/samples_epoch_1475_classes_0-1.png
2025-09-24 17:20:47,444 - INFO - Epoch 1480, Loss: 788.910278
2025-09-24 17:20:51,199 - INFO - Epoch 1490, Loss: 829.309448
2025-09-24 17:20:54,553 - INFO - Epoch 1500, Loss: 810.488220
2025-09-24 17:21:04,083 - INFO - Samples generated: ./experiments/sketch_64x64_10classes_20250924_165806/samples/samples_epoch_1500_classes_0-1.png
2025-09-24 17:21:07,799 - INFO - Epoch 1510, Loss: 1005.266235
2025-09-24 17:21:11,530 - INFO - Epoch 1520, Loss: 965.123291
2025-09-24 17:21:22,988 - INFO - Samples generated: ./experiments/sketch_64x64_10classes_20250924_165806/samples/samples_epoch_1525_classes_0-1.png
2025-09-24 17:21:24,847 - INFO - Epoch 1530, Loss: 759.456421
2025-09-24 17:21:28,562 - INFO - Epoch 1540, Loss: 840.783264
2025-09-24 17:21:32,294 - INFO - Epoch 1550, Loss: 870.989746
2025-09-24 17:21:41,852 - INFO - Samples generated: ./experiments/sketch_64x64_10classes_20250924_165806/samples/samples_epoch_1550_classes_0-1.png
2025-09-24 17:21:45,249 - INFO - Epoch 1560, Loss: 926.800781
2025-09-24 17:21:48,997 - INFO - Epoch 1570, Loss: 900.870544
2025-09-24 17:22:00,062 - INFO - Samples generated: ./experiments/sketch_64x64_10classes_20250924_165806/samples/samples_epoch_1575_classes_0-1.png
2025-09-24 17:22:02,076 - INFO - Epoch 1580, Loss: 700.251465
2025-09-24 17:22:07,576 - INFO - New best model saved (loss: 655.174438)
2025-09-24 17:22:08,487 - INFO - Epoch 1590, Loss: 845.409424
2025-09-24 17:22:11,888 - INFO - Epoch 1600, Loss: 745.099304
2025-09-24 17:22:21,593 - INFO - Samples generated: ./experiments/sketch_64x64_10classes_20250924_165806/samples/samples_epoch_1600_classes_0-1.png
2025-09-24 17:22:25,086 - INFO - Epoch 1610, Loss: 767.661865
2025-09-24 17:22:29,285 - INFO - Epoch 1620, Loss: 685.750610
2025-09-24 17:22:33,759 - INFO - New best model saved (loss: 634.270081)
2025-09-24 17:22:43,259 - INFO - Samples generated: ./experiments/sketch_64x64_10classes_20250924_165806/samples/samples_epoch_1625_classes_0-1.png
2025-09-24 17:22:45,284 - INFO - Epoch 1630, Loss: 807.294434
2025-09-24 17:22:49,092 - INFO - Epoch 1640, Loss: 832.582153
2025-09-24 17:22:52,530 - INFO - Epoch 1650, Loss: 828.411743
2025-09-24 17:23:02,191 - INFO - Samples generated: ./experiments/sketch_64x64_10classes_20250924_165806/samples/samples_epoch_1650_classes_0-1.png
2025-09-24 17:23:05,948 - INFO - Epoch 1660, Loss: 792.426758
2025-09-24 17:23:09,710 - INFO - Epoch 1670, Loss: 709.242737
2025-09-24 17:23:20,942 - INFO - Samples generated: ./experiments/sketch_64x64_10classes_20250924_165806/samples/samples_epoch_1675_classes_0-1.png
2025-09-24 17:23:22,722 - INFO - Epoch 1680, Loss: 786.757935
2025-09-24 17:23:26,471 - INFO - Epoch 1690, Loss: 862.712341
2025-09-24 17:23:31,762 - INFO - New best model saved (loss: 629.758362)
2025-09-24 17:23:32,657 - INFO - Epoch 1700, Loss: 814.466187
2025-09-24 17:23:41,693 - INFO - Samples generated: ./experiments/sketch_64x64_10classes_20250924_165806/samples/samples_epoch_1700_classes_0-1.png
2025-09-24 17:23:45,066 - INFO - Epoch 1710, Loss: 732.794739
2025-09-24 17:23:48,670 - INFO - Epoch 1720, Loss: 782.094788
2025-09-24 17:23:59,952 - INFO - Samples generated: ./experiments/sketch_64x64_10classes_20250924_165806/samples/samples_epoch_1725_classes_0-1.png
2025-09-24 17:24:02,104 - INFO - Epoch 1730, Loss: 894.785034
2025-09-24 17:24:05,529 - INFO - Epoch 1740, Loss: 745.502502
2025-09-24 17:24:08,969 - INFO - Epoch 1750, Loss: 661.701416
2025-09-24 17:24:18,230 - INFO - Samples generated: ./experiments/sketch_64x64_10classes_20250924_165806/samples/samples_epoch_1750_classes_0-1.png
2025-09-24 17:24:22,293 - INFO - Epoch 1760, Loss: 752.760986
2025-09-24 17:24:25,594 - INFO - Epoch 1770, Loss: 741.669861
2025-09-24 17:24:36,840 - INFO - Samples generated: ./experiments/sketch_64x64_10classes_20250924_165806/samples/samples_epoch_1775_classes_0-1.png
2025-09-24 17:24:38,514 - INFO - Epoch 1780, Loss: 878.909607
2025-09-24 17:24:42,726 - INFO - Epoch 1790, Loss: 890.409424
2025-09-24 17:24:46,180 - INFO - Epoch 1800, Loss: 820.969849
2025-09-24 17:24:56,127 - INFO - Samples generated: ./experiments/sketch_64x64_10classes_20250924_165806/samples/samples_epoch_1800_classes_0-1.png
2025-09-24 17:24:59,780 - INFO - Epoch 1810, Loss: 727.633667
2025-09-24 17:25:03,978 - INFO - Epoch 1820, Loss: 666.645996
2025-09-24 17:25:15,467 - INFO - Samples generated: ./experiments/sketch_64x64_10classes_20250924_165806/samples/samples_epoch_1825_classes_0-1.png
2025-09-24 17:25:17,123 - INFO - Epoch 1830, Loss: 689.475586
2025-09-24 17:25:20,462 - INFO - Epoch 1840, Loss: 911.879517
2025-09-24 17:25:24,568 - INFO - Epoch 1850, Loss: 814.098694
2025-09-24 17:25:33,471 - INFO - Samples generated: ./experiments/sketch_64x64_10classes_20250924_165806/samples/samples_epoch_1850_classes_0-1.png
2025-09-24 17:25:37,012 - INFO - Epoch 1860, Loss: 895.154053
2025-09-24 17:25:40,858 - INFO - Epoch 1870, Loss: 732.358276
2025-09-24 17:25:52,042 - INFO - Samples generated: ./experiments/sketch_64x64_10classes_20250924_165806/samples/samples_epoch_1875_classes_0-1.png
2025-09-24 17:25:54,096 - INFO - Epoch 1880, Loss: 907.414917
2025-09-24 17:25:58,157 - INFO - New best model saved (loss: 577.408081)
2025-09-24 17:26:01,145 - INFO - Epoch 1890, Loss: 718.806763
2025-09-24 17:26:04,899 - INFO - Epoch 1900, Loss: 781.296509
2025-09-24 17:26:14,236 - INFO - Samples generated: ./experiments/sketch_64x64_10classes_20250924_165806/samples/samples_epoch_1900_classes_0-1.png
2025-09-24 17:26:17,542 - INFO - Epoch 1910, Loss: 662.592529
2025-09-24 17:26:21,181 - INFO - Epoch 1920, Loss: 798.151123
2025-09-24 17:26:32,058 - INFO - Samples generated: ./experiments/sketch_64x64_10classes_20250924_165806/samples/samples_epoch_1925_classes_0-1.png
2025-09-24 17:26:34,153 - INFO - Epoch 1930, Loss: 740.277405
2025-09-24 17:26:37,554 - INFO - Epoch 1940, Loss: 885.147705
2025-09-24 17:26:41,139 - INFO - Epoch 1950, Loss: 814.796631
2025-09-24 17:26:50,429 - INFO - Samples generated: ./experiments/sketch_64x64_10classes_20250924_165806/samples/samples_epoch_1950_classes_0-1.png
2025-09-24 17:26:54,607 - INFO - Epoch 1960, Loss: 874.914062
2025-09-24 17:26:58,193 - INFO - Epoch 1970, Loss: 675.611084
2025-09-24 17:27:09,494 - INFO - Samples generated: ./experiments/sketch_64x64_10classes_20250924_165806/samples/samples_epoch_1975_classes_0-1.png
2025-09-24 17:27:11,272 - INFO - Epoch 1980, Loss: 824.668579
2025-09-24 17:27:15,389 - INFO - Epoch 1990, Loss: 790.373596
2025-09-24 17:27:18,596 - INFO - Epoch 2000, Loss: 679.806763
2025-09-24 17:27:28,237 - INFO - Samples generated: ./experiments/sketch_64x64_10classes_20250924_165806/samples/samples_epoch_2000_classes_0-1.png
2025-09-24 17:27:31,856 - INFO - Epoch 2010, Loss: 714.869934
2025-09-24 17:27:35,976 - INFO - Epoch 2020, Loss: 827.186035
2025-09-24 17:27:47,050 - INFO - Samples generated: ./experiments/sketch_64x64_10classes_20250924_165806/samples/samples_epoch_2025_classes_0-1.png
2025-09-24 17:27:48,533 - INFO - Epoch 2030, Loss: 796.637329
2025-09-24 17:27:52,176 - INFO - Epoch 2040, Loss: 724.155762
2025-09-24 17:27:56,370 - INFO - Epoch 2050, Loss: 777.817627
2025-09-24 17:28:05,365 - INFO - Samples generated: ./experiments/sketch_64x64_10classes_20250924_165806/samples/samples_epoch_2050_classes_0-1.png
2025-09-24 17:28:09,034 - INFO - Epoch 2060, Loss: 770.376343
2025-09-24 17:28:12,688 - INFO - Epoch 2070, Loss: 715.773254
2025-09-24 17:28:23,711 - INFO - Samples generated: ./experiments/sketch_64x64_10classes_20250924_165806/samples/samples_epoch_2075_classes_0-1.png
2025-09-24 17:28:25,700 - INFO - Epoch 2080, Loss: 755.621277
2025-09-24 17:28:29,494 - INFO - Epoch 2090, Loss: 768.333618
2025-09-24 17:28:32,763 - INFO - Epoch 2100, Loss: 702.039795
2025-09-24 17:28:42,211 - INFO - Samples generated: ./experiments/sketch_64x64_10classes_20250924_165806/samples/samples_epoch_2100_classes_0-1.png
2025-09-24 17:28:45,846 - INFO - Epoch 2110, Loss: 668.437622
2025-09-24 17:28:49,874 - INFO - Epoch 2120, Loss: 617.373474
2025-09-24 17:29:01,510 - INFO - Samples generated: ./experiments/sketch_64x64_10classes_20250924_165806/samples/samples_epoch_2125_classes_0-1.png
2025-09-24 17:29:03,312 - INFO - Epoch 2130, Loss: 779.140137
2025-09-24 17:29:07,095 - INFO - Epoch 2140, Loss: 841.974243
2025-09-24 17:29:10,722 - INFO - Epoch 2150, Loss: 809.278992
2025-09-24 17:29:20,205 - INFO - Samples generated: ./experiments/sketch_64x64_10classes_20250924_165806/samples/samples_epoch_2150_classes_0-1.png
2025-09-24 17:29:23,652 - INFO - Epoch 2160, Loss: 718.560303
2025-09-24 17:29:27,495 - INFO - Epoch 2170, Loss: 665.060913
2025-09-24 17:29:38,568 - INFO - Samples generated: ./experiments/sketch_64x64_10classes_20250924_165806/samples/samples_epoch_2175_classes_0-1.png
2025-09-24 17:29:40,667 - INFO - Epoch 2180, Loss: 782.533569
2025-09-24 17:29:44,075 - INFO - Epoch 2190, Loss: 580.606812
2025-09-24 17:29:48,285 - INFO - New best model saved (loss: 576.562256)
2025-09-24 17:29:50,025 - INFO - Epoch 2200, Loss: 827.123352
2025-09-24 17:29:59,976 - INFO - Samples generated: ./experiments/sketch_64x64_10classes_20250924_165806/samples/samples_epoch_2200_classes_0-1.png
2025-09-24 17:30:03,597 - INFO - Epoch 2210, Loss: 693.133606
2025-09-24 17:30:07,738 - INFO - Epoch 2220, Loss: 854.849365
2025-09-24 17:30:18,799 - INFO - Samples generated: ./experiments/sketch_64x64_10classes_20250924_165806/samples/samples_epoch_2225_classes_0-1.png
2025-09-24 17:30:20,307 - INFO - Epoch 2230, Loss: 653.367798
2025-09-24 17:30:24,001 - INFO - Epoch 2240, Loss: 678.859741
2025-09-24 17:30:28,157 - INFO - Epoch 2250, Loss: 763.416443
2025-09-24 17:30:37,150 - INFO - Samples generated: ./experiments/sketch_64x64_10classes_20250924_165806/samples/samples_epoch_2250_classes_0-1.png
2025-09-24 17:30:40,208 - INFO - Epoch 2260, Loss: 733.984985
2025-09-24 17:30:42,713 - INFO - Epoch 2270, Loss: 663.847900
2025-09-24 17:30:54,081 - INFO - Samples generated: ./experiments/sketch_64x64_10classes_20250924_165806/samples/samples_epoch_2275_classes_0-1.png
2025-09-24 17:30:55,974 - INFO - Epoch 2280, Loss: 653.615845
2025-09-24 17:30:59,632 - INFO - Epoch 2290, Loss: 726.891418
2025-09-24 17:31:03,672 - INFO - Epoch 2300, Loss: 675.264099
2025-09-24 17:31:13,483 - INFO - Samples generated: ./experiments/sketch_64x64_10classes_20250924_165806/samples/samples_epoch_2300_classes_0-1.png
2025-09-24 17:31:16,808 - INFO - Epoch 2310, Loss: 797.542847
2025-09-24 17:31:20,456 - INFO - Epoch 2320, Loss: 765.924561
2025-09-24 17:31:31,306 - INFO - Samples generated: ./experiments/sketch_64x64_10classes_20250924_165806/samples/samples_epoch_2325_classes_0-1.png
2025-09-24 17:31:33,467 - INFO - Epoch 2330, Loss: 618.729065
2025-09-24 17:31:36,974 - INFO - Epoch 2340, Loss: 735.891602
2025-09-24 17:31:40,697 - INFO - Epoch 2350, Loss: 700.508606
2025-09-24 17:31:49,882 - INFO - Samples generated: ./experiments/sketch_64x64_10classes_20250924_165806/samples/samples_epoch_2350_classes_0-1.png
2025-09-24 17:31:53,979 - INFO - Epoch 2360, Loss: 667.429688
2025-09-24 17:31:57,507 - INFO - Epoch 2370, Loss: 912.032288
2025-09-24 17:32:08,751 - INFO - Samples generated: ./experiments/sketch_64x64_10classes_20250924_165806/samples/samples_epoch_2375_classes_0-1.png
2025-09-24 17:32:10,542 - INFO - Epoch 2380, Loss: 741.403198
2025-09-24 17:32:14,899 - INFO - Epoch 2390, Loss: 777.437500
2025-09-24 17:32:18,381 - INFO - Epoch 2400, Loss: 623.177612
2025-09-24 17:32:28,172 - INFO - Samples generated: ./experiments/sketch_64x64_10classes_20250924_165806/samples/samples_epoch_2400_classes_0-1.png
2025-09-24 17:32:34,695 - INFO - New best model saved (loss: 548.552490)
2025-09-24 17:32:35,467 - INFO - Epoch 2410, Loss: 733.451111
2025-09-24 17:32:38,851 - INFO - Epoch 2420, Loss: 778.366272
2025-09-24 17:32:50,332 - INFO - Samples generated: ./experiments/sketch_64x64_10classes_20250924_165806/samples/samples_epoch_2425_classes_0-1.png
2025-09-24 17:32:52,474 - INFO - Epoch 2430, Loss: 722.975464
2025-09-24 17:32:55,797 - INFO - Epoch 2440, Loss: 758.635742
2025-09-24 17:32:59,258 - INFO - Epoch 2450, Loss: 716.808228
2025-09-24 17:33:08,802 - INFO - Samples generated: ./experiments/sketch_64x64_10classes_20250924_165806/samples/samples_epoch_2450_classes_0-1.png
2025-09-24 17:33:12,969 - INFO - Epoch 2460, Loss: 813.164307
2025-09-24 17:33:16,336 - INFO - Epoch 2470, Loss: 750.286987
2025-09-24 17:33:27,402 - INFO - Samples generated: ./experiments/sketch_64x64_10classes_20250924_165806/samples/samples_epoch_2475_classes_0-1.png
2025-09-24 17:33:29,051 - INFO - Epoch 2480, Loss: 732.260864
2025-09-24 17:33:33,175 - INFO - Epoch 2490, Loss: 771.178955
2025-09-24 17:33:36,720 - INFO - Epoch 2500, Loss: 622.457458
2025-09-24 17:33:46,508 - INFO - Samples generated: ./experiments/sketch_64x64_10classes_20250924_165806/samples/samples_epoch_2500_classes_0-1.png
2025-09-24 17:33:50,075 - INFO - Epoch 2510, Loss: 697.950684
2025-09-24 17:33:54,218 - INFO - Epoch 2520, Loss: 703.142212
2025-09-24 17:34:05,513 - INFO - Samples generated: ./experiments/sketch_64x64_10classes_20250924_165806/samples/samples_epoch_2525_classes_0-1.png
2025-09-24 17:34:06,972 - INFO - Epoch 2530, Loss: 632.732300
2025-09-24 17:34:10,483 - INFO - Epoch 2540, Loss: 788.484619
2025-09-24 17:34:14,659 - INFO - Epoch 2550, Loss: 734.197327
2025-09-24 17:34:23,509 - INFO - Samples generated: ./experiments/sketch_64x64_10classes_20250924_165806/samples/samples_epoch_2550_classes_0-1.png
2025-09-24 17:34:27,267 - INFO - Epoch 2560, Loss: 724.317993
2025-09-24 17:34:30,678 - INFO - Epoch 2570, Loss: 689.445068
2025-09-24 17:34:41,880 - INFO - Samples generated: ./experiments/sketch_64x64_10classes_20250924_165806/samples/samples_epoch_2575_classes_0-1.png
2025-09-24 17:34:43,856 - INFO - Epoch 2580, Loss: 638.247253
2025-09-24 17:34:47,887 - INFO - Epoch 2590, Loss: 723.148682
2025-09-24 17:34:51,343 - INFO - Epoch 2600, Loss: 660.128540
2025-09-24 17:35:01,123 - INFO - Samples generated: ./experiments/sketch_64x64_10classes_20250924_165806/samples/samples_epoch_2600_classes_0-1.png
2025-09-24 17:35:04,693 - INFO - Epoch 2610, Loss: 692.893799
2025-09-24 17:35:08,729 - INFO - Epoch 2620, Loss: 609.927246
2025-09-24 17:35:20,005 - INFO - Samples generated: ./experiments/sketch_64x64_10classes_20250924_165806/samples/samples_epoch_2625_classes_0-1.png
2025-09-24 17:35:21,797 - INFO - Epoch 2630, Loss: 688.315552
2025-09-24 17:35:25,594 - INFO - Epoch 2640, Loss: 781.322998
2025-09-24 17:35:29,428 - INFO - Epoch 2650, Loss: 603.655762
2025-09-24 17:35:39,168 - INFO - Samples generated: ./experiments/sketch_64x64_10classes_20250924_165806/samples/samples_epoch_2650_classes_0-1.png
2025-09-24 17:35:42,589 - INFO - Epoch 2660, Loss: 742.661743
2025-09-24 17:35:46,317 - INFO - Epoch 2670, Loss: 679.745483
2025-09-24 17:35:57,463 - INFO - Samples generated: ./experiments/sketch_64x64_10classes_20250924_165806/samples/samples_epoch_2675_classes_0-1.png
2025-09-24 17:35:59,557 - INFO - Epoch 2680, Loss: 648.834717
2025-09-24 17:36:03,020 - INFO - Epoch 2690, Loss: 572.992676
2025-09-24 17:36:06,932 - INFO - Epoch 2700, Loss: 637.928589
2025-09-24 17:36:16,199 - INFO - Samples generated: ./experiments/sketch_64x64_10classes_20250924_165806/samples/samples_epoch_2700_classes_0-1.png
2025-09-24 17:36:20,379 - INFO - Epoch 2710, Loss: 835.116089
2025-09-24 17:36:23,851 - INFO - Epoch 2720, Loss: 595.629272
2025-09-24 17:36:35,002 - INFO - Samples generated: ./experiments/sketch_64x64_10classes_20250924_165806/samples/samples_epoch_2725_classes_0-1.png
2025-09-24 17:36:36,884 - INFO - Epoch 2730, Loss: 675.828857
2025-09-24 17:36:40,969 - INFO - Epoch 2740, Loss: 621.061523
2025-09-24 17:36:44,464 - INFO - Epoch 2750, Loss: 652.322021
2025-09-24 17:36:53,790 - INFO - Samples generated: ./experiments/sketch_64x64_10classes_20250924_165806/samples/samples_epoch_2750_classes_0-1.png
2025-09-24 17:36:57,335 - INFO - Epoch 2760, Loss: 583.927856
2025-09-24 17:37:01,465 - INFO - Epoch 2770, Loss: 642.414856
2025-09-24 17:37:12,917 - INFO - Samples generated: ./experiments/sketch_64x64_10classes_20250924_165806/samples/samples_epoch_2775_classes_0-1.png
2025-09-24 17:37:14,642 - INFO - Epoch 2780, Loss: 731.523132
2025-09-24 17:37:18,127 - INFO - New best model saved (loss: 523.394897)
2025-09-24 17:37:20,832 - INFO - Epoch 2790, Loss: 707.199341
2025-09-24 17:37:24,383 - INFO - Epoch 2800, Loss: 847.524719
2025-09-24 17:37:33,889 - INFO - Samples generated: ./experiments/sketch_64x64_10classes_20250924_165806/samples/samples_epoch_2800_classes_0-1.png
2025-09-24 17:37:37,679 - INFO - Epoch 2810, Loss: 815.385376
2025-09-24 17:37:41,295 - INFO - Epoch 2820, Loss: 622.716797
2025-09-24 17:37:52,120 - INFO - Samples generated: ./experiments/sketch_64x64_10classes_20250924_165806/samples/samples_epoch_2825_classes_0-1.png
2025-09-24 17:37:53,335 - INFO - Epoch 2830, Loss: 748.655273
2025-09-24 17:37:56,646 - INFO - Epoch 2840, Loss: 794.053345
2025-09-24 17:38:00,003 - INFO - Epoch 2850, Loss: 676.828674
2025-09-24 17:38:09,557 - INFO - Samples generated: ./experiments/sketch_64x64_10classes_20250924_165806/samples/samples_epoch_2850_classes_0-1.png
2025-09-24 17:38:13,710 - INFO - Epoch 2860, Loss: 674.977417
2025-09-24 17:38:17,236 - INFO - Epoch 2870, Loss: 685.223999
2025-09-24 17:38:28,328 - INFO - Samples generated: ./experiments/sketch_64x64_10classes_20250924_165806/samples/samples_epoch_2875_classes_0-1.png
2025-09-24 17:38:29,961 - INFO - Epoch 2880, Loss: 684.669678
2025-09-24 17:38:34,129 - INFO - Epoch 2890, Loss: 680.935303
2025-09-24 17:38:37,566 - INFO - Epoch 2900, Loss: 576.543762
2025-09-24 17:38:47,325 - INFO - Samples generated: ./experiments/sketch_64x64_10classes_20250924_165806/samples/samples_epoch_2900_classes_0-1.png
2025-09-24 17:38:51,047 - INFO - Epoch 2910, Loss: 608.221008
2025-09-24 17:38:55,349 - INFO - Epoch 2920, Loss: 632.146484
2025-09-24 17:39:06,835 - INFO - Samples generated: ./experiments/sketch_64x64_10classes_20250924_165806/samples/samples_epoch_2925_classes_0-1.png
2025-09-24 17:39:08,407 - INFO - Epoch 2930, Loss: 760.155029
2025-09-24 17:39:11,868 - INFO - Epoch 2940, Loss: 797.965820
2025-09-24 17:39:16,072 - INFO - Epoch 2950, Loss: 823.827820
2025-09-24 17:39:24,981 - INFO - Samples generated: ./experiments/sketch_64x64_10classes_20250924_165806/samples/samples_epoch_2950_classes_0-1.png
2025-09-24 17:39:28,543 - INFO - Epoch 2960, Loss: 638.097412
2025-09-24 17:39:32,092 - INFO - Epoch 2970, Loss: 677.426514
2025-09-24 17:39:43,104 - INFO - Samples generated: ./experiments/sketch_64x64_10classes_20250924_165806/samples/samples_epoch_2975_classes_0-1.png
2025-09-24 17:39:45,064 - INFO - Epoch 2980, Loss: 736.038574
2025-09-24 17:39:48,812 - INFO - Epoch 2990, Loss: 722.495972
2025-09-24 17:39:52,238 - INFO - Epoch 3000, Loss: 651.214600
2025-09-24 17:40:02,099 - INFO - Samples generated: ./experiments/sketch_64x64_10classes_20250924_165806/samples/samples_epoch_3000_classes_0-1.png
2025-09-24 17:40:05,937 - INFO - Epoch 3010, Loss: 684.061768
2025-09-24 17:40:09,731 - INFO - Epoch 3020, Loss: 696.468750
2025-09-24 17:40:21,175 - INFO - Samples generated: ./experiments/sketch_64x64_10classes_20250924_165806/samples/samples_epoch_3025_classes_0-1.png
2025-09-24 17:40:23,015 - INFO - Epoch 3030, Loss: 822.252930
2025-09-24 17:40:26,850 - INFO - Epoch 3040, Loss: 730.783569
2025-09-24 17:40:30,397 - INFO - Epoch 3050, Loss: 748.256165
2025-09-24 17:40:40,333 - INFO - Samples generated: ./experiments/sketch_64x64_10classes_20250924_165806/samples/samples_epoch_3050_classes_0-1.png
2025-09-24 17:40:43,805 - INFO - Epoch 3060, Loss: 674.031067
2025-09-24 17:40:47,580 - INFO - Epoch 3070, Loss: 647.387268
2025-09-24 17:40:59,096 - INFO - Samples generated: ./experiments/sketch_64x64_10classes_20250924_165806/samples/samples_epoch_3075_classes_0-1.png
2025-09-24 17:41:01,016 - INFO - Epoch 3080, Loss: 746.500854
2025-09-24 17:41:04,475 - INFO - Epoch 3090, Loss: 688.217041
2025-09-24 17:41:08,148 - INFO - Epoch 3100, Loss: 661.506226
2025-09-24 17:41:17,059 - INFO - Samples generated: ./experiments/sketch_64x64_10classes_20250924_165806/samples/samples_epoch_3100_classes_0-1.png
2025-09-24 17:41:21,228 - INFO - Epoch 3110, Loss: 772.963745
2025-09-24 17:41:24,785 - INFO - Epoch 3120, Loss: 709.016235
2025-09-24 17:41:35,909 - INFO - Samples generated: ./experiments/sketch_64x64_10classes_20250924_165806/samples/samples_epoch_3125_classes_0-1.png
2025-09-24 17:41:37,753 - INFO - Epoch 3130, Loss: 700.557800
2025-09-24 17:41:41,927 - INFO - Epoch 3140, Loss: 604.845581
2025-09-24 17:41:45,372 - INFO - Epoch 3150, Loss: 610.867249
2025-09-24 17:41:54,812 - INFO - Samples generated: ./experiments/sketch_64x64_10classes_20250924_165806/samples/samples_epoch_3150_classes_0-1.png
2025-09-24 17:41:58,345 - INFO - Epoch 3160, Loss: 781.241089
2025-09-24 17:42:03,525 - INFO - New best model saved (loss: 494.815613)
2025-09-24 17:42:05,475 - INFO - Epoch 3170, Loss: 595.385986
2025-09-24 17:42:16,621 - INFO - Samples generated: ./experiments/sketch_64x64_10classes_20250924_165806/samples/samples_epoch_3175_classes_0-1.png
2025-09-24 17:42:18,816 - INFO - Epoch 3180, Loss: 751.432007
2025-09-24 17:42:22,400 - INFO - Epoch 3190, Loss: 640.344604
2025-09-24 17:42:26,008 - INFO - Epoch 3200, Loss: 748.579224
2025-09-24 17:42:35,556 - INFO - Samples generated: ./experiments/sketch_64x64_10classes_20250924_165806/samples/samples_epoch_3200_classes_0-1.png
2025-09-24 17:42:39,416 - INFO - Epoch 3210, Loss: 693.647827
2025-09-24 17:42:42,946 - INFO - Epoch 3220, Loss: 785.401062
2025-09-24 17:42:54,491 - INFO - Samples generated: ./experiments/sketch_64x64_10classes_20250924_165806/samples/samples_epoch_3225_classes_0-1.png
2025-09-24 17:42:56,358 - INFO - Epoch 3230, Loss: 809.590576
2025-09-24 17:43:00,291 - INFO - Epoch 3240, Loss: 637.282959
2025-09-24 17:43:03,822 - INFO - Epoch 3250, Loss: 655.463806
2025-09-24 17:43:13,597 - INFO - Samples generated: ./experiments/sketch_64x64_10classes_20250924_165806/samples/samples_epoch_3250_classes_0-1.png
2025-09-24 17:43:16,922 - INFO - Epoch 3260, Loss: 653.970581
2025-09-24 17:43:20,815 - INFO - Epoch 3270, Loss: 655.732788
2025-09-24 17:43:32,044 - INFO - Samples generated: ./experiments/sketch_64x64_10classes_20250924_165806/samples/samples_epoch_3275_classes_0-1.png
2025-09-24 17:43:34,002 - INFO - Epoch 3280, Loss: 597.538940
2025-09-24 17:43:37,383 - INFO - Epoch 3290, Loss: 655.617676
2025-09-24 17:43:40,962 - INFO - Epoch 3300, Loss: 743.487427
2025-09-24 17:43:49,929 - INFO - Samples generated: ./experiments/sketch_64x64_10classes_20250924_165806/samples/samples_epoch_3300_classes_0-1.png
2025-09-24 17:43:54,014 - INFO - Epoch 3310, Loss: 794.801025
2025-09-24 17:43:57,464 - INFO - Epoch 3320, Loss: 668.710693
2025-09-24 17:44:09,128 - INFO - Samples generated: ./experiments/sketch_64x64_10classes_20250924_165806/samples/samples_epoch_3325_classes_0-1.png
2025-09-24 17:44:10,895 - INFO - Epoch 3330, Loss: 663.749695
2025-09-24 17:44:14,939 - INFO - Epoch 3340, Loss: 556.258057
2025-09-24 17:44:18,326 - INFO - Epoch 3350, Loss: 620.640686
2025-09-24 17:44:27,866 - INFO - Samples generated: ./experiments/sketch_64x64_10classes_20250924_165806/samples/samples_epoch_3350_classes_0-1.png
2025-09-24 17:44:31,487 - INFO - Epoch 3360, Loss: 644.286621
2025-09-24 17:44:35,661 - INFO - Epoch 3370, Loss: 862.281860
2025-09-24 17:44:47,001 - INFO - Samples generated: ./experiments/sketch_64x64_10classes_20250924_165806/samples/samples_epoch_3375_classes_0-1.png
2025-09-24 17:44:48,556 - INFO - Epoch 3380, Loss: 714.545898
2025-09-24 17:44:52,131 - INFO - Epoch 3390, Loss: 735.998291
2025-09-24 17:44:56,288 - INFO - Epoch 3400, Loss: 663.411865
2025-09-24 17:45:05,280 - INFO - Samples generated: ./experiments/sketch_64x64_10classes_20250924_165806/samples/samples_epoch_3400_classes_0-1.png
2025-09-24 17:45:07,874 - INFO - Epoch 3410, Loss: 575.024292
2025-09-24 17:45:10,458 - INFO - Epoch 3420, Loss: 721.449890
2025-09-24 17:45:21,673 - INFO - Samples generated: ./experiments/sketch_64x64_10classes_20250924_165806/samples/samples_epoch_3425_classes_0-1.png
2025-09-24 17:45:23,407 - INFO - Epoch 3430, Loss: 608.550537
2025-09-24 17:45:26,904 - INFO - Epoch 3440, Loss: 804.792847
2025-09-24 17:45:31,215 - INFO - Epoch 3450, Loss: 817.460938
2025-09-24 17:45:40,707 - INFO - Samples generated: ./experiments/sketch_64x64_10classes_20250924_165806/samples/samples_epoch_3450_classes_0-1.png
2025-09-24 17:45:44,055 - INFO - Epoch 3460, Loss: 644.341309
2025-09-24 17:45:47,646 - INFO - Epoch 3470, Loss: 706.744873
2025-09-24 17:45:58,902 - INFO - Samples generated: ./experiments/sketch_64x64_10classes_20250924_165806/samples/samples_epoch_3475_classes_0-1.png
2025-09-24 17:46:01,063 - INFO - Epoch 3480, Loss: 675.897034
2025-09-24 17:46:04,451 - INFO - Epoch 3490, Loss: 627.978882
2025-09-24 17:46:07,880 - INFO - Epoch 3500, Loss: 705.791321
2025-09-24 17:46:17,498 - INFO - Samples generated: ./experiments/sketch_64x64_10classes_20250924_165806/samples/samples_epoch_3500_classes_0-1.png
2025-09-24 17:46:21,291 - INFO - Epoch 3510, Loss: 643.734558
2025-09-24 17:46:25,079 - INFO - Epoch 3520, Loss: 663.339478
2025-09-24 17:46:36,471 - INFO - Samples generated: ./experiments/sketch_64x64_10classes_20250924_165806/samples/samples_epoch_3525_classes_0-1.png
2025-09-24 17:46:38,311 - INFO - Epoch 3530, Loss: 707.030884
2025-09-24 17:46:42,182 - INFO - Epoch 3540, Loss: 662.610474
2025-09-24 17:46:45,767 - INFO - Epoch 3550, Loss: 640.079956
2025-09-24 17:46:55,609 - INFO - Samples generated: ./experiments/sketch_64x64_10classes_20250924_165806/samples/samples_epoch_3550_classes_0-1.png
2025-09-24 17:46:58,947 - INFO - Epoch 3560, Loss: 707.135620
2025-09-24 17:47:02,816 - INFO - Epoch 3570, Loss: 637.884094
2025-09-24 17:47:14,342 - INFO - Samples generated: ./experiments/sketch_64x64_10classes_20250924_165806/samples/samples_epoch_3575_classes_0-1.png
2025-09-24 17:47:16,287 - INFO - Epoch 3580, Loss: 594.162476
2025-09-24 17:47:19,788 - INFO - Epoch 3590, Loss: 623.998535
2025-09-24 17:47:23,660 - INFO - Epoch 3600, Loss: 808.122620
2025-09-24 17:47:32,630 - INFO - Samples generated: ./experiments/sketch_64x64_10classes_20250924_165806/samples/samples_epoch_3600_classes_0-1.png
2025-09-24 17:47:39,547 - INFO - New best model saved (loss: 473.498260)
2025-09-24 17:47:39,973 - INFO - Epoch 3610, Loss: 629.492126
2025-09-24 17:47:44,122 - INFO - Epoch 3620, Loss: 529.494202
2025-09-24 17:47:55,561 - INFO - Samples generated: ./experiments/sketch_64x64_10classes_20250924_165806/samples/samples_epoch_3625_classes_0-1.png
2025-09-24 17:47:57,088 - INFO - Epoch 3630, Loss: 700.525146
2025-09-24 17:48:00,626 - INFO - Epoch 3640, Loss: 695.870483
2025-09-24 17:48:04,903 - INFO - Epoch 3650, Loss: 614.033997
2025-09-24 17:48:14,256 - INFO - Samples generated: ./experiments/sketch_64x64_10classes_20250924_165806/samples/samples_epoch_3650_classes_0-1.png
2025-09-24 17:48:17,731 - INFO - Epoch 3660, Loss: 704.138367
2025-09-24 17:48:21,465 - INFO - Epoch 3670, Loss: 672.386841
2025-09-24 17:48:32,506 - INFO - Samples generated: ./experiments/sketch_64x64_10classes_20250924_165806/samples/samples_epoch_3675_classes_0-1.png
2025-09-24 17:48:34,636 - INFO - Epoch 3680, Loss: 608.184326
2025-09-24 17:48:38,180 - INFO - Epoch 3690, Loss: 604.861023
2025-09-24 17:48:41,726 - INFO - Epoch 3700, Loss: 633.055237
2025-09-24 17:48:51,501 - INFO - Samples generated: ./experiments/sketch_64x64_10classes_20250924_165806/samples/samples_epoch_3700_classes_0-1.png
2025-09-24 17:48:55,432 - INFO - Epoch 3710, Loss: 596.385132
2025-09-24 17:48:59,110 - INFO - Epoch 3720, Loss: 567.110962
2025-09-24 17:49:10,737 - INFO - Samples generated: ./experiments/sketch_64x64_10classes_20250924_165806/samples/samples_epoch_3725_classes_0-1.png
2025-09-24 17:49:12,451 - INFO - Epoch 3730, Loss: 623.515625
2025-09-24 17:49:16,291 - INFO - Epoch 3740, Loss: 580.910156
2025-09-24 17:49:19,828 - INFO - Epoch 3750, Loss: 589.984680
2025-09-24 17:49:29,712 - INFO - Samples generated: ./experiments/sketch_64x64_10classes_20250924_165806/samples/samples_epoch_3750_classes_0-1.png
2025-09-24 17:49:32,984 - INFO - Epoch 3760, Loss: 617.797241
2025-09-24 17:49:37,063 - INFO - Epoch 3770, Loss: 718.491394
2025-09-24 17:49:47,965 - INFO - Samples generated: ./experiments/sketch_64x64_10classes_20250924_165806/samples/samples_epoch_3775_classes_0-1.png
2025-09-24 17:49:49,839 - INFO - Epoch 3780, Loss: 623.987244
2025-09-24 17:49:53,202 - INFO - Epoch 3790, Loss: 636.509521
2025-09-24 17:49:57,198 - INFO - Epoch 3800, Loss: 637.942261
2025-09-24 17:50:06,363 - INFO - Samples generated: ./experiments/sketch_64x64_10classes_20250924_165806/samples/samples_epoch_3800_classes_0-1.png
2025-09-24 17:50:10,594 - INFO - Epoch 3810, Loss: 700.202454
2025-09-24 17:50:14,075 - INFO - Epoch 3820, Loss: 664.588013
2025-09-24 17:50:25,497 - INFO - Samples generated: ./experiments/sketch_64x64_10classes_20250924_165806/samples/samples_epoch_3825_classes_0-1.png
2025-09-24 17:50:27,452 - INFO - Epoch 3830, Loss: 775.861206
2025-09-24 17:50:31,360 - INFO - Epoch 3840, Loss: 541.535217
2025-09-24 17:50:34,713 - INFO - Epoch 3850, Loss: 620.876526
2025-09-24 17:50:44,072 - INFO - Samples generated: ./experiments/sketch_64x64_10classes_20250924_165806/samples/samples_epoch_3850_classes_0-1.png
2025-09-24 17:50:47,701 - INFO - Epoch 3860, Loss: 656.089172
2025-09-24 17:50:51,759 - INFO - Epoch 3870, Loss: 624.005615
2025-09-24 17:51:03,510 - INFO - Samples generated: ./experiments/sketch_64x64_10classes_20250924_165806/samples/samples_epoch_3875_classes_0-1.png
2025-09-24 17:51:05,347 - INFO - Epoch 3880, Loss: 567.187073
2025-09-24 17:51:09,123 - INFO - Epoch 3890, Loss: 762.989258
2025-09-24 17:51:12,844 - INFO - Epoch 3900, Loss: 528.766968
2025-09-24 17:51:22,581 - INFO - Samples generated: ./experiments/sketch_64x64_10classes_20250924_165806/samples/samples_epoch_3900_classes_0-1.png
2025-09-24 17:51:26,072 - INFO - Epoch 3910, Loss: 647.559753
2025-09-24 17:51:29,830 - INFO - Epoch 3920, Loss: 644.977051
2025-09-24 17:51:40,806 - INFO - Samples generated: ./experiments/sketch_64x64_10classes_20250924_165806/samples/samples_epoch_3925_classes_0-1.png
2025-09-24 17:51:42,841 - INFO - Epoch 3930, Loss: 602.597229
2025-09-24 17:51:46,398 - INFO - Epoch 3940, Loss: 560.045288
2025-09-24 17:51:50,071 - INFO - Epoch 3950, Loss: 631.730835
2025-09-24 17:51:59,118 - INFO - Samples generated: ./experiments/sketch_64x64_10classes_20250924_165806/samples/samples_epoch_3950_classes_0-1.png
2025-09-24 17:52:03,287 - INFO - Epoch 3960, Loss: 606.056641
2025-09-24 17:52:06,756 - INFO - Epoch 3970, Loss: 559.752441
2025-09-24 17:52:18,123 - INFO - Samples generated: ./experiments/sketch_64x64_10classes_20250924_165806/samples/samples_epoch_3975_classes_0-1.png
2025-09-24 17:52:19,750 - INFO - Epoch 3980, Loss: 614.086182
2025-09-24 17:52:23,908 - INFO - Epoch 3990, Loss: 617.948364
2025-09-24 17:52:26,073 - INFO - Epoch 4000, Loss: 600.082336
2025-09-24 17:52:32,711 - INFO - Samples generated: ./experiments/sketch_64x64_10classes_20250924_165806/samples/samples_epoch_4000_classes_0-1.png
2025-09-24 17:52:35,474 - INFO - Epoch 4010, Loss: 789.472168
2025-09-24 17:52:38,285 - INFO - Epoch 4020, Loss: 705.674500
2025-09-24 17:52:46,380 - INFO - Samples generated: ./experiments/sketch_64x64_10classes_20250924_165806/samples/samples_epoch_4025_classes_0-1.png
2025-09-24 17:52:47,595 - INFO - Epoch 4030, Loss: 704.006836
2025-09-24 17:52:50,370 - INFO - Epoch 4040, Loss: 583.129272
2025-09-24 17:52:53,151 - INFO - Epoch 4050, Loss: 495.239075
2025-09-24 17:53:00,170 - INFO - Samples generated: ./experiments/sketch_64x64_10classes_20250924_165806/samples/samples_epoch_4050_classes_0-1.png
2025-09-24 17:53:02,876 - INFO - Epoch 4060, Loss: 611.108643
2025-09-24 17:53:05,604 - INFO - Epoch 4070, Loss: 645.910950
2025-09-24 17:53:13,819 - INFO - Samples generated: ./experiments/sketch_64x64_10classes_20250924_165806/samples/samples_epoch_4075_classes_0-1.png
2025-09-24 17:53:15,203 - INFO - Epoch 4080, Loss: 500.397369
2025-09-24 17:53:17,877 - INFO - Epoch 4090, Loss: 572.573669
2025-09-24 17:53:20,623 - INFO - Epoch 4100, Loss: 614.677856
2025-09-24 17:53:27,475 - INFO - Samples generated: ./experiments/sketch_64x64_10classes_20250924_165806/samples/samples_epoch_4100_classes_0-1.png
2025-09-24 17:53:30,112 - INFO - Epoch 4110, Loss: 563.451050
2025-09-24 17:53:32,833 - INFO - Epoch 4120, Loss: 861.728394
2025-09-24 17:53:41,089 - INFO - Samples generated: ./experiments/sketch_64x64_10classes_20250924_165806/samples/samples_epoch_4125_classes_0-1.png
2025-09-24 17:53:42,557 - INFO - Epoch 4130, Loss: 600.011597
2025-09-24 17:53:45,319 - INFO - Epoch 4140, Loss: 765.303040
2025-09-24 17:53:47,944 - INFO - Epoch 4150, Loss: 550.631348
2025-09-24 17:53:54,657 - INFO - Samples generated: ./experiments/sketch_64x64_10classes_20250924_165806/samples/samples_epoch_4150_classes_0-1.png
2025-09-24 17:53:57,390 - INFO - Epoch 4160, Loss: 598.951843
2025-09-24 17:54:00,173 - INFO - Epoch 4170, Loss: 586.602234
2025-09-24 17:54:08,235 - INFO - Samples generated: ./experiments/sketch_64x64_10classes_20250924_165806/samples/samples_epoch_4175_classes_0-1.png
2025-09-24 17:54:09,526 - INFO - Epoch 4180, Loss: 665.889038
2025-09-24 17:54:12,168 - INFO - Epoch 4190, Loss: 804.510132
2025-09-24 17:54:14,925 - INFO - Epoch 4200, Loss: 632.946472
2025-09-24 17:54:21,990 - INFO - Samples generated: ./experiments/sketch_64x64_10classes_20250924_165806/samples/samples_epoch_4200_classes_0-1.png
2025-09-24 17:54:24,692 - INFO - Epoch 4210, Loss: 615.425293
2025-09-24 17:54:27,332 - INFO - Epoch 4220, Loss: 539.835327
2025-09-24 17:54:35,554 - INFO - Samples generated: ./experiments/sketch_64x64_10classes_20250924_165806/samples/samples_epoch_4225_classes_0-1.png
2025-09-24 17:54:36,867 - INFO - Epoch 4230, Loss: 575.214539
2025-09-24 17:54:39,506 - INFO - Epoch 4240, Loss: 663.701660
2025-09-24 17:54:42,406 - INFO - Epoch 4250, Loss: 692.095215
2025-09-24 17:54:49,273 - INFO - Samples generated: ./experiments/sketch_64x64_10classes_20250924_165806/samples/samples_epoch_4250_classes_0-1.png
2025-09-24 17:54:52,019 - INFO - Epoch 4260, Loss: 606.273132
2025-09-24 17:54:54,635 - INFO - Epoch 4270, Loss: 665.001953
2025-09-24 17:55:02,871 - INFO - Samples generated: ./experiments/sketch_64x64_10classes_20250924_165806/samples/samples_epoch_4275_classes_0-1.png
2025-09-24 17:55:04,297 - INFO - Epoch 4280, Loss: 630.543884
2025-09-24 17:55:07,083 - INFO - Epoch 4290, Loss: 596.967407
2025-09-24 17:55:09,841 - INFO - Epoch 4300, Loss: 674.033325
2025-09-24 17:55:16,693 - INFO - Samples generated: ./experiments/sketch_64x64_10classes_20250924_165806/samples/samples_epoch_4300_classes_0-1.png
2025-09-24 17:55:19,329 - INFO - Epoch 4310, Loss: 684.709839
2025-09-24 17:55:22,040 - INFO - Epoch 4320, Loss: 640.914856
2025-09-24 17:55:30,100 - INFO - Samples generated: ./experiments/sketch_64x64_10classes_20250924_165806/samples/samples_epoch_4325_classes_0-1.png
2025-09-24 17:55:31,422 - INFO - Epoch 4330, Loss: 547.290466
2025-09-24 17:55:36,036 - INFO - New best model saved (loss: 471.101257)
2025-09-24 17:55:40,021 - INFO - New best model saved (loss: 440.427155)
2025-09-24 17:55:40,704 - INFO - Epoch 4340, Loss: 639.651428
2025-09-24 17:55:42,834 - INFO - Epoch 4350, Loss: 581.860535
2025-09-24 17:55:51,173 - INFO - Samples generated: ./experiments/sketch_64x64_10classes_20250924_165806/samples/samples_epoch_4350_classes_0-1.png
2025-09-24 17:55:55,149 - INFO - Epoch 4360, Loss: 647.995361
2025-09-24 17:55:58,413 - INFO - Epoch 4370, Loss: 721.480042
2025-09-24 17:56:09,436 - INFO - Samples generated: ./experiments/sketch_64x64_10classes_20250924_165806/samples/samples_epoch_4375_classes_0-1.png
2025-09-24 17:56:11,291 - INFO - Epoch 4380, Loss: 628.628174
2025-09-24 17:56:15,292 - INFO - Epoch 4390, Loss: 466.638306
2025-09-24 17:56:18,683 - INFO - Epoch 4400, Loss: 587.490417
2025-09-24 17:56:27,977 - INFO - Samples generated: ./experiments/sketch_64x64_10classes_20250924_165806/samples/samples_epoch_4400_classes_0-1.png
2025-09-24 17:56:31,542 - INFO - Epoch 4410, Loss: 606.692139
2025-09-24 17:56:35,673 - INFO - Epoch 4420, Loss: 562.524475
2025-09-24 17:56:46,827 - INFO - Samples generated: ./experiments/sketch_64x64_10classes_20250924_165806/samples/samples_epoch_4425_classes_0-1.png
2025-09-24 17:56:48,380 - INFO - Epoch 4430, Loss: 714.953064
2025-09-24 17:56:51,864 - INFO - Epoch 4440, Loss: 543.779541
2025-09-24 17:56:56,054 - INFO - Epoch 4450, Loss: 700.690063
2025-09-24 17:57:05,131 - INFO - Samples generated: ./experiments/sketch_64x64_10classes_20250924_165806/samples/samples_epoch_4450_classes_0-1.png
2025-09-24 17:57:08,478 - INFO - Epoch 4460, Loss: 699.707153
2025-09-24 17:57:12,312 - INFO - Epoch 4470, Loss: 610.053284
2025-09-24 17:57:23,295 - INFO - Samples generated: ./experiments/sketch_64x64_10classes_20250924_165806/samples/samples_epoch_4475_classes_0-1.png
2025-09-24 17:57:25,447 - INFO - Epoch 4480, Loss: 686.086548
2025-09-24 17:57:29,051 - INFO - Epoch 4490, Loss: 643.902039
2025-09-24 17:57:32,667 - INFO - Epoch 4500, Loss: 640.744995
2025-09-24 17:57:42,072 - INFO - Samples generated: ./experiments/sketch_64x64_10classes_20250924_165806/samples/samples_epoch_4500_classes_0-1.png
2025-09-24 17:57:46,000 - INFO - Epoch 4510, Loss: 906.651550
2025-09-24 17:57:49,598 - INFO - Epoch 4520, Loss: 716.529968
2025-09-24 17:58:01,134 - INFO - Samples generated: ./experiments/sketch_64x64_10classes_20250924_165806/samples/samples_epoch_4525_classes_0-1.png
2025-09-24 17:58:02,778 - INFO - Epoch 4530, Loss: 631.661499
2025-09-24 17:58:06,813 - INFO - Epoch 4540, Loss: 581.175293
2025-09-24 17:58:10,414 - INFO - Epoch 4550, Loss: 639.568726
2025-09-24 17:58:20,170 - INFO - Samples generated: ./experiments/sketch_64x64_10classes_20250924_165806/samples/samples_epoch_4550_classes_0-1.png
2025-09-24 17:58:23,674 - INFO - Epoch 4560, Loss: 704.987183
2025-09-24 17:58:27,955 - INFO - Epoch 4570, Loss: 543.626953
2025-09-24 17:58:39,202 - INFO - Samples generated: ./experiments/sketch_64x64_10classes_20250924_165806/samples/samples_epoch_4575_classes_0-1.png
2025-09-24 17:58:40,810 - INFO - Epoch 4580, Loss: 673.150635
2025-09-24 17:58:44,158 - INFO - Epoch 4590, Loss: 549.095337
2025-09-24 17:58:48,283 - INFO - Epoch 4600, Loss: 614.458252
2025-09-24 17:58:57,278 - INFO - Samples generated: ./experiments/sketch_64x64_10classes_20250924_165806/samples/samples_epoch_4600_classes_0-1.png
2025-09-24 17:59:01,117 - INFO - Epoch 4610, Loss: 706.416077
2025-09-24 17:59:04,424 - INFO - Epoch 4620, Loss: 605.854126
2025-09-24 17:59:15,913 - INFO - Samples generated: ./experiments/sketch_64x64_10classes_20250924_165806/samples/samples_epoch_4625_classes_0-1.png
2025-09-24 17:59:17,854 - INFO - Epoch 4630, Loss: 658.161987
2025-09-24 17:59:21,900 - INFO - Epoch 4640, Loss: 580.210815
2025-09-24 17:59:25,216 - INFO - Epoch 4650, Loss: 605.623962
2025-09-24 17:59:34,565 - INFO - Samples generated: ./experiments/sketch_64x64_10classes_20250924_165806/samples/samples_epoch_4650_classes_0-1.png
2025-09-24 17:59:38,174 - INFO - Epoch 4660, Loss: 626.223938
2025-09-24 17:59:42,321 - INFO - Epoch 4670, Loss: 648.625366
2025-09-24 17:59:53,611 - INFO - Samples generated: ./experiments/sketch_64x64_10classes_20250924_165806/samples/samples_epoch_4675_classes_0-1.png
2025-09-24 17:59:55,369 - INFO - Epoch 4680, Loss: 698.579712
2025-09-24 17:59:59,252 - INFO - Epoch 4690, Loss: 668.148621
2025-09-24 18:00:03,186 - INFO - Epoch 4700, Loss: 740.649902
2025-09-24 18:00:13,191 - INFO - Samples generated: ./experiments/sketch_64x64_10classes_20250924_165806/samples/samples_epoch_4700_classes_0-1.png
2025-09-24 18:00:16,568 - INFO - Epoch 4710, Loss: 694.638672
2025-09-24 18:00:20,118 - INFO - Epoch 4720, Loss: 553.167603
2025-09-24 18:00:31,136 - INFO - Samples generated: ./experiments/sketch_64x64_10classes_20250924_165806/samples/samples_epoch_4725_classes_0-1.png
2025-09-24 18:00:33,251 - INFO - Epoch 4730, Loss: 604.966187
2025-09-24 18:00:36,617 - INFO - Epoch 4740, Loss: 644.101868
2025-09-24 18:00:40,266 - INFO - Epoch 4750, Loss: 690.158691
2025-09-24 18:00:49,693 - INFO - Samples generated: ./experiments/sketch_64x64_10classes_20250924_165806/samples/samples_epoch_4750_classes_0-1.png
2025-09-24 18:00:53,813 - INFO - Epoch 4760, Loss: 739.301331
2025-09-24 18:00:57,000 - INFO - Epoch 4770, Loss: 753.492859
2025-09-24 18:01:07,992 - INFO - Samples generated: ./experiments/sketch_64x64_10classes_20250924_165806/samples/samples_epoch_4775_classes_0-1.png
2025-09-24 18:01:09,712 - INFO - Epoch 4780, Loss: 703.400269
2025-09-24 18:01:13,886 - INFO - Epoch 4790, Loss: 653.980713
2025-09-24 18:01:17,412 - INFO - Epoch 4800, Loss: 621.934937
2025-09-24 18:01:27,395 - INFO - Samples generated: ./experiments/sketch_64x64_10classes_20250924_165806/samples/samples_epoch_4800_classes_0-1.png
2025-09-24 18:01:30,948 - INFO - Epoch 4810, Loss: 572.852539
2025-09-24 18:01:35,044 - INFO - Epoch 4820, Loss: 564.204224
2025-09-24 18:01:46,149 - INFO - Samples generated: ./experiments/sketch_64x64_10classes_20250924_165806/samples/samples_epoch_4825_classes_0-1.png
2025-09-24 18:01:47,625 - INFO - Epoch 4830, Loss: 667.137146
2025-09-24 18:01:51,224 - INFO - Epoch 4840, Loss: 521.893860
2025-09-24 18:01:55,378 - INFO - Epoch 4850, Loss: 524.005859
2025-09-24 18:02:04,264 - INFO - Samples generated: ./experiments/sketch_64x64_10classes_20250924_165806/samples/samples_epoch_4850_classes_0-1.png
2025-09-24 18:02:07,927 - INFO - Epoch 4860, Loss: 540.695862
2025-09-24 18:02:11,613 - INFO - Epoch 4870, Loss: 542.614746
2025-09-24 18:02:22,645 - INFO - Samples generated: ./experiments/sketch_64x64_10classes_20250924_165806/samples/samples_epoch_4875_classes_0-1.png
2025-09-24 18:02:24,670 - INFO - Epoch 4880, Loss: 572.545227
2025-09-24 18:02:28,454 - INFO - Epoch 4890, Loss: 695.963684
2025-09-24 18:02:31,879 - INFO - Epoch 4900, Loss: 630.504761
2025-09-24 18:02:41,508 - INFO - Samples generated: ./experiments/sketch_64x64_10classes_20250924_165806/samples/samples_epoch_4900_classes_0-1.png
2025-09-24 18:02:45,234 - INFO - Epoch 4910, Loss: 657.427856
2025-09-24 18:02:49,141 - INFO - Epoch 4920, Loss: 664.968872
2025-09-24 18:02:59,968 - INFO - Samples generated: ./experiments/sketch_64x64_10classes_20250924_165806/samples/samples_epoch_4925_classes_0-1.png
2025-09-24 18:03:01,039 - INFO - Epoch 4930, Loss: 648.402466
2025-09-24 18:03:04,143 - INFO - Epoch 4940, Loss: 627.685303
2025-09-24 18:03:07,685 - INFO - Epoch 4950, Loss: 544.301697
2025-09-24 18:03:17,129 - INFO - Samples generated: ./experiments/sketch_64x64_10classes_20250924_165806/samples/samples_epoch_4950_classes_0-1.png
2025-09-24 18:03:21,032 - INFO - Epoch 4960, Loss: 513.153931
2025-09-24 18:03:24,562 - INFO - Epoch 4970, Loss: 570.776489
2025-09-24 18:03:35,901 - INFO - Samples generated: ./experiments/sketch_64x64_10classes_20250924_165806/samples/samples_epoch_4975_classes_0-1.png
2025-09-24 18:03:37,728 - INFO - Epoch 4980, Loss: 665.667114
2025-09-24 18:03:41,572 - INFO - Epoch 4990, Loss: 521.917542
2025-09-24 18:03:45,113 - INFO - Epoch 5000, Loss: 632.095703
2025-09-24 18:03:55,027 - INFO - Samples generated: ./experiments/sketch_64x64_10classes_20250924_165806/samples/samples_epoch_5000_classes_0-1.png
2025-09-24 18:03:58,453 - INFO - Epoch 5010, Loss: 535.961914
2025-09-24 18:04:02,273 - INFO - Epoch 5020, Loss: 651.945557
2025-09-24 18:04:13,747 - INFO - Samples generated: ./experiments/sketch_64x64_10classes_20250924_165806/samples/samples_epoch_5025_classes_0-1.png
2025-09-24 18:04:15,649 - INFO - Epoch 5030, Loss: 705.566528
2025-09-24 18:04:19,135 - INFO - Epoch 5040, Loss: 620.209106
2025-09-24 18:04:22,827 - INFO - Epoch 5050, Loss: 678.460266
2025-09-24 18:04:31,783 - INFO - Samples generated: ./experiments/sketch_64x64_10classes_20250924_165806/samples/samples_epoch_5050_classes_0-1.png
2025-09-24 18:04:35,913 - INFO - Epoch 5060, Loss: 608.347900
2025-09-24 18:04:39,361 - INFO - Epoch 5070, Loss: 672.718872
2025-09-24 18:04:50,607 - INFO - Samples generated: ./experiments/sketch_64x64_10classes_20250924_165806/samples/samples_epoch_5075_classes_0-1.png
2025-09-24 18:04:52,378 - INFO - Epoch 5080, Loss: 579.092041
2025-09-24 18:04:56,500 - INFO - Epoch 5090, Loss: 589.727722
2025-09-24 18:04:59,828 - INFO - Epoch 5100, Loss: 714.293518
2025-09-24 18:05:09,542 - INFO - Samples generated: ./experiments/sketch_64x64_10classes_20250924_165806/samples/samples_epoch_5100_classes_0-1.png
2025-09-24 18:05:12,943 - INFO - Epoch 5110, Loss: 523.618591
2025-09-24 18:05:17,286 - INFO - Epoch 5120, Loss: 744.640015
2025-09-24 18:05:28,547 - INFO - Samples generated: ./experiments/sketch_64x64_10classes_20250924_165806/samples/samples_epoch_5125_classes_0-1.png
2025-09-24 18:05:30,152 - INFO - Epoch 5130, Loss: 625.028809
2025-09-24 18:05:33,841 - INFO - Epoch 5140, Loss: 667.761169
2025-09-24 18:05:37,974 - INFO - Epoch 5150, Loss: 640.677856
2025-09-24 18:05:47,033 - INFO - Samples generated: ./experiments/sketch_64x64_10classes_20250924_165806/samples/samples_epoch_5150_classes_0-1.png
2025-09-24 18:05:50,562 - INFO - Epoch 5160, Loss: 520.817383
2025-09-24 18:05:54,288 - INFO - Epoch 5170, Loss: 674.880798
2025-09-24 18:06:05,412 - INFO - Samples generated: ./experiments/sketch_64x64_10classes_20250924_165806/samples/samples_epoch_5175_classes_0-1.png
2025-09-24 18:06:07,577 - INFO - Epoch 5180, Loss: 622.872498
2025-09-24 18:06:11,071 - INFO - Epoch 5190, Loss: 623.105896
2025-09-24 18:06:14,800 - INFO - Epoch 5200, Loss: 576.474548
2025-09-24 18:06:24,507 - INFO - Samples generated: ./experiments/sketch_64x64_10classes_20250924_165806/samples/samples_epoch_5200_classes_0-1.png
2025-09-24 18:06:28,382 - INFO - Epoch 5210, Loss: 614.515869
2025-09-24 18:06:31,891 - INFO - Epoch 5220, Loss: 663.978088
2025-09-24 18:06:43,188 - INFO - Samples generated: ./experiments/sketch_64x64_10classes_20250924_165806/samples/samples_epoch_5225_classes_0-1.png
2025-09-24 18:06:44,996 - INFO - Epoch 5230, Loss: 561.739929
2025-09-24 18:06:49,039 - INFO - Epoch 5240, Loss: 621.941406
2025-09-24 18:06:52,651 - INFO - Epoch 5250, Loss: 706.250732
2025-09-24 18:07:02,703 - INFO - Samples generated: ./experiments/sketch_64x64_10classes_20250924_165806/samples/samples_epoch_5250_classes_0-1.png
2025-09-24 18:07:06,083 - INFO - Epoch 5260, Loss: 585.748291
2025-09-24 18:07:10,219 - INFO - Epoch 5270, Loss: 641.652466
2025-09-24 18:07:20,897 - INFO - Samples generated: ./experiments/sketch_64x64_10classes_20250924_165806/samples/samples_epoch_5275_classes_0-1.png
2025-09-24 18:07:22,759 - INFO - Epoch 5280, Loss: 562.343201
2025-09-24 18:07:26,139 - INFO - Epoch 5290, Loss: 694.057983
2025-09-24 18:07:29,827 - INFO - Epoch 5300, Loss: 535.552490
2025-09-24 18:07:38,793 - INFO - Samples generated: ./experiments/sketch_64x64_10classes_20250924_165806/samples/samples_epoch_5300_classes_0-1.png
2025-09-24 18:07:42,917 - INFO - Epoch 5310, Loss: 644.884644
2025-09-24 18:07:46,385 - INFO - Epoch 5320, Loss: 656.808411
2025-09-24 18:07:57,647 - INFO - Samples generated: ./experiments/sketch_64x64_10classes_20250924_165806/samples/samples_epoch_5325_classes_0-1.png
2025-09-24 18:07:59,404 - INFO - Epoch 5330, Loss: 597.400635
2025-09-24 18:08:03,541 - INFO - Epoch 5340, Loss: 515.092163
2025-09-24 18:08:06,894 - INFO - Epoch 5350, Loss: 690.849854
2025-09-24 18:08:16,768 - INFO - Samples generated: ./experiments/sketch_64x64_10classes_20250924_165806/samples/samples_epoch_5350_classes_0-1.png
2025-09-24 18:08:20,279 - INFO - Epoch 5360, Loss: 622.378906
2025-09-24 18:08:24,595 - INFO - Epoch 5370, Loss: 547.418335
2025-09-24 18:08:35,962 - INFO - Samples generated: ./experiments/sketch_64x64_10classes_20250924_165806/samples/samples_epoch_5375_classes_0-1.png
2025-09-24 18:08:37,741 - INFO - Epoch 5380, Loss: 684.216125
2025-09-24 18:08:41,371 - INFO - Epoch 5390, Loss: 588.525269
2025-09-24 18:08:45,443 - INFO - Epoch 5400, Loss: 597.577942
2025-09-24 18:08:54,781 - INFO - Samples generated: ./experiments/sketch_64x64_10classes_20250924_165806/samples/samples_epoch_5400_classes_0-1.png
2025-09-24 18:08:58,272 - INFO - Epoch 5410, Loss: 713.178223
2025-09-24 18:09:01,750 - INFO - Epoch 5420, Loss: 603.089722
2025-09-24 18:09:13,078 - INFO - Samples generated: ./experiments/sketch_64x64_10classes_20250924_165806/samples/samples_epoch_5425_classes_0-1.png
2025-09-24 18:09:15,280 - INFO - Epoch 5430, Loss: 694.674683
2025-09-24 18:09:18,973 - INFO - Epoch 5440, Loss: 689.072388
2025-09-24 18:09:22,648 - INFO - Epoch 5450, Loss: 581.036865
2025-09-24 18:09:32,255 - INFO - Samples generated: ./experiments/sketch_64x64_10classes_20250924_165806/samples/samples_epoch_5450_classes_0-1.png
2025-09-24 18:09:36,344 - INFO - Epoch 5460, Loss: 656.990601
2025-09-24 18:09:39,745 - INFO - Epoch 5470, Loss: 668.029236
2025-09-24 18:09:50,831 - INFO - Samples generated: ./experiments/sketch_64x64_10classes_20250924_165806/samples/samples_epoch_5475_classes_0-1.png
2025-09-24 18:09:52,494 - INFO - Epoch 5480, Loss: 581.062988
2025-09-24 18:09:56,582 - INFO - Epoch 5490, Loss: 680.360718
2025-09-24 18:10:00,142 - INFO - Epoch 5500, Loss: 620.724487
2025-09-24 18:10:10,101 - INFO - Samples generated: ./experiments/sketch_64x64_10classes_20250924_165806/samples/samples_epoch_5500_classes_0-1.png
2025-09-24 18:10:13,673 - INFO - Epoch 5510, Loss: 569.983521
2025-09-24 18:10:17,710 - INFO - Epoch 5520, Loss: 526.343323
2025-09-24 18:10:26,037 - INFO - Samples generated: ./experiments/sketch_64x64_10classes_20250924_165806/samples/samples_epoch_5525_classes_0-1.png
2025-09-24 18:10:27,753 - INFO - Epoch 5530, Loss: 579.086670
2025-09-24 18:10:31,902 - INFO - Epoch 5540, Loss: 672.285645
2025-09-24 18:10:35,460 - INFO - Epoch 5550, Loss: 518.908630
2025-09-24 18:10:44,964 - INFO - Samples generated: ./experiments/sketch_64x64_10classes_20250924_165806/samples/samples_epoch_5550_classes_0-1.png
2025-09-24 18:10:48,593 - INFO - Epoch 5560, Loss: 643.341003
2025-09-24 18:10:52,721 - INFO - Epoch 5570, Loss: 591.521484
2025-09-24 18:11:03,654 - INFO - Samples generated: ./experiments/sketch_64x64_10classes_20250924_165806/samples/samples_epoch_5575_classes_0-1.png
2025-09-24 18:11:05,120 - INFO - Epoch 5580, Loss: 683.793213
2025-09-24 18:11:08,776 - INFO - Epoch 5590, Loss: 582.218506
2025-09-24 18:11:13,145 - INFO - Epoch 5600, Loss: 624.446228
2025-09-24 18:11:22,322 - INFO - Samples generated: ./experiments/sketch_64x64_10classes_20250924_165806/samples/samples_epoch_5600_classes_0-1.png
2025-09-24 18:11:26,032 - INFO - Epoch 5610, Loss: 520.675537
2025-09-24 18:11:29,709 - INFO - Epoch 5620, Loss: 595.593628
2025-09-24 18:11:40,716 - INFO - Samples generated: ./experiments/sketch_64x64_10classes_20250924_165806/samples/samples_epoch_5625_classes_0-1.png
2025-09-24 18:11:42,737 - INFO - Epoch 5630, Loss: 545.740723
2025-09-24 18:11:46,577 - INFO - Epoch 5640, Loss: 646.180603
2025-09-24 18:11:50,071 - INFO - Epoch 5650, Loss: 540.048462
2025-09-24 18:11:59,601 - INFO - Samples generated: ./experiments/sketch_64x64_10classes_20250924_165806/samples/samples_epoch_5650_classes_0-1.png
2025-09-24 18:12:03,279 - INFO - Epoch 5660, Loss: 512.935120
2025-09-24 18:12:07,181 - INFO - Epoch 5670, Loss: 724.015442
2025-09-24 18:12:18,936 - INFO - Samples generated: ./experiments/sketch_64x64_10classes_20250924_165806/samples/samples_epoch_5675_classes_0-1.png
2025-09-24 18:12:20,714 - INFO - Epoch 5680, Loss: 624.818970
2025-09-24 18:12:24,577 - INFO - Epoch 5690, Loss: 583.927612
2025-09-24 18:12:28,153 - INFO - Epoch 5700, Loss: 537.238831
2025-09-24 18:12:38,035 - INFO - Samples generated: ./experiments/sketch_64x64_10classes_20250924_165806/samples/samples_epoch_5700_classes_0-1.png
2025-09-24 18:12:41,546 - INFO - Epoch 5710, Loss: 583.118591
2025-09-24 18:12:45,772 - INFO - Epoch 5720, Loss: 562.011230
2025-09-24 18:12:56,759 - INFO - Samples generated: ./experiments/sketch_64x64_10classes_20250924_165806/samples/samples_epoch_5725_classes_0-1.png
2025-09-24 18:12:58,504 - INFO - Epoch 5730, Loss: 607.366455
2025-09-24 18:13:01,860 - INFO - Epoch 5740, Loss: 563.274658
2025-09-24 18:13:06,197 - INFO - Epoch 5750, Loss: 630.211792
2025-09-24 18:13:15,640 - INFO - Samples generated: ./experiments/sketch_64x64_10classes_20250924_165806/samples/samples_epoch_5750_classes_0-1.png
2025-09-24 18:13:19,684 - INFO - Epoch 5760, Loss: 651.367310
2025-09-24 18:13:22,996 - INFO - Epoch 5770, Loss: 551.616211
2025-09-24 18:13:34,163 - INFO - Samples generated: ./experiments/sketch_64x64_10classes_20250924_165806/samples/samples_epoch_5775_classes_0-1.png
2025-09-24 18:13:36,030 - INFO - Epoch 5780, Loss: 604.256592
2025-09-24 18:13:40,181 - INFO - Epoch 5790, Loss: 576.759399
2025-09-24 18:13:43,729 - INFO - Epoch 5800, Loss: 524.554626
2025-09-24 18:13:53,177 - INFO - Samples generated: ./experiments/sketch_64x64_10classes_20250924_165806/samples/samples_epoch_5800_classes_0-1.png
2025-09-24 18:13:56,901 - INFO - Epoch 5810, Loss: 614.442261
2025-09-24 18:14:01,002 - INFO - Epoch 5820, Loss: 594.832092
2025-09-24 18:14:12,477 - INFO - Samples generated: ./experiments/sketch_64x64_10classes_20250924_165806/samples/samples_epoch_5825_classes_0-1.png
2025-09-24 18:14:14,238 - INFO - Epoch 5830, Loss: 510.920837
2025-09-24 18:14:17,973 - INFO - Epoch 5840, Loss: 498.821869
2025-09-24 18:14:21,892 - INFO - Epoch 5850, Loss: 544.702637
2025-09-24 18:14:31,396 - INFO - Samples generated: ./experiments/sketch_64x64_10classes_20250924_165806/samples/samples_epoch_5850_classes_0-1.png
2025-09-24 18:14:34,911 - INFO - Epoch 5860, Loss: 571.268616
2025-09-24 18:14:38,426 - INFO - Epoch 5870, Loss: 676.473450
2025-09-24 18:14:49,571 - INFO - Samples generated: ./experiments/sketch_64x64_10classes_20250924_165806/samples/samples_epoch_5875_classes_0-1.png
2025-09-24 18:14:51,709 - INFO - Epoch 5880, Loss: 510.345490
2025-09-24 18:14:55,105 - INFO - Epoch 5890, Loss: 549.191284
2025-09-24 18:14:58,583 - INFO - Epoch 5900, Loss: 595.301025
2025-09-24 18:15:08,203 - INFO - Samples generated: ./experiments/sketch_64x64_10classes_20250924_165806/samples/samples_epoch_5900_classes_0-1.png
2025-09-24 18:15:12,089 - INFO - Epoch 5910, Loss: 519.060913
2025-09-24 18:15:15,600 - INFO - Epoch 5920, Loss: 506.358521
2025-09-24 18:15:27,086 - INFO - Samples generated: ./experiments/sketch_64x64_10classes_20250924_165806/samples/samples_epoch_5925_classes_0-1.png
2025-09-24 18:15:28,822 - INFO - Epoch 5930, Loss: 628.468994
2025-09-24 18:15:32,724 - INFO - Epoch 5940, Loss: 545.921753
2025-09-24 18:15:36,328 - INFO - Epoch 5950, Loss: 631.359741
2025-09-24 18:15:46,167 - INFO - Samples generated: ./experiments/sketch_64x64_10classes_20250924_165806/samples/samples_epoch_5950_classes_0-1.png
2025-09-24 18:15:49,433 - INFO - Epoch 5960, Loss: 640.921326
2025-09-24 18:15:53,490 - INFO - Epoch 5970, Loss: 625.608398
2025-09-24 18:16:04,681 - INFO - Samples generated: ./experiments/sketch_64x64_10classes_20250924_165806/samples/samples_epoch_5975_classes_0-1.png
2025-09-24 18:16:06,646 - INFO - Epoch 5980, Loss: 610.843262
2025-09-24 18:16:10,179 - INFO - Epoch 5990, Loss: 554.503174
2025-09-24 18:16:13,967 - INFO - Epoch 6000, Loss: 554.471985
2025-09-24 18:16:23,210 - INFO - Samples generated: ./experiments/sketch_64x64_10classes_20250924_165806/samples/samples_epoch_6000_classes_0-1.png
2025-09-24 18:16:27,351 - INFO - Epoch 6010, Loss: 596.660400
2025-09-24 18:16:30,566 - INFO - Epoch 6020, Loss: 547.948853
2025-09-24 18:16:41,835 - INFO - Samples generated: ./experiments/sketch_64x64_10classes_20250924_165806/samples/samples_epoch_6025_classes_0-1.png
2025-09-24 18:16:43,517 - INFO - Epoch 6030, Loss: 741.036743
2025-09-24 18:16:47,806 - INFO - Epoch 6040, Loss: 724.521484
2025-09-24 18:16:51,191 - INFO - Epoch 6050, Loss: 642.303589
2025-09-24 18:17:00,838 - INFO - Samples generated: ./experiments/sketch_64x64_10classes_20250924_165806/samples/samples_epoch_6050_classes_0-1.png
2025-09-24 18:17:04,392 - INFO - Epoch 6060, Loss: 619.019226
2025-09-24 18:17:08,608 - INFO - Epoch 6070, Loss: 558.830994
2025-09-24 18:17:20,299 - INFO - Samples generated: ./experiments/sketch_64x64_10classes_20250924_165806/samples/samples_epoch_6075_classes_0-1.png
2025-09-24 18:17:21,879 - INFO - Epoch 6080, Loss: 519.744751
2025-09-24 18:17:25,338 - INFO - Epoch 6090, Loss: 579.351624
2025-09-24 18:17:29,585 - INFO - Epoch 6100, Loss: 618.621338
2025-09-24 18:17:38,633 - INFO - Samples generated: ./experiments/sketch_64x64_10classes_20250924_165806/samples/samples_epoch_6100_classes_0-1.png
2025-09-24 18:17:41,259 - INFO - Epoch 6110, Loss: 614.303223
2025-09-24 18:17:43,779 - INFO - Epoch 6120, Loss: 580.767517
2025-09-24 18:17:55,060 - INFO - Samples generated: ./experiments/sketch_64x64_10classes_20250924_165806/samples/samples_epoch_6125_classes_0-1.png
2025-09-24 18:17:56,791 - INFO - Epoch 6130, Loss: 624.551025
2025-09-24 18:18:00,274 - INFO - Epoch 6140, Loss: 540.920654
2025-09-24 18:18:04,383 - INFO - Epoch 6150, Loss: 580.709229
2025-09-24 18:18:13,503 - INFO - Samples generated: ./experiments/sketch_64x64_10classes_20250924_165806/samples/samples_epoch_6150_classes_0-1.png
2025-09-24 18:18:17,049 - INFO - Epoch 6160, Loss: 615.615540
2025-09-24 18:18:20,809 - INFO - Epoch 6170, Loss: 601.804626
2025-09-24 18:18:32,238 - INFO - Samples generated: ./experiments/sketch_64x64_10classes_20250924_165806/samples/samples_epoch_6175_classes_0-1.png
2025-09-24 18:18:34,406 - INFO - Epoch 6180, Loss: 668.899170
2025-09-24 18:18:37,945 - INFO - Epoch 6190, Loss: 612.262878
2025-09-24 18:18:41,449 - INFO - Epoch 6200, Loss: 493.133667
2025-09-24 18:18:50,930 - INFO - Samples generated: ./experiments/sketch_64x64_10classes_20250924_165806/samples/samples_epoch_6200_classes_0-1.png
2025-09-24 18:18:54,777 - INFO - Epoch 6210, Loss: 650.237793
2025-09-24 18:18:58,264 - INFO - Epoch 6220, Loss: 655.960693
2025-09-24 18:19:09,587 - INFO - Samples generated: ./experiments/sketch_64x64_10classes_20250924_165806/samples/samples_epoch_6225_classes_0-1.png
2025-09-24 18:19:11,439 - INFO - Epoch 6230, Loss: 594.604004
2025-09-24 18:19:15,293 - INFO - Epoch 6240, Loss: 584.657715
2025-09-24 18:19:18,840 - INFO - Epoch 6250, Loss: 534.813110
2025-09-24 18:19:28,857 - INFO - Samples generated: ./experiments/sketch_64x64_10classes_20250924_165806/samples/samples_epoch_6250_classes_0-1.png
2025-09-24 18:19:32,542 - INFO - Epoch 6260, Loss: 577.973938
2025-09-24 18:19:36,745 - INFO - Epoch 6270, Loss: 547.960999
2025-09-24 18:19:48,095 - INFO - Samples generated: ./experiments/sketch_64x64_10classes_20250924_165806/samples/samples_epoch_6275_classes_0-1.png
2025-09-24 18:19:49,624 - INFO - Epoch 6280, Loss: 626.616577
2025-09-24 18:19:53,034 - INFO - Epoch 6290, Loss: 556.640015
2025-09-24 18:19:57,198 - INFO - Epoch 6300, Loss: 763.901611
2025-09-24 18:20:05,935 - INFO - Samples generated: ./experiments/sketch_64x64_10classes_20250924_165806/samples/samples_epoch_6300_classes_0-1.png
2025-09-24 18:20:09,877 - INFO - Epoch 6310, Loss: 553.681152
2025-09-24 18:20:13,168 - INFO - Epoch 6320, Loss: 610.835449
2025-09-24 18:20:24,618 - INFO - Samples generated: ./experiments/sketch_64x64_10classes_20250924_165806/samples/samples_epoch_6325_classes_0-1.png
2025-09-24 18:20:26,609 - INFO - Epoch 6330, Loss: 524.173462
2025-09-24 18:20:33,179 - INFO - New best model saved (loss: 430.003235)
2025-09-24 18:20:33,632 - INFO - Epoch 6340, Loss: 574.317627
2025-09-24 18:20:37,647 - INFO - Epoch 6350, Loss: 658.467773
2025-09-24 18:20:46,908 - INFO - Samples generated: ./experiments/sketch_64x64_10classes_20250924_165806/samples/samples_epoch_6350_classes_0-1.png
2025-09-24 18:20:50,342 - INFO - Epoch 6360, Loss: 624.370361
2025-09-24 18:20:53,824 - INFO - Epoch 6370, Loss: 526.221619
2025-09-24 18:21:04,913 - INFO - Samples generated: ./experiments/sketch_64x64_10classes_20250924_165806/samples/samples_epoch_6375_classes_0-1.png
2025-09-24 18:21:07,077 - INFO - Epoch 6380, Loss: 566.233521
2025-09-24 18:21:10,548 - INFO - Epoch 6390, Loss: 648.668823
2025-09-24 18:21:14,202 - INFO - Epoch 6400, Loss: 595.623657
2025-09-24 18:21:23,908 - INFO - Samples generated: ./experiments/sketch_64x64_10classes_20250924_165806/samples/samples_epoch_6400_classes_0-1.png
2025-09-24 18:21:27,947 - INFO - Epoch 6410, Loss: 665.246948
2025-09-24 18:21:31,437 - INFO - Epoch 6420, Loss: 569.748230
2025-09-24 18:21:42,752 - INFO - Samples generated: ./experiments/sketch_64x64_10classes_20250924_165806/samples/samples_epoch_6425_classes_0-1.png
2025-09-24 18:21:44,555 - INFO - Epoch 6430, Loss: 610.005981
2025-09-24 18:21:48,486 - INFO - Epoch 6440, Loss: 577.892517
2025-09-24 18:21:52,113 - INFO - Epoch 6450, Loss: 633.267395
2025-09-24 18:22:02,037 - INFO - Samples generated: ./experiments/sketch_64x64_10classes_20250924_165806/samples/samples_epoch_6450_classes_0-1.png
2025-09-24 18:22:05,408 - INFO - Epoch 6460, Loss: 658.770447
2025-09-24 18:22:09,578 - INFO - Epoch 6470, Loss: 597.814575
2025-09-24 18:22:20,856 - INFO - Samples generated: ./experiments/sketch_64x64_10classes_20250924_165806/samples/samples_epoch_6475_classes_0-1.png
2025-09-24 18:22:22,681 - INFO - Epoch 6480, Loss: 636.705688
2025-09-24 18:22:26,300 - INFO - Epoch 6490, Loss: 497.814667
2025-09-24 18:22:30,399 - INFO - Epoch 6500, Loss: 559.005920
2025-09-24 18:22:39,175 - INFO - Samples generated: ./experiments/sketch_64x64_10classes_20250924_165806/samples/samples_epoch_6500_classes_0-1.png
2025-09-24 18:22:42,950 - INFO - Epoch 6510, Loss: 543.838867
2025-09-24 18:22:46,272 - INFO - Epoch 6520, Loss: 580.937927
2025-09-24 18:22:57,588 - INFO - Samples generated: ./experiments/sketch_64x64_10classes_20250924_165806/samples/samples_epoch_6525_classes_0-1.png
2025-09-24 18:22:59,575 - INFO - Epoch 6530, Loss: 535.749084
2025-09-24 18:23:03,571 - INFO - Epoch 6540, Loss: 635.991577
2025-09-24 18:23:06,922 - INFO - Epoch 6550, Loss: 617.921387
2025-09-24 18:23:16,310 - INFO - Samples generated: ./experiments/sketch_64x64_10classes_20250924_165806/samples/samples_epoch_6550_classes_0-1.png
2025-09-24 18:23:19,927 - INFO - Epoch 6560, Loss: 697.901184
2025-09-24 18:23:24,090 - INFO - Epoch 6570, Loss: 644.734863
2025-09-24 18:23:35,754 - INFO - Samples generated: ./experiments/sketch_64x64_10classes_20250924_165806/samples/samples_epoch_6575_classes_0-1.png
2025-09-24 18:23:37,592 - INFO - Epoch 6580, Loss: 659.821899
2025-09-24 18:23:41,301 - INFO - Epoch 6590, Loss: 582.787781
2025-09-24 18:23:45,016 - INFO - Epoch 6600, Loss: 525.987305
2025-09-24 18:23:54,540 - INFO - Samples generated: ./experiments/sketch_64x64_10classes_20250924_165806/samples/samples_epoch_6600_classes_0-1.png
2025-09-24 18:23:57,943 - INFO - Epoch 6610, Loss: 578.601624
2025-09-24 18:24:01,684 - INFO - Epoch 6620, Loss: 581.723755
2025-09-24 18:24:12,656 - INFO - Samples generated: ./experiments/sketch_64x64_10classes_20250924_165806/samples/samples_epoch_6625_classes_0-1.png
2025-09-24 18:24:14,766 - INFO - Epoch 6630, Loss: 553.717346
2025-09-24 18:24:18,206 - INFO - Epoch 6640, Loss: 658.159668
2025-09-24 18:24:21,840 - INFO - Epoch 6650, Loss: 661.922729
2025-09-24 18:24:31,247 - INFO - Samples generated: ./experiments/sketch_64x64_10classes_20250924_165806/samples/samples_epoch_6650_classes_0-1.png
2025-09-24 18:24:35,393 - INFO - Epoch 6660, Loss: 569.548950
2025-09-24 18:24:38,749 - INFO - Epoch 6670, Loss: 566.941406
2025-09-24 18:24:49,900 - INFO - Samples generated: ./experiments/sketch_64x64_10classes_20250924_165806/samples/samples_epoch_6675_classes_0-1.png
2025-09-24 18:24:51,642 - INFO - Epoch 6680, Loss: 562.061523
2025-09-24 18:24:55,840 - INFO - Epoch 6690, Loss: 527.843201
2025-09-24 18:24:58,012 - INFO - Epoch 6700, Loss: 555.740845
2025-09-24 18:25:05,283 - INFO - Samples generated: ./experiments/sketch_64x64_10classes_20250924_165806/samples/samples_epoch_6700_classes_0-1.png
2025-09-24 18:25:09,520 - INFO - Epoch 6710, Loss: 706.659180
2025-09-24 18:25:13,095 - INFO - Epoch 6720, Loss: 671.587036
2025-09-24 18:25:24,695 - INFO - Samples generated: ./experiments/sketch_64x64_10classes_20250924_165806/samples/samples_epoch_6725_classes_0-1.png
2025-09-24 18:25:26,337 - INFO - Epoch 6730, Loss: 648.689453
2025-09-24 18:25:30,334 - INFO - Epoch 6740, Loss: 694.422913
2025-09-24 18:25:33,823 - INFO - Epoch 6750, Loss: 565.546021
2025-09-24 18:25:43,540 - INFO - Samples generated: ./experiments/sketch_64x64_10classes_20250924_165806/samples/samples_epoch_6750_classes_0-1.png
2025-09-24 18:25:47,130 - INFO - Epoch 6760, Loss: 572.454529
2025-09-24 18:25:51,348 - INFO - Epoch 6770, Loss: 591.994751
2025-09-24 18:26:02,991 - INFO - Samples generated: ./experiments/sketch_64x64_10classes_20250924_165806/samples/samples_epoch_6775_classes_0-1.png
2025-09-24 18:26:04,459 - INFO - Epoch 6780, Loss: 528.551819
2025-09-24 18:26:07,818 - INFO - Epoch 6790, Loss: 649.948853
2025-09-24 18:26:11,967 - INFO - Epoch 6800, Loss: 743.929688
2025-09-24 18:26:20,734 - INFO - Samples generated: ./experiments/sketch_64x64_10classes_20250924_165806/samples/samples_epoch_6800_classes_0-1.png
2025-09-24 18:26:24,711 - INFO - Epoch 6810, Loss: 570.559265
2025-09-24 18:26:27,974 - INFO - Epoch 6820, Loss: 591.290039
2025-09-24 18:26:39,644 - INFO - Samples generated: ./experiments/sketch_64x64_10classes_20250924_165806/samples/samples_epoch_6825_classes_0-1.png
2025-09-24 18:26:41,688 - INFO - Epoch 6830, Loss: 566.823853
2025-09-24 18:26:45,691 - INFO - Epoch 6840, Loss: 602.896912
2025-09-24 18:26:50,416 - INFO - New best model saved (loss: 403.327454)
2025-09-24 18:26:52,326 - INFO - Epoch 6850, Loss: 590.967896
2025-09-24 18:27:01,193 - INFO - Samples generated: ./experiments/sketch_64x64_10classes_20250924_165806/samples/samples_epoch_6850_classes_0-1.png
2025-09-24 18:27:04,784 - INFO - Epoch 6860, Loss: 581.150024
2025-09-24 18:27:08,366 - INFO - Epoch 6870, Loss: 581.449219
2025-09-24 18:27:20,094 - INFO - Samples generated: ./experiments/sketch_64x64_10classes_20250924_165806/samples/samples_epoch_6875_classes_0-1.png
2025-09-24 18:27:22,289 - INFO - Epoch 6880, Loss: 549.114258
2025-09-24 18:27:25,839 - INFO - Epoch 6890, Loss: 572.882507
2025-09-24 18:27:29,316 - INFO - Epoch 6900, Loss: 555.540222
2025-09-24 18:27:38,785 - INFO - Samples generated: ./experiments/sketch_64x64_10classes_20250924_165806/samples/samples_epoch_6900_classes_0-1.png
2025-09-24 18:27:42,642 - INFO - Epoch 6910, Loss: 646.770752
2025-09-24 18:27:46,165 - INFO - Epoch 6920, Loss: 472.867798
2025-09-24 18:27:57,554 - INFO - Samples generated: ./experiments/sketch_64x64_10classes_20250924_165806/samples/samples_epoch_6925_classes_0-1.png
2025-09-24 18:27:59,340 - INFO - Epoch 6930, Loss: 626.805969
2025-09-24 18:28:03,051 - INFO - Epoch 6940, Loss: 678.139038
2025-09-24 18:28:06,839 - INFO - Epoch 6950, Loss: 599.196899
2025-09-24 18:28:16,500 - INFO - Samples generated: ./experiments/sketch_64x64_10classes_20250924_165806/samples/samples_epoch_6950_classes_0-1.png
2025-09-24 18:28:19,879 - INFO - Epoch 6960, Loss: 546.505615
2025-09-24 18:28:23,453 - INFO - Epoch 6970, Loss: 610.939392
2025-09-24 18:28:34,600 - INFO - Samples generated: ./experiments/sketch_64x64_10classes_20250924_165806/samples/samples_epoch_6975_classes_0-1.png
2025-09-24 18:28:36,677 - INFO - Epoch 6980, Loss: 552.917114
2025-09-24 18:28:40,214 - INFO - Epoch 6990, Loss: 606.200500
2025-09-24 18:28:44,085 - INFO - Epoch 7000, Loss: 575.746460
2025-09-24 18:28:53,235 - INFO - Samples generated: ./experiments/sketch_64x64_10classes_20250924_165806/samples/samples_epoch_7000_classes_0-1.png
2025-09-24 18:28:57,425 - INFO - Epoch 7010, Loss: 636.369812
2025-09-24 18:29:00,865 - INFO - Epoch 7020, Loss: 663.289185
2025-09-24 18:29:12,049 - INFO - Samples generated: ./experiments/sketch_64x64_10classes_20250924_165806/samples/samples_epoch_7025_classes_0-1.png
2025-09-24 18:29:13,784 - INFO - Epoch 7030, Loss: 487.462463
2025-09-24 18:29:17,992 - INFO - Epoch 7040, Loss: 563.621826
2025-09-24 18:29:21,460 - INFO - Epoch 7050, Loss: 543.345032
2025-09-24 18:29:31,305 - INFO - Samples generated: ./experiments/sketch_64x64_10classes_20250924_165806/samples/samples_epoch_7050_classes_0-1.png
2025-09-24 18:29:34,754 - INFO - Epoch 7060, Loss: 539.295532
2025-09-24 18:29:39,012 - INFO - Epoch 7070, Loss: 577.069946
2025-09-24 18:29:50,439 - INFO - Samples generated: ./experiments/sketch_64x64_10classes_20250924_165806/samples/samples_epoch_7075_classes_0-1.png
2025-09-24 18:29:52,240 - INFO - Epoch 7080, Loss: 629.392578
2025-09-24 18:29:55,922 - INFO - Epoch 7090, Loss: 606.611938
2025-09-24 18:30:00,159 - INFO - Epoch 7100, Loss: 553.563721
2025-09-24 18:30:09,490 - INFO - Samples generated: ./experiments/sketch_64x64_10classes_20250924_165806/samples/samples_epoch_7100_classes_0-1.png
2025-09-24 18:30:12,845 - INFO - Epoch 7110, Loss: 598.456421
2025-09-24 18:30:16,333 - INFO - Epoch 7120, Loss: 560.015198
2025-09-24 18:30:27,674 - INFO - Samples generated: ./experiments/sketch_64x64_10classes_20250924_165806/samples/samples_epoch_7125_classes_0-1.png
2025-09-24 18:30:29,797 - INFO - Epoch 7130, Loss: 719.897949
2025-09-24 18:30:33,219 - INFO - Epoch 7140, Loss: 550.519470
2025-09-24 18:30:36,773 - INFO - Epoch 7150, Loss: 680.628906
2025-09-24 18:30:46,567 - INFO - Samples generated: ./experiments/sketch_64x64_10classes_20250924_165806/samples/samples_epoch_7150_classes_0-1.png
2025-09-24 18:30:50,631 - INFO - Epoch 7160, Loss: 530.911011
2025-09-24 18:30:54,143 - INFO - Epoch 7170, Loss: 537.917358
2025-09-24 18:31:05,194 - INFO - Samples generated: ./experiments/sketch_64x64_10classes_20250924_165806/samples/samples_epoch_7175_classes_0-1.png
2025-09-24 18:31:07,004 - INFO - Epoch 7180, Loss: 637.798462
2025-09-24 18:31:10,985 - INFO - Epoch 7190, Loss: 654.296692
2025-09-24 18:31:14,656 - INFO - Epoch 7200, Loss: 605.013000
2025-09-24 18:31:24,662 - INFO - Samples generated: ./experiments/sketch_64x64_10classes_20250924_165806/samples/samples_epoch_7200_classes_0-1.png
2025-09-24 18:31:28,065 - INFO - Epoch 7210, Loss: 511.490448
2025-09-24 18:31:32,163 - INFO - Epoch 7220, Loss: 562.925781
2025-09-24 18:31:43,294 - INFO - Samples generated: ./experiments/sketch_64x64_10classes_20250924_165806/samples/samples_epoch_7225_classes_0-1.png
2025-09-24 18:31:45,078 - INFO - Epoch 7230, Loss: 658.008484
2025-09-24 18:31:48,433 - INFO - Epoch 7240, Loss: 589.073975
2025-09-24 18:31:52,602 - INFO - Epoch 7250, Loss: 621.784485
2025-09-24 18:32:01,589 - INFO - Samples generated: ./experiments/sketch_64x64_10classes_20250924_165806/samples/samples_epoch_7250_classes_0-1.png
2025-09-24 18:32:05,701 - INFO - Epoch 7260, Loss: 560.083008
2025-09-24 18:32:09,018 - INFO - Epoch 7270, Loss: 637.902832
2025-09-24 18:32:18,367 - INFO - Samples generated: ./experiments/sketch_64x64_10classes_20250924_165806/samples/samples_epoch_7275_classes_0-1.png
2025-09-24 18:32:19,725 - INFO - Epoch 7280, Loss: 607.178406
2025-09-24 18:32:22,534 - INFO - Epoch 7290, Loss: 586.344849
2025-09-24 18:32:25,342 - INFO - Epoch 7300, Loss: 666.328125
2025-09-24 18:32:32,333 - INFO - Samples generated: ./experiments/sketch_64x64_10classes_20250924_165806/samples/samples_epoch_7300_classes_0-1.png
2025-09-24 18:32:35,014 - INFO - Epoch 7310, Loss: 570.698730
2025-09-24 18:32:37,661 - INFO - Epoch 7320, Loss: 681.278809
2025-09-24 18:32:45,876 - INFO - Samples generated: ./experiments/sketch_64x64_10classes_20250924_165806/samples/samples_epoch_7325_classes_0-1.png
2025-09-24 18:32:47,301 - INFO - Epoch 7330, Loss: 694.161194
2025-09-24 18:32:50,053 - INFO - Epoch 7340, Loss: 491.597443
2025-09-24 18:32:52,660 - INFO - Epoch 7350, Loss: 599.021362
2025-09-24 18:32:59,407 - INFO - Samples generated: ./experiments/sketch_64x64_10classes_20250924_165806/samples/samples_epoch_7350_classes_0-1.png
2025-09-24 18:33:02,140 - INFO - Epoch 7360, Loss: 582.451355
2025-09-24 18:33:04,850 - INFO - Epoch 7370, Loss: 620.341431
2025-09-24 18:33:13,246 - INFO - Samples generated: ./experiments/sketch_64x64_10classes_20250924_165806/samples/samples_epoch_7375_classes_0-1.png
2025-09-24 18:33:14,500 - INFO - Epoch 7380, Loss: 587.871704
2025-09-24 18:33:17,189 - INFO - Epoch 7390, Loss: 510.973755
2025-09-24 18:33:19,890 - INFO - Epoch 7400, Loss: 657.560547
2025-09-24 18:33:26,723 - INFO - Samples generated: ./experiments/sketch_64x64_10classes_20250924_165806/samples/samples_epoch_7400_classes_0-1.png
2025-09-24 18:33:29,312 - INFO - Epoch 7410, Loss: 687.305481
2025-09-24 18:33:32,103 - INFO - Epoch 7420, Loss: 552.813965
2025-09-24 18:33:40,169 - INFO - Samples generated: ./experiments/sketch_64x64_10classes_20250924_165806/samples/samples_epoch_7425_classes_0-1.png
2025-09-24 18:33:41,640 - INFO - Epoch 7430, Loss: 606.683716
2025-09-24 18:33:44,344 - INFO - Epoch 7440, Loss: 756.276306
2025-09-24 18:33:46,996 - INFO - Epoch 7450, Loss: 586.281860
2025-09-24 18:33:53,768 - INFO - Samples generated: ./experiments/sketch_64x64_10classes_20250924_165806/samples/samples_epoch_7450_classes_0-1.png
2025-09-24 18:33:56,545 - INFO - Epoch 7460, Loss: 594.855103
2025-09-24 18:33:59,254 - INFO - Epoch 7470, Loss: 525.578003
2025-09-24 18:34:07,408 - INFO - Samples generated: ./experiments/sketch_64x64_10classes_20250924_165806/samples/samples_epoch_7475_classes_0-1.png
2025-09-24 18:34:08,809 - INFO - Epoch 7480, Loss: 612.311768
2025-09-24 18:34:11,588 - INFO - Epoch 7490, Loss: 744.856567
2025-09-24 18:34:14,354 - INFO - Epoch 7500, Loss: 579.109741
2025-09-24 18:34:20,992 - INFO - Samples generated: ./experiments/sketch_64x64_10classes_20250924_165806/samples/samples_epoch_7500_classes_0-1.png
2025-09-24 18:34:23,563 - INFO - Epoch 7510, Loss: 573.836060
2025-09-24 18:34:26,312 - INFO - Epoch 7520, Loss: 627.140442
2025-09-24 18:34:34,402 - INFO - Samples generated: ./experiments/sketch_64x64_10classes_20250924_165806/samples/samples_epoch_7525_classes_0-1.png
2025-09-24 18:34:35,663 - INFO - Epoch 7530, Loss: 556.497253
2025-09-24 18:34:38,369 - INFO - Epoch 7540, Loss: 615.707642
2025-09-24 18:34:41,217 - INFO - Epoch 7550, Loss: 599.200562
2025-09-24 18:34:48,370 - INFO - Samples generated: ./experiments/sketch_64x64_10classes_20250924_165806/samples/samples_epoch_7550_classes_0-1.png
2025-09-24 18:34:50,968 - INFO - Epoch 7560, Loss: 581.862061
2025-09-24 18:34:53,729 - INFO - Epoch 7570, Loss: 605.795349
2025-09-24 18:35:01,755 - INFO - Samples generated: ./experiments/sketch_64x64_10classes_20250924_165806/samples/samples_epoch_7575_classes_0-1.png
2025-09-24 18:35:03,201 - INFO - Epoch 7580, Loss: 563.762207
2025-09-24 18:35:05,877 - INFO - Epoch 7590, Loss: 682.529053
2025-09-24 18:35:08,614 - INFO - Epoch 7600, Loss: 566.280273
2025-09-24 18:35:15,470 - INFO - Samples generated: ./experiments/sketch_64x64_10classes_20250924_165806/samples/samples_epoch_7600_classes_0-1.png
2025-09-24 18:35:18,189 - INFO - Epoch 7610, Loss: 569.211792
2025-09-24 18:35:20,922 - INFO - Epoch 7620, Loss: 570.013245
2025-09-24 18:35:29,245 - INFO - Samples generated: ./experiments/sketch_64x64_10classes_20250924_165806/samples/samples_epoch_7625_classes_0-1.png
2025-09-24 18:35:30,500 - INFO - Epoch 7630, Loss: 509.612701
2025-09-24 18:35:33,028 - INFO - Epoch 7640, Loss: 578.442749
2025-09-24 18:35:35,871 - INFO - Epoch 7650, Loss: 502.944305
2025-09-24 18:35:45,435 - INFO - Samples generated: ./experiments/sketch_64x64_10classes_20250924_165806/samples/samples_epoch_7650_classes_0-1.png
2025-09-24 18:35:48,876 - INFO - Epoch 7660, Loss: 562.475708
2025-09-24 18:35:52,565 - INFO - Epoch 7670, Loss: 620.774353
2025-09-24 18:36:04,077 - INFO - Samples generated: ./experiments/sketch_64x64_10classes_20250924_165806/samples/samples_epoch_7675_classes_0-1.png
2025-09-24 18:36:06,262 - INFO - Epoch 7680, Loss: 515.104919
2025-09-24 18:36:09,660 - INFO - Epoch 7690, Loss: 555.063904
2025-09-24 18:36:13,303 - INFO - Epoch 7700, Loss: 580.094543
2025-09-24 18:36:22,665 - INFO - Samples generated: ./experiments/sketch_64x64_10classes_20250924_165806/samples/samples_epoch_7700_classes_0-1.png
2025-09-24 18:36:26,813 - INFO - Epoch 7710, Loss: 651.826416
2025-09-24 18:36:30,192 - INFO - Epoch 7720, Loss: 607.805542
2025-09-24 18:36:41,113 - INFO - Samples generated: ./experiments/sketch_64x64_10classes_20250924_165806/samples/samples_epoch_7725_classes_0-1.png
2025-09-24 18:36:42,776 - INFO - Epoch 7730, Loss: 605.281067
2025-09-24 18:36:46,924 - INFO - Epoch 7740, Loss: 586.052063
2025-09-24 18:36:50,295 - INFO - Epoch 7750, Loss: 591.498169
2025-09-24 18:37:00,285 - INFO - Samples generated: ./experiments/sketch_64x64_10classes_20250924_165806/samples/samples_epoch_7750_classes_0-1.png
2025-09-24 18:37:03,701 - INFO - Epoch 7760, Loss: 598.247070
2025-09-24 18:37:07,892 - INFO - Epoch 7770, Loss: 649.162476
2025-09-24 18:37:19,162 - INFO - Samples generated: ./experiments/sketch_64x64_10classes_20250924_165806/samples/samples_epoch_7775_classes_0-1.png
2025-09-24 18:37:20,668 - INFO - Epoch 7780, Loss: 542.634216
2025-09-24 18:37:24,008 - INFO - Epoch 7790, Loss: 572.911316
2025-09-24 18:37:28,158 - INFO - Epoch 7800, Loss: 733.891113
2025-09-24 18:37:37,013 - INFO - Samples generated: ./experiments/sketch_64x64_10classes_20250924_165806/samples/samples_epoch_7800_classes_0-1.png
2025-09-24 18:37:40,810 - INFO - Epoch 7810, Loss: 538.673828
2025-09-24 18:37:44,353 - INFO - Epoch 7820, Loss: 574.073853
2025-09-24 18:37:55,824 - INFO - Samples generated: ./experiments/sketch_64x64_10classes_20250924_165806/samples/samples_epoch_7825_classes_0-1.png
2025-09-24 18:37:57,823 - INFO - Epoch 7830, Loss: 665.194336
2025-09-24 18:38:01,600 - INFO - Epoch 7840, Loss: 616.431580
2025-09-24 18:38:04,828 - INFO - Epoch 7850, Loss: 542.416626
2025-09-24 18:38:14,094 - INFO - Samples generated: ./experiments/sketch_64x64_10classes_20250924_165806/samples/samples_epoch_7850_classes_0-1.png
2025-09-24 18:38:17,631 - INFO - Epoch 7860, Loss: 576.293030
2025-09-24 18:38:21,874 - INFO - Epoch 7870, Loss: 539.331238
2025-09-24 18:38:33,791 - INFO - Samples generated: ./experiments/sketch_64x64_10classes_20250924_165806/samples/samples_epoch_7875_classes_0-1.png
2025-09-24 18:38:35,672 - INFO - Epoch 7880, Loss: 562.967834
2025-09-24 18:38:39,476 - INFO - Epoch 7890, Loss: 619.132568
2025-09-24 18:38:43,034 - INFO - Epoch 7900, Loss: 702.505493
2025-09-24 18:38:53,092 - INFO - Samples generated: ./experiments/sketch_64x64_10classes_20250924_165806/samples/samples_epoch_7900_classes_0-1.png
2025-09-24 18:38:56,377 - INFO - Epoch 7910, Loss: 688.911255
2025-09-24 18:39:00,268 - INFO - Epoch 7920, Loss: 594.580933
2025-09-24 18:39:11,237 - INFO - Samples generated: ./experiments/sketch_64x64_10classes_20250924_165806/samples/samples_epoch_7925_classes_0-1.png
2025-09-24 18:39:13,193 - INFO - Epoch 7930, Loss: 511.355042
2025-09-24 18:39:16,595 - INFO - Epoch 7940, Loss: 622.159119
2025-09-24 18:39:20,423 - INFO - Epoch 7950, Loss: 622.265137
2025-09-24 18:39:29,909 - INFO - Samples generated: ./experiments/sketch_64x64_10classes_20250924_165806/samples/samples_epoch_7950_classes_0-1.png
2025-09-24 18:39:34,078 - INFO - Epoch 7960, Loss: 536.274780
2025-09-24 18:39:37,505 - INFO - Epoch 7970, Loss: 603.354004
2025-09-24 18:39:48,493 - INFO - Samples generated: ./experiments/sketch_64x64_10classes_20250924_165806/samples/samples_epoch_7975_classes_0-1.png
2025-09-24 18:39:50,277 - INFO - Epoch 7980, Loss: 523.388550
2025-09-24 18:39:54,431 - INFO - Epoch 7990, Loss: 584.121826
2025-09-24 18:39:57,815 - INFO - Epoch 8000, Loss: 588.322632
2025-09-24 18:40:07,528 - INFO - Samples generated: ./experiments/sketch_64x64_10classes_20250924_165806/samples/samples_epoch_8000_classes_0-1.png
2025-09-24 18:40:11,151 - INFO - Epoch 8010, Loss: 606.644043
2025-09-24 18:40:15,361 - INFO - Epoch 8020, Loss: 662.052856
2025-09-24 18:40:26,759 - INFO - Samples generated: ./experiments/sketch_64x64_10classes_20250924_165806/samples/samples_epoch_8025_classes_0-1.png
2025-09-24 18:40:28,552 - INFO - Epoch 8030, Loss: 552.016113
2025-09-24 18:40:32,254 - INFO - Epoch 8040, Loss: 566.374573
2025-09-24 18:40:36,315 - INFO - Epoch 8050, Loss: 604.557373
2025-09-24 18:40:45,758 - INFO - Samples generated: ./experiments/sketch_64x64_10classes_20250924_165806/samples/samples_epoch_8050_classes_0-1.png
2025-09-24 18:40:49,082 - INFO - Epoch 8060, Loss: 496.907288
2025-09-24 18:40:52,697 - INFO - Epoch 8070, Loss: 557.522339
2025-09-24 18:41:03,612 - INFO - Samples generated: ./experiments/sketch_64x64_10classes_20250924_165806/samples/samples_epoch_8075_classes_0-1.png
2025-09-24 18:41:05,808 - INFO - Epoch 8080, Loss: 535.478149
2025-09-24 18:41:09,169 - INFO - Epoch 8090, Loss: 526.671997
2025-09-24 18:41:12,760 - INFO - Epoch 8100, Loss: 664.192505
2025-09-24 18:41:22,432 - INFO - Samples generated: ./experiments/sketch_64x64_10classes_20250924_165806/samples/samples_epoch_8100_classes_0-1.png
2025-09-24 18:41:26,476 - INFO - Epoch 8110, Loss: 585.450439
2025-09-24 18:41:30,013 - INFO - Epoch 8120, Loss: 596.814270
2025-09-24 18:41:41,204 - INFO - Samples generated: ./experiments/sketch_64x64_10classes_20250924_165806/samples/samples_epoch_8125_classes_0-1.png
2025-09-24 18:41:42,813 - INFO - Epoch 8130, Loss: 561.995605
2025-09-24 18:41:46,884 - INFO - Epoch 8140, Loss: 539.126770
2025-09-24 18:41:50,418 - INFO - Epoch 8150, Loss: 585.256287
2025-09-24 18:42:00,249 - INFO - Samples generated: ./experiments/sketch_64x64_10classes_20250924_165806/samples/samples_epoch_8150_classes_0-1.png
2025-09-24 18:42:03,841 - INFO - Epoch 8160, Loss: 563.979492
2025-09-24 18:42:07,972 - INFO - Epoch 8170, Loss: 644.745483
2025-09-24 18:42:18,986 - INFO - Samples generated: ./experiments/sketch_64x64_10classes_20250924_165806/samples/samples_epoch_8175_classes_0-1.png
2025-09-24 18:42:20,493 - INFO - Epoch 8180, Loss: 593.324097
2025-09-24 18:42:23,861 - INFO - Epoch 8190, Loss: 616.147827
2025-09-24 18:42:28,169 - INFO - Epoch 8200, Loss: 470.775360
2025-09-24 18:42:37,443 - INFO - Samples generated: ./experiments/sketch_64x64_10classes_20250924_165806/samples/samples_epoch_8200_classes_0-1.png
2025-09-24 18:42:41,361 - INFO - Epoch 8210, Loss: 667.653992
2025-09-24 18:42:44,670 - INFO - Epoch 8220, Loss: 582.975098
2025-09-24 18:42:53,805 - INFO - Samples generated: ./experiments/sketch_64x64_10classes_20250924_165806/samples/samples_epoch_8225_classes_0-1.png
2025-09-24 18:42:55,336 - INFO - Epoch 8230, Loss: 586.104736
2025-09-24 18:42:59,071 - INFO - Epoch 8240, Loss: 553.528809
2025-09-24 18:43:03,281 - INFO - Epoch 8250, Loss: 729.409912
2025-09-24 18:43:12,136 - INFO - Samples generated: ./experiments/sketch_64x64_10classes_20250924_165806/samples/samples_epoch_8250_classes_0-1.png
2025-09-24 18:43:15,758 - INFO - Epoch 8260, Loss: 640.893677
2025-09-24 18:43:19,424 - INFO - Epoch 8270, Loss: 735.938354
2025-09-24 18:43:30,933 - INFO - Samples generated: ./experiments/sketch_64x64_10classes_20250924_165806/samples/samples_epoch_8275_classes_0-1.png
2025-09-24 18:43:32,962 - INFO - Epoch 8280, Loss: 612.348877
2025-09-24 18:43:36,708 - INFO - Epoch 8290, Loss: 619.892395
2025-09-24 18:43:40,228 - INFO - Epoch 8300, Loss: 565.569702
2025-09-24 18:43:49,601 - INFO - Samples generated: ./experiments/sketch_64x64_10classes_20250924_165806/samples/samples_epoch_8300_classes_0-1.png
2025-09-24 18:43:53,418 - INFO - Epoch 8310, Loss: 512.546753
2025-09-24 18:43:57,212 - INFO - Epoch 8320, Loss: 518.174866
2025-09-24 18:44:08,763 - INFO - Samples generated: ./experiments/sketch_64x64_10classes_20250924_165806/samples/samples_epoch_8325_classes_0-1.png
2025-09-24 18:44:10,635 - INFO - Epoch 8330, Loss: 485.325989
2025-09-24 18:44:14,549 - INFO - Epoch 8340, Loss: 594.282227
2025-09-24 18:44:18,105 - INFO - Epoch 8350, Loss: 604.226624
2025-09-24 18:44:27,855 - INFO - Samples generated: ./experiments/sketch_64x64_10classes_20250924_165806/samples/samples_epoch_8350_classes_0-1.png
2025-09-24 18:44:31,310 - INFO - Epoch 8360, Loss: 570.137146
2025-09-24 18:44:35,043 - INFO - Epoch 8370, Loss: 520.428711
2025-09-24 18:44:46,136 - INFO - Samples generated: ./experiments/sketch_64x64_10classes_20250924_165806/samples/samples_epoch_8375_classes_0-1.png
2025-09-24 18:44:48,121 - INFO - Epoch 8380, Loss: 509.058716
2025-09-24 18:44:51,664 - INFO - Epoch 8390, Loss: 559.018860
2025-09-24 18:44:55,423 - INFO - Epoch 8400, Loss: 736.095459
2025-09-24 18:45:04,419 - INFO - Samples generated: ./experiments/sketch_64x64_10classes_20250924_165806/samples/samples_epoch_8400_classes_0-1.png
2025-09-24 18:45:08,719 - INFO - Epoch 8410, Loss: 485.425720
2025-09-24 18:45:12,079 - INFO - Epoch 8420, Loss: 560.447815
2025-09-24 18:45:23,433 - INFO - Samples generated: ./experiments/sketch_64x64_10classes_20250924_165806/samples/samples_epoch_8425_classes_0-1.png
2025-09-24 18:45:25,118 - INFO - Epoch 8430, Loss: 600.119629
2025-09-24 18:45:29,266 - INFO - Epoch 8440, Loss: 511.520508
2025-09-24 18:45:32,708 - INFO - Epoch 8450, Loss: 680.477722
2025-09-24 18:45:42,479 - INFO - Samples generated: ./experiments/sketch_64x64_10classes_20250924_165806/samples/samples_epoch_8450_classes_0-1.png
2025-09-24 18:45:45,917 - INFO - Epoch 8460, Loss: 612.243042
2025-09-24 18:45:50,230 - INFO - Epoch 8470, Loss: 593.216431
2025-09-24 18:46:01,973 - INFO - Samples generated: ./experiments/sketch_64x64_10classes_20250924_165806/samples/samples_epoch_8475_classes_0-1.png
2025-09-24 18:46:03,669 - INFO - Epoch 8480, Loss: 648.153809
2025-09-24 18:46:07,358 - INFO - Epoch 8490, Loss: 567.492249
2025-09-24 18:46:11,525 - INFO - Epoch 8500, Loss: 529.672241
2025-09-24 18:46:20,513 - INFO - Samples generated: ./experiments/sketch_64x64_10classes_20250924_165806/samples/samples_epoch_8500_classes_0-1.png
2025-09-24 18:46:23,938 - INFO - Epoch 8510, Loss: 496.500488
2025-09-24 18:46:27,395 - INFO - Epoch 8520, Loss: 661.992188
2025-09-24 18:46:38,684 - INFO - Samples generated: ./experiments/sketch_64x64_10classes_20250924_165806/samples/samples_epoch_8525_classes_0-1.png
2025-09-24 18:46:40,839 - INFO - Epoch 8530, Loss: 792.785767
2025-09-24 18:46:44,315 - INFO - Epoch 8540, Loss: 547.137451
2025-09-24 18:46:47,924 - INFO - Epoch 8550, Loss: 603.688538
2025-09-24 18:46:57,399 - INFO - Samples generated: ./experiments/sketch_64x64_10classes_20250924_165806/samples/samples_epoch_8550_classes_0-1.png
2025-09-24 18:47:01,521 - INFO - Epoch 8560, Loss: 559.151001
2025-09-24 18:47:04,995 - INFO - Epoch 8570, Loss: 607.265137
2025-09-24 18:47:16,235 - INFO - Samples generated: ./experiments/sketch_64x64_10classes_20250924_165806/samples/samples_epoch_8575_classes_0-1.png
2025-09-24 18:47:18,079 - INFO - Epoch 8580, Loss: 603.035522
2025-09-24 18:47:21,987 - INFO - Epoch 8590, Loss: 591.347351
2025-09-24 18:47:25,539 - INFO - Epoch 8600, Loss: 490.686127
2025-09-24 18:47:35,306 - INFO - Samples generated: ./experiments/sketch_64x64_10classes_20250924_165806/samples/samples_epoch_8600_classes_0-1.png
2025-09-24 18:47:38,763 - INFO - Epoch 8610, Loss: 610.435059
2025-09-24 18:47:42,946 - INFO - Epoch 8620, Loss: 523.358032
2025-09-24 18:47:54,134 - INFO - Samples generated: ./experiments/sketch_64x64_10classes_20250924_165806/samples/samples_epoch_8625_classes_0-1.png
2025-09-24 18:47:55,824 - INFO - Epoch 8630, Loss: 578.585938
2025-09-24 18:47:59,281 - INFO - Epoch 8640, Loss: 574.783508
2025-09-24 18:48:03,433 - INFO - Epoch 8650, Loss: 534.331604
2025-09-24 18:48:12,149 - INFO - Samples generated: ./experiments/sketch_64x64_10classes_20250924_165806/samples/samples_epoch_8650_classes_0-1.png
2025-09-24 18:48:16,201 - INFO - Epoch 8660, Loss: 642.786621
2025-09-24 18:48:19,601 - INFO - Epoch 8670, Loss: 641.786865
2025-09-24 18:48:31,141 - INFO - Samples generated: ./experiments/sketch_64x64_10classes_20250924_165806/samples/samples_epoch_8675_classes_0-1.png
2025-09-24 18:48:33,088 - INFO - Epoch 8680, Loss: 560.624756
2025-09-24 18:48:37,097 - INFO - Epoch 8690, Loss: 535.373291
2025-09-24 18:48:40,361 - INFO - Epoch 8700, Loss: 548.432129
2025-09-24 18:48:49,860 - INFO - Samples generated: ./experiments/sketch_64x64_10classes_20250924_165806/samples/samples_epoch_8700_classes_0-1.png
2025-09-24 18:48:53,339 - INFO - Epoch 8710, Loss: 513.258911
2025-09-24 18:48:57,595 - INFO - Epoch 8720, Loss: 547.329346
2025-09-24 18:49:08,872 - INFO - Samples generated: ./experiments/sketch_64x64_10classes_20250924_165806/samples/samples_epoch_8725_classes_0-1.png
2025-09-24 18:49:10,715 - INFO - Epoch 8730, Loss: 555.428162
2025-09-24 18:49:14,469 - INFO - Epoch 8740, Loss: 563.568542
2025-09-24 18:49:18,407 - INFO - Epoch 8750, Loss: 610.182190
2025-09-24 18:49:28,006 - INFO - Samples generated: ./experiments/sketch_64x64_10classes_20250924_165806/samples/samples_epoch_8750_classes_0-1.png
2025-09-24 18:49:31,242 - INFO - Epoch 8760, Loss: 581.638489
2025-09-24 18:49:34,799 - INFO - Epoch 8770, Loss: 532.749573
2025-09-24 18:49:45,874 - INFO - Samples generated: ./experiments/sketch_64x64_10classes_20250924_165806/samples/samples_epoch_8775_classes_0-1.png
2025-09-24 18:49:47,958 - INFO - Epoch 8780, Loss: 674.731812
2025-09-24 18:49:51,407 - INFO - Epoch 8790, Loss: 521.782227
2025-09-24 18:49:54,995 - INFO - Epoch 8800, Loss: 570.482056
2025-09-24 18:50:04,178 - INFO - Samples generated: ./experiments/sketch_64x64_10classes_20250924_165806/samples/samples_epoch_8800_classes_0-1.png
2025-09-24 18:50:08,314 - INFO - Epoch 8810, Loss: 606.904968
2025-09-24 18:50:10,522 - INFO - Epoch 8820, Loss: 428.938232
2025-09-24 18:50:20,642 - INFO - Samples generated: ./experiments/sketch_64x64_10classes_20250924_165806/samples/samples_epoch_8825_classes_0-1.png
2025-09-24 18:50:22,700 - INFO - Epoch 8830, Loss: 452.502899
2025-09-24 18:50:26,130 - INFO - Epoch 8840, Loss: 553.892273
2025-09-24 18:50:29,881 - INFO - Epoch 8850, Loss: 707.224487
2025-09-24 18:50:39,229 - INFO - Samples generated: ./experiments/sketch_64x64_10classes_20250924_165806/samples/samples_epoch_8850_classes_0-1.png
2025-09-24 18:50:43,380 - INFO - Epoch 8860, Loss: 644.510376
2025-09-24 18:50:46,795 - INFO - Epoch 8870, Loss: 610.245728
2025-09-24 18:50:57,881 - INFO - Samples generated: ./experiments/sketch_64x64_10classes_20250924_165806/samples/samples_epoch_8875_classes_0-1.png
2025-09-24 18:50:59,522 - INFO - Epoch 8880, Loss: 524.530396
2025-09-24 18:51:03,652 - INFO - Epoch 8890, Loss: 522.405579
2025-09-24 18:51:07,085 - INFO - Epoch 8900, Loss: 518.247314
2025-09-24 18:51:16,876 - INFO - Samples generated: ./experiments/sketch_64x64_10classes_20250924_165806/samples/samples_epoch_8900_classes_0-1.png
2025-09-24 18:51:20,358 - INFO - Epoch 8910, Loss: 523.601318
2025-09-24 18:51:24,632 - INFO - Epoch 8920, Loss: 684.106934
2025-09-24 18:51:35,807 - INFO - Samples generated: ./experiments/sketch_64x64_10classes_20250924_165806/samples/samples_epoch_8925_classes_0-1.png
2025-09-24 18:51:37,346 - INFO - Epoch 8930, Loss: 569.540588
2025-09-24 18:51:41,002 - INFO - Epoch 8940, Loss: 628.503113
2025-09-24 18:51:45,100 - INFO - Epoch 8950, Loss: 639.545715
2025-09-24 18:51:54,126 - INFO - Samples generated: ./experiments/sketch_64x64_10classes_20250924_165806/samples/samples_epoch_8950_classes_0-1.png
2025-09-24 18:51:57,804 - INFO - Epoch 8960, Loss: 650.407227
2025-09-24 18:52:01,226 - INFO - Epoch 8970, Loss: 441.120544
2025-09-24 18:52:12,520 - INFO - Samples generated: ./experiments/sketch_64x64_10classes_20250924_165806/samples/samples_epoch_8975_classes_0-1.png
2025-09-24 18:52:14,525 - INFO - Epoch 8980, Loss: 602.243164
2025-09-24 18:52:18,313 - INFO - Epoch 8990, Loss: 592.800293
2025-09-24 18:52:21,583 - INFO - Epoch 9000, Loss: 504.895508
2025-09-24 18:52:31,206 - INFO - Samples generated: ./experiments/sketch_64x64_10classes_20250924_165806/samples/samples_epoch_9000_classes_0-1.png
2025-09-24 18:52:34,885 - INFO - Epoch 9010, Loss: 571.812744
2025-09-24 18:52:38,960 - INFO - Epoch 9020, Loss: 681.424683
2025-09-24 18:52:50,497 - INFO - Samples generated: ./experiments/sketch_64x64_10classes_20250924_165806/samples/samples_epoch_9025_classes_0-1.png
2025-09-24 18:52:52,278 - INFO - Epoch 9030, Loss: 653.636475
2025-09-24 18:52:55,948 - INFO - Epoch 9040, Loss: 603.828613
2025-09-24 18:52:59,665 - INFO - Epoch 9050, Loss: 495.592102
2025-09-24 18:53:09,519 - INFO - Samples generated: ./experiments/sketch_64x64_10classes_20250924_165806/samples/samples_epoch_9050_classes_0-1.png
2025-09-24 18:53:12,924 - INFO - Epoch 9060, Loss: 599.130493
2025-09-24 18:53:16,496 - INFO - Epoch 9070, Loss: 469.373413
2025-09-24 18:53:27,463 - INFO - Samples generated: ./experiments/sketch_64x64_10classes_20250924_165806/samples/samples_epoch_9075_classes_0-1.png
2025-09-24 18:53:29,645 - INFO - Epoch 9080, Loss: 528.693298
2025-09-24 18:53:33,239 - INFO - Epoch 9090, Loss: 506.553650
2025-09-24 18:53:37,021 - INFO - Epoch 9100, Loss: 559.354736
2025-09-24 18:53:46,444 - INFO - Samples generated: ./experiments/sketch_64x64_10classes_20250924_165806/samples/samples_epoch_9100_classes_0-1.png
2025-09-24 18:53:50,589 - INFO - Epoch 9110, Loss: 563.148987
2025-09-24 18:53:54,084 - INFO - Epoch 9120, Loss: 489.920532
2025-09-24 18:54:05,173 - INFO - Samples generated: ./experiments/sketch_64x64_10classes_20250924_165806/samples/samples_epoch_9125_classes_0-1.png
2025-09-24 18:54:06,886 - INFO - Epoch 9130, Loss: 419.525391
2025-09-24 18:54:10,984 - INFO - Epoch 9140, Loss: 591.724609
2025-09-24 18:54:14,393 - INFO - Epoch 9150, Loss: 587.049927
2025-09-24 18:54:24,472 - INFO - Samples generated: ./experiments/sketch_64x64_10classes_20250924_165806/samples/samples_epoch_9150_classes_0-1.png
2025-09-24 18:54:28,097 - INFO - Epoch 9160, Loss: 601.549561
2025-09-24 18:54:32,261 - INFO - Epoch 9170, Loss: 616.291077
2025-09-24 18:54:43,701 - INFO - Samples generated: ./experiments/sketch_64x64_10classes_20250924_165806/samples/samples_epoch_9175_classes_0-1.png
2025-09-24 18:54:45,459 - INFO - Epoch 9180, Loss: 603.524292
2025-09-24 18:54:49,048 - INFO - Epoch 9190, Loss: 683.395081
2025-09-24 18:54:53,133 - INFO - Epoch 9200, Loss: 614.681763
2025-09-24 18:55:02,351 - INFO - Samples generated: ./experiments/sketch_64x64_10classes_20250924_165806/samples/samples_epoch_9200_classes_0-1.png
2025-09-24 18:55:05,710 - INFO - Epoch 9210, Loss: 668.580322
2025-09-24 18:55:09,403 - INFO - Epoch 9220, Loss: 668.925964
2025-09-24 18:55:20,376 - INFO - Samples generated: ./experiments/sketch_64x64_10classes_20250924_165806/samples/samples_epoch_9225_classes_0-1.png
2025-09-24 18:55:22,534 - INFO - Epoch 9230, Loss: 433.857391
2025-09-24 18:55:25,891 - INFO - Epoch 9240, Loss: 652.877319
2025-09-24 18:55:29,422 - INFO - Epoch 9250, Loss: 622.366272
2025-09-24 18:55:38,938 - INFO - Samples generated: ./experiments/sketch_64x64_10classes_20250924_165806/samples/samples_epoch_9250_classes_0-1.png
2025-09-24 18:55:43,002 - INFO - Epoch 9260, Loss: 628.921875
2025-09-24 18:55:46,626 - INFO - Epoch 9270, Loss: 541.985229
2025-09-24 18:55:58,052 - INFO - Samples generated: ./experiments/sketch_64x64_10classes_20250924_165806/samples/samples_epoch_9275_classes_0-1.png
2025-09-24 18:55:59,768 - INFO - Epoch 9280, Loss: 558.175903
2025-09-24 18:56:03,622 - INFO - Epoch 9290, Loss: 528.758789
2025-09-24 18:56:07,188 - INFO - Epoch 9300, Loss: 631.452637
2025-09-24 18:56:17,205 - INFO - Samples generated: ./experiments/sketch_64x64_10classes_20250924_165806/samples/samples_epoch_9300_classes_0-1.png
2025-09-24 18:56:20,656 - INFO - Epoch 9310, Loss: 505.246033
2025-09-24 18:56:24,989 - INFO - Epoch 9320, Loss: 562.543396
2025-09-24 18:56:36,326 - INFO - Samples generated: ./experiments/sketch_64x64_10classes_20250924_165806/samples/samples_epoch_9325_classes_0-1.png
2025-09-24 18:56:38,084 - INFO - Epoch 9330, Loss: 470.852814
2025-09-24 18:56:41,400 - INFO - Epoch 9340, Loss: 533.342529
2025-09-24 18:56:43,321 - INFO - Early stopping triggered! No improvement for 2500 epochs.
2025-09-24 18:56:43,321 - INFO - Best loss achieved: 403.327454 at epoch 6845
2025-09-24 18:56:43,876 - INFO - Training completed!
2025-09-24 18:56:43,876 - INFO - Final loss: 578.253906
2025-09-24 18:56:43,876 - INFO - Best loss: 403.327454
2025-09-24 18:56:43,876 - INFO - Final model saved: ./experiments/sketch_64x64_10classes_20250924_165806/ckps/final_model.pth
2025-09-24 18:56:43,876 - INFO - Best model saved: ./experiments/sketch_64x64_10classes_20250924_165806/ckps/best_model.pth
