2025-09-12 14:57:19,120 - INFO - Starting experiment: sketch_64x64_2classes
2025-09-12 14:57:19,121 - INFO - Config: {'description': '64x64 resolution, 2 classes, research-grade model (optimized for memory)', 'image_size': 64, 'model_channels': [64, 128, 256, 512], 'num_residual_layers': 4, 'learning_rate': 0.0001, 'guidance_scale': 1.5, 'eta': 0.1, 'weight_multiplier': 1.0, 'batch_size': 32, 'num_epochs': 10000, 'checkpoint_interval': 0, 'sample_interval': 25}
2025-09-12 14:57:19,121 - INFO - Using device: cuda:1
2025-09-12 14:57:19,151 - INFO - GPU Memory: 25.2GB
2025-09-12 14:57:19,152 - INFO - Free Memory: 0.0GB
2025-09-12 14:57:19,152 - INFO - Initializing probability path...
2025-09-12 14:57:19,376 - INFO - Probability path initialized successfully
2025-09-12 14:57:19,377 - INFO - Initializing SketchUNet model...
2025-09-12 14:57:19,683 - INFO - Model initialized successfully
2025-09-12 14:57:19,685 - INFO - Total parameters: 34,947,534
2025-09-12 14:57:19,685 - INFO - Trainable parameters: 34,947,534
2025-09-12 14:57:19,685 - INFO - Initializing CFG trainer...
2025-09-12 14:57:19,685 - INFO - Trainer initialized successfully
2025-09-12 14:57:19,685 - INFO - Starting training:
2025-09-12 14:57:19,685 - INFO -   - Total epochs: 10000
2025-09-12 14:57:19,685 - INFO -   - Learning rate: 0.0001
2025-09-12 14:57:19,686 - INFO -   - Batch size: 32
2025-09-12 14:57:19,686 - INFO -   - Image size: 64x64
2025-09-12 14:57:19,686 - INFO -   - Model channels: [64, 128, 256, 512]
2025-09-12 14:57:19,686 - INFO -   - Eta (null class probability): 0.1
2025-09-12 14:57:19,686 - INFO -   - Loss: Standard MSE (no weighting)
2025-09-12 14:57:19,686 - INFO -   - Checkpoint interval: 0
2025-09-12 14:57:19,686 - INFO -   - Sample interval: 25
2025-09-12 14:57:19,686 - INFO - Starting training...
2025-09-12 14:57:20,289 - INFO - Epoch    0, Loss: 12478.992188
2025-09-12 14:57:20,826 - INFO - New best model saved (loss: 12478.992188)
2025-09-12 14:57:24,601 - INFO - Samples generated: ./experiments/sketch_64x64_2classes_20250912_145719/samples/samples_epoch_0000_classes_0-1.png
2025-09-12 14:57:28,139 - INFO - New best model saved (loss: 10843.254883)
2025-09-12 14:57:31,324 - INFO - New best model saved (loss: 7818.123535)
2025-09-12 14:57:34,349 - INFO - New best model saved (loss: 7043.432617)
2025-09-12 14:57:37,697 - INFO - New best model saved (loss: 6221.145508)
2025-09-12 14:57:41,111 - INFO - New best model saved (loss: 5744.340820)
2025-09-12 14:57:41,353 - INFO - Epoch   10, Loss: 6005.280273
2025-09-12 14:57:45,631 - INFO - New best model saved (loss: 5352.121582)
2025-09-12 14:57:46,431 - INFO - Epoch   20, Loss: 5607.575684
2025-09-12 14:57:49,645 - INFO - New best model saved (loss: 5179.126953)
2025-09-12 14:57:53,062 - INFO - New best model saved (loss: 5171.175293)
2025-09-12 14:57:57,017 - INFO - Samples generated: ./experiments/sketch_64x64_2classes_20250912_145719/samples/samples_epoch_0025_classes_0-1.png
2025-09-12 14:58:00,434 - INFO - New best model saved (loss: 4982.808594)
2025-09-12 14:58:00,873 - INFO - Epoch   30, Loss: 5580.855957
2025-09-12 14:58:04,134 - INFO - New best model saved (loss: 4857.830078)
2025-09-12 14:58:08,074 - INFO - New best model saved (loss: 4854.969727)
2025-09-12 14:58:08,704 - INFO - Epoch   40, Loss: 5606.335449
2025-09-12 14:58:11,909 - INFO - New best model saved (loss: 4699.075195)
2025-09-12 14:58:16,008 - INFO - New best model saved (loss: 4444.882812)
2025-09-12 14:58:16,630 - INFO - Epoch   50, Loss: 4999.675293
2025-09-12 14:58:20,343 - INFO - Samples generated: ./experiments/sketch_64x64_2classes_20250912_145719/samples/samples_epoch_0050_classes_0-1.png
2025-09-12 14:58:22,225 - INFO - Epoch   60, Loss: 4523.808594
2025-09-12 14:58:26,107 - INFO - New best model saved (loss: 4371.105469)
2025-09-12 14:58:29,201 - INFO - New best model saved (loss: 4303.530273)
2025-09-12 14:58:29,992 - INFO - Epoch   70, Loss: 4556.776367
2025-09-12 14:58:33,715 - INFO - New best model saved (loss: 4265.125977)
2025-09-12 14:58:37,686 - INFO - Samples generated: ./experiments/sketch_64x64_2classes_20250912_145719/samples/samples_epoch_0075_classes_0-1.png
2025-09-12 14:58:38,636 - INFO - Epoch   80, Loss: 4219.565430
2025-09-12 14:58:41,657 - INFO - New best model saved (loss: 4219.565430)
2025-09-12 14:58:45,117 - INFO - New best model saved (loss: 4043.323730)
2025-09-12 14:58:46,465 - INFO - Epoch   90, Loss: 4288.733398
2025-09-12 14:58:49,452 - INFO - New best model saved (loss: 4024.272705)
2025-09-12 14:58:53,558 - INFO - New best model saved (loss: 3995.079102)
2025-09-12 14:58:56,819 - INFO - New best model saved (loss: 3892.551270)
2025-09-12 14:58:57,427 - INFO - Epoch  100, Loss: 4249.984375
2025-09-12 14:59:01,138 - INFO - Samples generated: ./experiments/sketch_64x64_2classes_20250912_145719/samples/samples_epoch_0100_classes_0-1.png
2025-09-12 14:59:04,749 - INFO - New best model saved (loss: 3803.819824)
2025-09-12 14:59:05,944 - INFO - Epoch  110, Loss: 3823.135254
2025-09-12 14:59:09,687 - INFO - New best model saved (loss: 3723.293213)
2025-09-12 14:59:13,081 - INFO - New best model saved (loss: 3602.097168)
2025-09-12 14:59:13,699 - INFO - Epoch  120, Loss: 3681.684082
2025-09-12 14:59:17,061 - INFO - New best model saved (loss: 3572.135742)
2025-09-12 14:59:21,511 - INFO - Samples generated: ./experiments/sketch_64x64_2classes_20250912_145719/samples/samples_epoch_0125_classes_0-1.png
2025-09-12 14:59:24,598 - INFO - New best model saved (loss: 3569.319824)
2025-09-12 14:59:25,221 - INFO - Epoch  130, Loss: 3406.600098
2025-09-12 14:59:28,234 - INFO - New best model saved (loss: 3406.600098)
2025-09-12 14:59:31,854 - INFO - New best model saved (loss: 3383.190430)
2025-09-12 14:59:33,243 - INFO - Epoch  140, Loss: 3437.226318
2025-09-12 14:59:36,444 - INFO - New best model saved (loss: 3366.589355)
2025-09-12 14:59:39,434 - INFO - New best model saved (loss: 3317.399658)
2025-09-12 14:59:42,779 - INFO - New best model saved (loss: 3313.254395)
2025-09-12 14:59:45,896 - INFO - New best model saved (loss: 3311.863037)
2025-09-12 14:59:49,600 - INFO - New best model saved (loss: 3251.230957)
2025-09-12 14:59:50,040 - INFO - Epoch  150, Loss: 3354.919922
2025-09-12 14:59:53,756 - INFO - Samples generated: ./experiments/sketch_64x64_2classes_20250912_145719/samples/samples_epoch_0150_classes_0-1.png
2025-09-12 14:59:57,233 - INFO - New best model saved (loss: 3173.518799)
2025-09-12 15:00:00,693 - INFO - New best model saved (loss: 3055.710938)
2025-09-12 15:00:01,513 - INFO - Epoch  160, Loss: 3233.201172
2025-09-12 15:00:04,826 - INFO - New best model saved (loss: 3012.841553)
2025-09-12 15:00:08,804 - INFO - New best model saved (loss: 2865.837402)
2025-09-12 15:00:09,045 - INFO - Epoch  170, Loss: 3112.498535
2025-09-12 15:00:13,701 - INFO - Samples generated: ./experiments/sketch_64x64_2classes_20250912_145719/samples/samples_epoch_0175_classes_0-1.png
2025-09-12 15:00:17,404 - INFO - New best model saved (loss: 2793.735107)
2025-09-12 15:00:17,645 - INFO - Epoch  180, Loss: 3157.708008
2025-09-12 15:00:21,913 - INFO - New best model saved (loss: 2778.610352)
2025-09-12 15:00:22,523 - INFO - Epoch  190, Loss: 2910.737305
2025-09-12 15:00:25,563 - INFO - New best model saved (loss: 2772.284668)
2025-09-12 15:00:29,997 - INFO - New best model saved (loss: 2658.808838)
2025-09-12 15:00:30,234 - INFO - Epoch  200, Loss: 2846.885986
2025-09-12 15:00:33,949 - INFO - Samples generated: ./experiments/sketch_64x64_2classes_20250912_145719/samples/samples_epoch_0200_classes_0-1.png
2025-09-12 15:00:37,837 - INFO - New best model saved (loss: 2630.794434)
2025-09-12 15:00:41,531 - INFO - New best model saved (loss: 2610.105957)
2025-09-12 15:00:41,762 - INFO - Epoch  210, Loss: 2700.184570
2025-09-12 15:00:45,067 - INFO - New best model saved (loss: 2538.890625)
2025-09-12 15:00:48,501 - INFO - New best model saved (loss: 2509.571045)
2025-09-12 15:00:49,487 - INFO - Epoch  220, Loss: 2615.822754
2025-09-12 15:00:52,682 - INFO - New best model saved (loss: 2449.965332)
2025-09-12 15:00:57,278 - INFO - Samples generated: ./experiments/sketch_64x64_2classes_20250912_145719/samples/samples_epoch_0225_classes_0-1.png
2025-09-12 15:01:00,319 - INFO - New best model saved (loss: 2416.730713)
2025-09-12 15:01:01,126 - INFO - Epoch  230, Loss: 2531.103516
2025-09-12 15:01:05,273 - INFO - New best model saved (loss: 2361.949707)
2025-09-12 15:01:08,500 - INFO - New best model saved (loss: 2360.572998)
2025-09-12 15:01:11,748 - INFO - New best model saved (loss: 2338.440430)
2025-09-12 15:01:11,985 - INFO - Epoch  240, Loss: 2417.694336
2025-09-12 15:01:15,671 - INFO - New best model saved (loss: 2316.468506)
2025-09-12 15:01:19,390 - INFO - New best model saved (loss: 2274.494873)
2025-09-12 15:01:19,812 - INFO - Epoch  250, Loss: 2524.204102
2025-09-12 15:01:23,528 - INFO - Samples generated: ./experiments/sketch_64x64_2classes_20250912_145719/samples/samples_epoch_0250_classes_0-1.png
2025-09-12 15:01:26,801 - INFO - New best model saved (loss: 2224.508789)
2025-09-12 15:01:30,243 - INFO - New best model saved (loss: 2169.479248)
2025-09-12 15:01:31,236 - INFO - Epoch  260, Loss: 2377.503662
2025-09-12 15:01:35,413 - INFO - New best model saved (loss: 2149.406494)
2025-09-12 15:01:36,127 - INFO - Epoch  270, Loss: 2150.732666
2025-09-12 15:01:39,483 - INFO - New best model saved (loss: 2123.743896)
2025-09-12 15:01:42,942 - INFO - New best model saved (loss: 2026.301514)
2025-09-12 15:01:46,716 - INFO - Samples generated: ./experiments/sketch_64x64_2classes_20250912_145719/samples/samples_epoch_0275_classes_0-1.png
2025-09-12 15:01:47,673 - INFO - Epoch  280, Loss: 2085.403076
2025-09-12 15:01:49,578 - INFO - Epoch  290, Loss: 1941.813599
2025-09-12 15:01:52,649 - INFO - New best model saved (loss: 1941.813599)
2025-09-12 15:01:56,141 - INFO - New best model saved (loss: 1938.402344)
2025-09-12 15:01:57,526 - INFO - Epoch  300, Loss: 2044.747192
2025-09-12 15:02:01,229 - INFO - Samples generated: ./experiments/sketch_64x64_2classes_20250912_145719/samples/samples_epoch_0300_classes_0-1.png
2025-09-12 15:02:05,360 - INFO - New best model saved (loss: 1933.775879)
2025-09-12 15:02:06,184 - INFO - Epoch  310, Loss: 1960.466797
2025-09-12 15:02:09,457 - INFO - New best model saved (loss: 1921.962036)
2025-09-12 15:02:13,087 - INFO - New best model saved (loss: 1912.158203)
2025-09-12 15:02:16,563 - INFO - New best model saved (loss: 1894.027710)
2025-09-12 15:02:19,727 - INFO - New best model saved (loss: 1845.305420)
2025-09-12 15:02:19,966 - INFO - Epoch  320, Loss: 1927.408691
2025-09-12 15:02:23,326 - INFO - New best model saved (loss: 1823.517700)
2025-09-12 15:02:26,387 - INFO - New best model saved (loss: 1792.609619)
2025-09-12 15:02:30,369 - INFO - Samples generated: ./experiments/sketch_64x64_2classes_20250912_145719/samples/samples_epoch_0325_classes_0-1.png
2025-09-12 15:02:34,171 - INFO - New best model saved (loss: 1657.179199)
2025-09-12 15:02:34,408 - INFO - Epoch  330, Loss: 2111.262207
2025-09-12 15:02:36,330 - INFO - Epoch  340, Loss: 1870.225098
2025-09-12 15:02:38,217 - INFO - Epoch  350, Loss: 1684.995483
2025-09-12 15:02:41,931 - INFO - Samples generated: ./experiments/sketch_64x64_2classes_20250912_145719/samples/samples_epoch_0350_classes_0-1.png
2025-09-12 15:02:45,285 - INFO - New best model saved (loss: 1636.792114)
2025-09-12 15:02:46,833 - INFO - Epoch  360, Loss: 1679.762939
2025-09-12 15:02:50,378 - INFO - New best model saved (loss: 1625.814209)
2025-09-12 15:02:53,851 - INFO - New best model saved (loss: 1620.612305)
2025-09-12 15:02:57,282 - INFO - New best model saved (loss: 1612.600586)
2025-09-12 15:02:57,712 - INFO - Epoch  370, Loss: 1687.945190
2025-09-12 15:03:00,896 - INFO - New best model saved (loss: 1594.735596)
2025-09-12 15:03:04,676 - INFO - New best model saved (loss: 1589.835938)
2025-09-12 15:03:08,624 - INFO - Samples generated: ./experiments/sketch_64x64_2classes_20250912_145719/samples/samples_epoch_0375_classes_0-1.png
2025-09-12 15:03:12,185 - INFO - New best model saved (loss: 1555.895020)
2025-09-12 15:03:12,428 - INFO - Epoch  380, Loss: 1889.696777
2025-09-12 15:03:16,209 - INFO - New best model saved (loss: 1487.275269)
2025-09-12 15:03:17,220 - INFO - Epoch  390, Loss: 1822.867676
2025-09-12 15:03:19,120 - INFO - Epoch  400, Loss: 1598.204834
2025-09-12 15:03:22,836 - INFO - Samples generated: ./experiments/sketch_64x64_2classes_20250912_145719/samples/samples_epoch_0400_classes_0-1.png
2025-09-12 15:03:26,050 - INFO - New best model saved (loss: 1436.455078)
2025-09-12 15:03:29,084 - INFO - New best model saved (loss: 1430.049438)
2025-09-12 15:03:30,461 - INFO - Epoch  410, Loss: 1482.553467
2025-09-12 15:03:33,483 - INFO - New best model saved (loss: 1421.259277)
2025-09-12 15:03:36,846 - INFO - New best model saved (loss: 1413.986816)
2025-09-12 15:03:39,939 - INFO - New best model saved (loss: 1407.135620)
2025-09-12 15:03:43,207 - INFO - New best model saved (loss: 1390.739502)
2025-09-12 15:03:44,023 - INFO - Epoch  420, Loss: 1499.866211
2025-09-12 15:03:48,789 - INFO - Samples generated: ./experiments/sketch_64x64_2classes_20250912_145719/samples/samples_epoch_0425_classes_0-1.png
2025-09-12 15:03:52,380 - INFO - New best model saved (loss: 1355.022461)
2025-09-12 15:03:52,807 - INFO - Epoch  430, Loss: 1375.139404
2025-09-12 15:03:57,320 - INFO - New best model saved (loss: 1345.948486)
2025-09-12 15:03:57,560 - INFO - Epoch  440, Loss: 1297.215454
2025-09-12 15:04:00,405 - INFO - New best model saved (loss: 1297.215454)
2025-09-12 15:04:02,520 - INFO - Epoch  450, Loss: 1389.383057
2025-09-12 15:04:06,242 - INFO - Samples generated: ./experiments/sketch_64x64_2classes_20250912_145719/samples/samples_epoch_0450_classes_0-1.png
2025-09-12 15:04:08,175 - INFO - Epoch  460, Loss: 1269.670166
2025-09-12 15:04:11,133 - INFO - New best model saved (loss: 1269.670166)
2025-09-12 15:04:14,770 - INFO - New best model saved (loss: 1240.743408)
2025-09-12 15:04:15,969 - INFO - Epoch  470, Loss: 1306.904663
2025-09-12 15:04:19,312 - INFO - New best model saved (loss: 1214.548950)
2025-09-12 15:04:23,031 - INFO - New best model saved (loss: 1168.159180)
2025-09-12 15:04:26,811 - INFO - Samples generated: ./experiments/sketch_64x64_2classes_20250912_145719/samples/samples_epoch_0475_classes_0-1.png
2025-09-12 15:04:27,757 - INFO - Epoch  480, Loss: 1500.026611
2025-09-12 15:04:29,675 - INFO - Epoch  490, Loss: 1327.685791
2025-09-12 15:04:31,574 - INFO - Epoch  500, Loss: 1266.834473
2025-09-12 15:04:35,312 - INFO - Samples generated: ./experiments/sketch_64x64_2classes_20250912_145719/samples/samples_epoch_0500_classes_0-1.png
2025-09-12 15:04:37,302 - INFO - Epoch  510, Loss: 1311.908203
2025-09-12 15:04:39,218 - INFO - Epoch  520, Loss: 1199.294189
2025-09-12 15:04:42,445 - INFO - New best model saved (loss: 1092.426758)
2025-09-12 15:04:46,777 - INFO - Samples generated: ./experiments/sketch_64x64_2classes_20250912_145719/samples/samples_epoch_0525_classes_0-1.png
2025-09-12 15:04:47,737 - INFO - Epoch  530, Loss: 1228.161133
2025-09-12 15:04:49,651 - INFO - Epoch  540, Loss: 1099.275146
2025-09-12 15:04:51,573 - INFO - Epoch  550, Loss: 1255.682129
2025-09-12 15:04:55,284 - INFO - Samples generated: ./experiments/sketch_64x64_2classes_20250912_145719/samples/samples_epoch_0550_classes_0-1.png
2025-09-12 15:04:57,214 - INFO - Epoch  560, Loss: 1085.857422
2025-09-12 15:05:00,164 - INFO - New best model saved (loss: 1085.857422)
2025-09-12 15:05:04,566 - INFO - New best model saved (loss: 1085.687500)
2025-09-12 15:05:05,185 - INFO - Epoch  570, Loss: 1199.343506
2025-09-12 15:05:09,847 - INFO - Samples generated: ./experiments/sketch_64x64_2classes_20250912_145719/samples/samples_epoch_0575_classes_0-1.png
2025-09-12 15:05:10,812 - INFO - Epoch  580, Loss: 1132.791260
2025-09-12 15:05:14,503 - INFO - New best model saved (loss: 1060.042236)
2025-09-12 15:05:17,579 - INFO - New best model saved (loss: 1059.415649)
2025-09-12 15:05:18,587 - INFO - Epoch  590, Loss: 1091.734253
2025-09-12 15:05:22,805 - INFO - New best model saved (loss: 1004.155029)
2025-09-12 15:05:23,407 - INFO - Epoch  600, Loss: 1445.627075
2025-09-12 15:05:27,254 - INFO - Samples generated: ./experiments/sketch_64x64_2classes_20250912_145719/samples/samples_epoch_0600_classes_0-1.png
2025-09-12 15:05:29,160 - INFO - Epoch  610, Loss: 1101.352295
2025-09-12 15:05:31,098 - INFO - Epoch  620, Loss: 1033.150146
2025-09-12 15:05:35,779 - INFO - Samples generated: ./experiments/sketch_64x64_2classes_20250912_145719/samples/samples_epoch_0625_classes_0-1.png
2025-09-12 15:05:36,752 - INFO - Epoch  630, Loss: 1105.169434
2025-09-12 15:05:38,730 - INFO - Epoch  640, Loss: 1239.557373
2025-09-12 15:05:42,707 - INFO - New best model saved (loss: 986.735229)
2025-09-12 15:05:43,547 - INFO - Epoch  650, Loss: 1035.196045
2025-09-12 15:05:47,268 - INFO - Samples generated: ./experiments/sketch_64x64_2classes_20250912_145719/samples/samples_epoch_0650_classes_0-1.png
2025-09-12 15:05:49,235 - INFO - Epoch  660, Loss: 1367.512451
2025-09-12 15:05:51,297 - INFO - Epoch  670, Loss: 1142.879639
2025-09-12 15:05:55,995 - INFO - Samples generated: ./experiments/sketch_64x64_2classes_20250912_145719/samples/samples_epoch_0675_classes_0-1.png
2025-09-12 15:05:56,979 - INFO - Epoch  680, Loss: 1071.680054
2025-09-12 15:05:58,944 - INFO - Epoch  690, Loss: 1074.785156
2025-09-12 15:06:02,620 - INFO - New best model saved (loss: 969.900269)
2025-09-12 15:06:03,822 - INFO - Epoch  700, Loss: 1047.826294
2025-09-12 15:06:07,526 - INFO - Samples generated: ./experiments/sketch_64x64_2classes_20250912_145719/samples/samples_epoch_0700_classes_0-1.png
2025-09-12 15:06:09,513 - INFO - Epoch  710, Loss: 1025.456055
2025-09-12 15:06:13,035 - INFO - New best model saved (loss: 952.169434)
2025-09-12 15:06:16,749 - INFO - New best model saved (loss: 934.218140)
2025-09-12 15:06:17,383 - INFO - Epoch  720, Loss: 1093.559082
2025-09-12 15:06:22,063 - INFO - Samples generated: ./experiments/sketch_64x64_2classes_20250912_145719/samples/samples_epoch_0725_classes_0-1.png
2025-09-12 15:06:23,130 - INFO - Epoch  730, Loss: 1046.499268
2025-09-12 15:06:25,071 - INFO - Epoch  740, Loss: 997.258972
2025-09-12 15:06:27,053 - INFO - Epoch  750, Loss: 969.816528
2025-09-12 15:06:30,758 - INFO - Samples generated: ./experiments/sketch_64x64_2classes_20250912_145719/samples/samples_epoch_0750_classes_0-1.png
2025-09-12 15:06:32,720 - INFO - Epoch  760, Loss: 1003.649292
2025-09-12 15:06:34,706 - INFO - Epoch  770, Loss: 1002.954468
2025-09-12 15:06:39,411 - INFO - Samples generated: ./experiments/sketch_64x64_2classes_20250912_145719/samples/samples_epoch_0775_classes_0-1.png
2025-09-12 15:06:42,971 - INFO - New best model saved (loss: 922.961548)
2025-09-12 15:06:43,412 - INFO - Epoch  780, Loss: 923.787476
2025-09-12 15:06:47,421 - INFO - New best model saved (loss: 919.731018)
2025-09-12 15:06:50,931 - INFO - New best model saved (loss: 913.683105)
2025-09-12 15:06:51,166 - INFO - Epoch  790, Loss: 1156.907715
2025-09-12 15:06:53,105 - INFO - Epoch  800, Loss: 928.498108
2025-09-12 15:06:56,829 - INFO - Samples generated: ./experiments/sketch_64x64_2classes_20250912_145719/samples/samples_epoch_0800_classes_0-1.png
2025-09-12 15:06:58,797 - INFO - Epoch  810, Loss: 1116.425659
2025-09-12 15:07:01,823 - INFO - New best model saved (loss: 895.449524)
2025-09-12 15:07:03,631 - INFO - Epoch  820, Loss: 1225.324951
2025-09-12 15:07:08,328 - INFO - Samples generated: ./experiments/sketch_64x64_2classes_20250912_145719/samples/samples_epoch_0825_classes_0-1.png
2025-09-12 15:07:09,348 - INFO - Epoch  830, Loss: 983.368408
2025-09-12 15:07:11,339 - INFO - Epoch  840, Loss: 935.004150
2025-09-12 15:07:14,532 - INFO - New best model saved (loss: 892.748901)
2025-09-12 15:07:15,939 - INFO - Epoch  850, Loss: 935.524414
2025-09-12 15:07:19,646 - INFO - Samples generated: ./experiments/sketch_64x64_2classes_20250912_145719/samples/samples_epoch_0850_classes_0-1.png
2025-09-12 15:07:22,906 - INFO - New best model saved (loss: 883.523254)
2025-09-12 15:07:24,523 - INFO - Epoch  860, Loss: 1036.447510
2025-09-12 15:07:26,487 - INFO - Epoch  870, Loss: 1095.721069
2025-09-12 15:07:31,181 - INFO - Samples generated: ./experiments/sketch_64x64_2classes_20250912_145719/samples/samples_epoch_0875_classes_0-1.png
2025-09-12 15:07:32,178 - INFO - Epoch  880, Loss: 881.051758
2025-09-12 15:07:35,226 - INFO - New best model saved (loss: 881.051758)
2025-09-12 15:07:37,214 - INFO - Epoch  890, Loss: 937.429382
2025-09-12 15:07:41,060 - INFO - New best model saved (loss: 866.717407)
2025-09-12 15:07:42,259 - INFO - Epoch  900, Loss: 930.702454
2025-09-12 15:07:45,970 - INFO - Samples generated: ./experiments/sketch_64x64_2classes_20250912_145719/samples/samples_epoch_0900_classes_0-1.png
2025-09-12 15:07:47,917 - INFO - Epoch  910, Loss: 991.253784
2025-09-12 15:07:49,871 - INFO - Epoch  920, Loss: 930.321472
2025-09-12 15:07:52,404 - INFO - New best model saved (loss: 856.499390)
2025-09-12 15:07:56,724 - INFO - Samples generated: ./experiments/sketch_64x64_2classes_20250912_145719/samples/samples_epoch_0925_classes_0-1.png
2025-09-12 15:07:57,778 - INFO - Epoch  930, Loss: 903.151001
2025-09-12 15:08:01,974 - INFO - New best model saved (loss: 815.006775)
2025-09-12 15:08:02,789 - INFO - Epoch  940, Loss: 1067.020752
2025-09-12 15:08:07,268 - INFO - New best model saved (loss: 799.271301)
2025-09-12 15:08:07,706 - INFO - Epoch  950, Loss: 877.762451
2025-09-12 15:08:11,422 - INFO - Samples generated: ./experiments/sketch_64x64_2classes_20250912_145719/samples/samples_epoch_0950_classes_0-1.png
2025-09-12 15:08:13,407 - INFO - Epoch  960, Loss: 913.933594
2025-09-12 15:08:15,399 - INFO - Epoch  970, Loss: 951.072754
2025-09-12 15:08:18,685 - INFO - New best model saved (loss: 794.756836)
2025-09-12 15:08:23,019 - INFO - Samples generated: ./experiments/sketch_64x64_2classes_20250912_145719/samples/samples_epoch_0975_classes_0-1.png
2025-09-12 15:08:24,010 - INFO - Epoch  980, Loss: 902.862366
2025-09-12 15:08:26,002 - INFO - Epoch  990, Loss: 981.824585
2025-09-12 15:08:27,983 - INFO - Epoch 1000, Loss: 918.013428
2025-09-12 15:08:31,711 - INFO - Samples generated: ./experiments/sketch_64x64_2classes_20250912_145719/samples/samples_epoch_1000_classes_0-1.png
2025-09-12 15:08:33,706 - INFO - Epoch 1010, Loss: 946.650146
2025-09-12 15:08:35,709 - INFO - Epoch 1020, Loss: 971.284119
2025-09-12 15:08:40,447 - INFO - Samples generated: ./experiments/sketch_64x64_2classes_20250912_145719/samples/samples_epoch_1025_classes_0-1.png
2025-09-12 15:08:41,411 - INFO - Epoch 1030, Loss: 1008.543396
2025-09-12 15:08:43,404 - INFO - Epoch 1040, Loss: 885.117432
2025-09-12 15:08:45,422 - INFO - Epoch 1050, Loss: 920.947632
2025-09-12 15:08:49,126 - INFO - Samples generated: ./experiments/sketch_64x64_2classes_20250912_145719/samples/samples_epoch_1050_classes_0-1.png
2025-09-12 15:08:51,134 - INFO - Epoch 1060, Loss: 1103.468628
2025-09-12 15:08:53,172 - INFO - Epoch 1070, Loss: 1001.036865
2025-09-12 15:08:56,188 - INFO - New best model saved (loss: 782.028564)
2025-09-12 15:09:00,532 - INFO - Samples generated: ./experiments/sketch_64x64_2classes_20250912_145719/samples/samples_epoch_1075_classes_0-1.png
2025-09-12 15:09:01,537 - INFO - Epoch 1080, Loss: 1059.794189
2025-09-12 15:09:03,562 - INFO - Epoch 1090, Loss: 884.234436
2025-09-12 15:09:08,196 - INFO - New best model saved (loss: 754.739136)
2025-09-12 15:09:08,649 - INFO - Epoch 1100, Loss: 838.415222
2025-09-12 15:09:12,370 - INFO - Samples generated: ./experiments/sketch_64x64_2classes_20250912_145719/samples/samples_epoch_1100_classes_0-1.png
2025-09-12 15:09:14,358 - INFO - Epoch 1110, Loss: 782.380432
2025-09-12 15:09:16,492 - INFO - Epoch 1120, Loss: 901.632996
2025-09-12 15:09:21,259 - INFO - Samples generated: ./experiments/sketch_64x64_2classes_20250912_145719/samples/samples_epoch_1125_classes_0-1.png
2025-09-12 15:09:22,243 - INFO - Epoch 1130, Loss: 926.039429
2025-09-12 15:09:24,271 - INFO - Epoch 1140, Loss: 831.001343
2025-09-12 15:09:26,292 - INFO - Epoch 1150, Loss: 900.317383
2025-09-12 15:09:29,994 - INFO - Samples generated: ./experiments/sketch_64x64_2classes_20250912_145719/samples/samples_epoch_1150_classes_0-1.png
2025-09-12 15:09:31,972 - INFO - Epoch 1160, Loss: 853.965515
2025-09-12 15:09:33,987 - INFO - Epoch 1170, Loss: 1060.338745
2025-09-12 15:09:38,731 - INFO - Samples generated: ./experiments/sketch_64x64_2classes_20250912_145719/samples/samples_epoch_1175_classes_0-1.png
2025-09-12 15:09:39,722 - INFO - Epoch 1180, Loss: 860.793701
2025-09-12 15:09:41,727 - INFO - Epoch 1190, Loss: 896.365723
2025-09-12 15:09:45,581 - INFO - New best model saved (loss: 754.402588)
2025-09-12 15:09:46,603 - INFO - Epoch 1200, Loss: 920.413940
2025-09-12 15:09:50,486 - INFO - Samples generated: ./experiments/sketch_64x64_2classes_20250912_145719/samples/samples_epoch_1200_classes_0-1.png
2025-09-12 15:09:52,450 - INFO - Epoch 1210, Loss: 867.356445
2025-09-12 15:09:54,453 - INFO - Epoch 1220, Loss: 909.450928
2025-09-12 15:09:59,174 - INFO - Samples generated: ./experiments/sketch_64x64_2classes_20250912_145719/samples/samples_epoch_1225_classes_0-1.png
2025-09-12 15:10:00,157 - INFO - Epoch 1230, Loss: 888.932251
2025-09-12 15:10:02,202 - INFO - Epoch 1240, Loss: 942.987244
2025-09-12 15:10:04,238 - INFO - Epoch 1250, Loss: 961.673523
2025-09-12 15:10:07,963 - INFO - Samples generated: ./experiments/sketch_64x64_2classes_20250912_145719/samples/samples_epoch_1250_classes_0-1.png
2025-09-12 15:10:09,951 - INFO - Epoch 1260, Loss: 872.237976
2025-09-12 15:10:11,990 - INFO - Epoch 1270, Loss: 903.063660
2025-09-12 15:10:16,734 - INFO - Samples generated: ./experiments/sketch_64x64_2classes_20250912_145719/samples/samples_epoch_1275_classes_0-1.png
2025-09-12 15:10:17,750 - INFO - Epoch 1280, Loss: 823.837402
2025-09-12 15:10:21,015 - INFO - New best model saved (loss: 751.103027)
2025-09-12 15:10:24,581 - INFO - New best model saved (loss: 729.261658)
2025-09-12 15:10:25,609 - INFO - Epoch 1290, Loss: 833.889648
2025-09-12 15:10:27,577 - INFO - Epoch 1300, Loss: 864.794312
2025-09-12 15:10:31,281 - INFO - Samples generated: ./experiments/sketch_64x64_2classes_20250912_145719/samples/samples_epoch_1300_classes_0-1.png
2025-09-12 15:10:35,730 - INFO - New best model saved (loss: 728.960693)
2025-09-12 15:10:36,172 - INFO - Epoch 1310, Loss: 863.015869
2025-09-12 15:10:38,165 - INFO - Epoch 1320, Loss: 755.600037
2025-09-12 15:10:42,848 - INFO - Samples generated: ./experiments/sketch_64x64_2classes_20250912_145719/samples/samples_epoch_1325_classes_0-1.png
2025-09-12 15:10:46,110 - INFO - New best model saved (loss: 716.697021)
2025-09-12 15:10:46,746 - INFO - Epoch 1330, Loss: 796.179810
2025-09-12 15:10:48,805 - INFO - Epoch 1340, Loss: 843.288513
2025-09-12 15:10:50,910 - INFO - Epoch 1350, Loss: 737.434631
2025-09-12 15:10:54,615 - INFO - Samples generated: ./experiments/sketch_64x64_2classes_20250912_145719/samples/samples_epoch_1350_classes_0-1.png
2025-09-12 15:10:59,176 - INFO - New best model saved (loss: 685.522827)
2025-09-12 15:10:59,617 - INFO - Epoch 1360, Loss: 768.660278
2025-09-12 15:11:01,594 - INFO - Epoch 1370, Loss: 840.645752
2025-09-12 15:11:06,304 - INFO - Samples generated: ./experiments/sketch_64x64_2classes_20250912_145719/samples/samples_epoch_1375_classes_0-1.png
2025-09-12 15:11:07,278 - INFO - Epoch 1380, Loss: 886.247009
2025-09-12 15:11:09,296 - INFO - Epoch 1390, Loss: 909.481689
2025-09-12 15:11:11,308 - INFO - Epoch 1400, Loss: 813.665039
2025-09-12 15:11:15,033 - INFO - Samples generated: ./experiments/sketch_64x64_2classes_20250912_145719/samples/samples_epoch_1400_classes_0-1.png
2025-09-12 15:11:17,034 - INFO - Epoch 1410, Loss: 931.394531
2025-09-12 15:11:19,039 - INFO - Epoch 1420, Loss: 933.047607
2025-09-12 15:11:23,757 - INFO - Samples generated: ./experiments/sketch_64x64_2classes_20250912_145719/samples/samples_epoch_1425_classes_0-1.png
2025-09-12 15:11:24,754 - INFO - Epoch 1430, Loss: 721.260864
2025-09-12 15:11:26,763 - INFO - Epoch 1440, Loss: 779.027039
2025-09-12 15:11:28,791 - INFO - Epoch 1450, Loss: 886.074158
2025-09-12 15:11:32,509 - INFO - Samples generated: ./experiments/sketch_64x64_2classes_20250912_145719/samples/samples_epoch_1450_classes_0-1.png
2025-09-12 15:11:34,523 - INFO - Epoch 1460, Loss: 735.481812
2025-09-12 15:11:36,559 - INFO - Epoch 1470, Loss: 836.539246
2025-09-12 15:11:41,298 - INFO - Samples generated: ./experiments/sketch_64x64_2classes_20250912_145719/samples/samples_epoch_1475_classes_0-1.png
2025-09-12 15:11:42,293 - INFO - Epoch 1480, Loss: 816.121216
2025-09-12 15:11:44,344 - INFO - Epoch 1490, Loss: 951.411804
2025-09-12 15:11:46,384 - INFO - Epoch 1500, Loss: 881.828003
2025-09-12 15:11:50,224 - INFO - Samples generated: ./experiments/sketch_64x64_2classes_20250912_145719/samples/samples_epoch_1500_classes_0-1.png
2025-09-12 15:11:52,218 - INFO - Epoch 1510, Loss: 745.642822
2025-09-12 15:11:54,229 - INFO - Epoch 1520, Loss: 856.883179
2025-09-12 15:11:58,961 - INFO - Samples generated: ./experiments/sketch_64x64_2classes_20250912_145719/samples/samples_epoch_1525_classes_0-1.png
2025-09-12 15:11:59,960 - INFO - Epoch 1530, Loss: 818.102295
2025-09-12 15:12:04,442 - INFO - New best model saved (loss: 672.478638)
2025-09-12 15:12:04,886 - INFO - Epoch 1540, Loss: 808.556763
2025-09-12 15:12:06,880 - INFO - Epoch 1550, Loss: 788.199097
2025-09-12 15:12:10,583 - INFO - Samples generated: ./experiments/sketch_64x64_2classes_20250912_145719/samples/samples_epoch_1550_classes_0-1.png
2025-09-12 15:12:12,584 - INFO - Epoch 1560, Loss: 754.181274
2025-09-12 15:12:14,670 - INFO - Epoch 1570, Loss: 787.807129
2025-09-12 15:12:19,418 - INFO - Samples generated: ./experiments/sketch_64x64_2classes_20250912_145719/samples/samples_epoch_1575_classes_0-1.png
2025-09-12 15:12:20,432 - INFO - Epoch 1580, Loss: 813.098572
2025-09-12 15:12:22,449 - INFO - Epoch 1590, Loss: 926.372437
2025-09-12 15:12:24,475 - INFO - Epoch 1600, Loss: 864.786194
2025-09-12 15:12:28,170 - INFO - Samples generated: ./experiments/sketch_64x64_2classes_20250912_145719/samples/samples_epoch_1600_classes_0-1.png
2025-09-12 15:12:30,153 - INFO - Epoch 1610, Loss: 763.945068
2025-09-12 15:12:32,196 - INFO - Epoch 1620, Loss: 1001.613708
2025-09-12 15:12:36,919 - INFO - Samples generated: ./experiments/sketch_64x64_2classes_20250912_145719/samples/samples_epoch_1625_classes_0-1.png
2025-09-12 15:12:37,921 - INFO - Epoch 1630, Loss: 897.845703
2025-09-12 15:12:39,930 - INFO - Epoch 1640, Loss: 934.622314
2025-09-12 15:12:41,944 - INFO - Epoch 1650, Loss: 773.547485
2025-09-12 15:12:45,852 - INFO - Samples generated: ./experiments/sketch_64x64_2classes_20250912_145719/samples/samples_epoch_1650_classes_0-1.png
2025-09-12 15:12:50,292 - INFO - New best model saved (loss: 666.228760)
2025-09-12 15:12:50,931 - INFO - Epoch 1660, Loss: 753.966553
2025-09-12 15:12:52,949 - INFO - Epoch 1670, Loss: 829.916870
2025-09-12 15:12:57,675 - INFO - Samples generated: ./experiments/sketch_64x64_2classes_20250912_145719/samples/samples_epoch_1675_classes_0-1.png
2025-09-12 15:12:58,635 - INFO - Epoch 1680, Loss: 773.989258
2025-09-12 15:13:00,662 - INFO - Epoch 1690, Loss: 912.905151
2025-09-12 15:13:02,646 - INFO - Epoch 1700, Loss: 916.563660
2025-09-12 15:13:06,378 - INFO - Samples generated: ./experiments/sketch_64x64_2classes_20250912_145719/samples/samples_epoch_1700_classes_0-1.png
2025-09-12 15:13:08,388 - INFO - Epoch 1710, Loss: 746.740784
2025-09-12 15:13:10,375 - INFO - Epoch 1720, Loss: 885.609375
2025-09-12 15:13:15,108 - INFO - Samples generated: ./experiments/sketch_64x64_2classes_20250912_145719/samples/samples_epoch_1725_classes_0-1.png
2025-09-12 15:13:16,113 - INFO - Epoch 1730, Loss: 757.884766
2025-09-12 15:13:18,136 - INFO - Epoch 1740, Loss: 792.716125
2025-09-12 15:13:21,818 - INFO - New best model saved (loss: 621.226746)
2025-09-12 15:13:23,261 - INFO - Epoch 1750, Loss: 773.887634
2025-09-12 15:13:26,976 - INFO - Samples generated: ./experiments/sketch_64x64_2classes_20250912_145719/samples/samples_epoch_1750_classes_0-1.png
2025-09-12 15:13:28,957 - INFO - Epoch 1760, Loss: 754.118652
2025-09-12 15:13:30,940 - INFO - Epoch 1770, Loss: 681.629517
2025-09-12 15:13:35,659 - INFO - Samples generated: ./experiments/sketch_64x64_2classes_20250912_145719/samples/samples_epoch_1775_classes_0-1.png
2025-09-12 15:13:36,660 - INFO - Epoch 1780, Loss: 732.087585
2025-09-12 15:13:38,836 - INFO - Epoch 1790, Loss: 827.069397
2025-09-12 15:13:40,865 - INFO - Epoch 1800, Loss: 912.065613
2025-09-12 15:13:44,583 - INFO - Samples generated: ./experiments/sketch_64x64_2classes_20250912_145719/samples/samples_epoch_1800_classes_0-1.png
2025-09-12 15:13:46,588 - INFO - Epoch 1810, Loss: 948.131531
2025-09-12 15:13:48,621 - INFO - Epoch 1820, Loss: 870.631226
2025-09-12 15:13:53,358 - INFO - Samples generated: ./experiments/sketch_64x64_2classes_20250912_145719/samples/samples_epoch_1825_classes_0-1.png
2025-09-12 15:13:54,343 - INFO - Epoch 1830, Loss: 738.698059
2025-09-12 15:13:56,383 - INFO - Epoch 1840, Loss: 820.364563
2025-09-12 15:13:58,393 - INFO - Epoch 1850, Loss: 788.352783
2025-09-12 15:14:02,099 - INFO - Samples generated: ./experiments/sketch_64x64_2classes_20250912_145719/samples/samples_epoch_1850_classes_0-1.png
2025-09-12 15:14:04,091 - INFO - Epoch 1860, Loss: 723.792480
2025-09-12 15:14:06,110 - INFO - Epoch 1870, Loss: 696.547607
2025-09-12 15:14:10,841 - INFO - Samples generated: ./experiments/sketch_64x64_2classes_20250912_145719/samples/samples_epoch_1875_classes_0-1.png
2025-09-12 15:14:11,850 - INFO - Epoch 1880, Loss: 777.656799
2025-09-12 15:14:13,894 - INFO - Epoch 1890, Loss: 749.406677
2025-09-12 15:14:15,916 - INFO - Epoch 1900, Loss: 743.382874
2025-09-12 15:14:19,626 - INFO - Samples generated: ./experiments/sketch_64x64_2classes_20250912_145719/samples/samples_epoch_1900_classes_0-1.png
2025-09-12 15:14:21,635 - INFO - Epoch 1910, Loss: 819.583862
2025-09-12 15:14:23,664 - INFO - Epoch 1920, Loss: 689.278687
2025-09-12 15:14:28,394 - INFO - Samples generated: ./experiments/sketch_64x64_2classes_20250912_145719/samples/samples_epoch_1925_classes_0-1.png
2025-09-12 15:14:29,357 - INFO - Epoch 1930, Loss: 718.706970
2025-09-12 15:14:31,365 - INFO - Epoch 1940, Loss: 739.520752
2025-09-12 15:14:33,360 - INFO - Epoch 1950, Loss: 820.897705
2025-09-12 15:14:37,078 - INFO - Samples generated: ./experiments/sketch_64x64_2classes_20250912_145719/samples/samples_epoch_1950_classes_0-1.png
2025-09-12 15:14:39,145 - INFO - Epoch 1960, Loss: 680.440552
2025-09-12 15:14:41,147 - INFO - Epoch 1970, Loss: 813.580078
2025-09-12 15:14:45,862 - INFO - Samples generated: ./experiments/sketch_64x64_2classes_20250912_145719/samples/samples_epoch_1975_classes_0-1.png
2025-09-12 15:14:46,858 - INFO - Epoch 1980, Loss: 762.562134
2025-09-12 15:14:48,887 - INFO - Epoch 1990, Loss: 798.425903
2025-09-12 15:14:50,915 - INFO - Epoch 2000, Loss: 840.102234
2025-09-12 15:14:54,609 - INFO - Samples generated: ./experiments/sketch_64x64_2classes_20250912_145719/samples/samples_epoch_2000_classes_0-1.png
2025-09-12 15:14:56,697 - INFO - Epoch 2010, Loss: 777.224487
2025-09-12 15:14:58,728 - INFO - Epoch 2020, Loss: 746.536133
2025-09-12 15:15:03,476 - INFO - Samples generated: ./experiments/sketch_64x64_2classes_20250912_145719/samples/samples_epoch_2025_classes_0-1.png
2025-09-12 15:15:04,483 - INFO - Epoch 2030, Loss: 822.348267
2025-09-12 15:15:06,491 - INFO - Epoch 2040, Loss: 855.151672
2025-09-12 15:15:08,524 - INFO - Epoch 2050, Loss: 786.904175
2025-09-12 15:15:12,229 - INFO - Samples generated: ./experiments/sketch_64x64_2classes_20250912_145719/samples/samples_epoch_2050_classes_0-1.png
2025-09-12 15:15:14,213 - INFO - Epoch 2060, Loss: 721.401611
2025-09-12 15:15:16,226 - INFO - Epoch 2070, Loss: 685.450256
2025-09-12 15:15:19,311 - INFO - New best model saved (loss: 608.072510)
2025-09-12 15:15:23,845 - INFO - Samples generated: ./experiments/sketch_64x64_2classes_20250912_145719/samples/samples_epoch_2075_classes_0-1.png
2025-09-12 15:15:27,437 - INFO - New best model saved (loss: 589.723511)
2025-09-12 15:15:27,876 - INFO - Epoch 2080, Loss: 872.129761
2025-09-12 15:15:29,854 - INFO - Epoch 2090, Loss: 666.716309
2025-09-12 15:15:31,850 - INFO - Epoch 2100, Loss: 694.452637
2025-09-12 15:15:35,714 - INFO - Samples generated: ./experiments/sketch_64x64_2classes_20250912_145719/samples/samples_epoch_2100_classes_0-1.png
2025-09-12 15:15:37,685 - INFO - Epoch 2110, Loss: 802.318604
2025-09-12 15:15:39,666 - INFO - Epoch 2120, Loss: 691.976501
2025-09-12 15:15:44,376 - INFO - Samples generated: ./experiments/sketch_64x64_2classes_20250912_145719/samples/samples_epoch_2125_classes_0-1.png
2025-09-12 15:15:45,341 - INFO - Epoch 2130, Loss: 668.775940
2025-09-12 15:15:47,334 - INFO - Epoch 2140, Loss: 717.016418
2025-09-12 15:15:49,338 - INFO - Epoch 2150, Loss: 645.303650
2025-09-12 15:15:53,053 - INFO - Samples generated: ./experiments/sketch_64x64_2classes_20250912_145719/samples/samples_epoch_2150_classes_0-1.png
2025-09-12 15:15:55,058 - INFO - Epoch 2160, Loss: 781.415649
2025-09-12 15:15:57,083 - INFO - Epoch 2170, Loss: 664.689148
2025-09-12 15:16:01,792 - INFO - Samples generated: ./experiments/sketch_64x64_2classes_20250912_145719/samples/samples_epoch_2175_classes_0-1.png
2025-09-12 15:16:02,789 - INFO - Epoch 2180, Loss: 659.282532
2025-09-12 15:16:04,814 - INFO - Epoch 2190, Loss: 739.107178
2025-09-12 15:16:06,835 - INFO - Epoch 2200, Loss: 660.607422
2025-09-12 15:16:10,542 - INFO - Samples generated: ./experiments/sketch_64x64_2classes_20250912_145719/samples/samples_epoch_2200_classes_0-1.png
2025-09-12 15:16:12,522 - INFO - Epoch 2210, Loss: 810.389404
2025-09-12 15:16:14,515 - INFO - Epoch 2220, Loss: 667.590454
2025-09-12 15:16:19,244 - INFO - Samples generated: ./experiments/sketch_64x64_2classes_20250912_145719/samples/samples_epoch_2225_classes_0-1.png
2025-09-12 15:16:20,255 - INFO - Epoch 2230, Loss: 761.653687
2025-09-12 15:16:22,402 - INFO - Epoch 2240, Loss: 767.066162
2025-09-12 15:16:24,402 - INFO - Epoch 2250, Loss: 650.109741
2025-09-12 15:16:28,102 - INFO - Samples generated: ./experiments/sketch_64x64_2classes_20250912_145719/samples/samples_epoch_2250_classes_0-1.png
2025-09-12 15:16:30,091 - INFO - Epoch 2260, Loss: 749.618530
2025-09-12 15:16:32,123 - INFO - Epoch 2270, Loss: 712.051392
2025-09-12 15:16:36,848 - INFO - Samples generated: ./experiments/sketch_64x64_2classes_20250912_145719/samples/samples_epoch_2275_classes_0-1.png
2025-09-12 15:16:37,953 - INFO - Epoch 2280, Loss: 663.585815
2025-09-12 15:16:39,952 - INFO - Epoch 2290, Loss: 800.608032
2025-09-12 15:16:41,970 - INFO - Epoch 2300, Loss: 769.873413
2025-09-12 15:16:45,679 - INFO - Samples generated: ./experiments/sketch_64x64_2classes_20250912_145719/samples/samples_epoch_2300_classes_0-1.png
2025-09-12 15:16:47,670 - INFO - Epoch 2310, Loss: 754.520447
2025-09-12 15:16:49,696 - INFO - Epoch 2320, Loss: 711.866577
2025-09-12 15:16:54,429 - INFO - Samples generated: ./experiments/sketch_64x64_2classes_20250912_145719/samples/samples_epoch_2325_classes_0-1.png
2025-09-12 15:16:55,398 - INFO - Epoch 2330, Loss: 649.593750
2025-09-12 15:16:59,629 - INFO - New best model saved (loss: 575.189514)
2025-09-12 15:17:00,259 - INFO - Epoch 2340, Loss: 692.688477
2025-09-12 15:17:02,239 - INFO - Epoch 2350, Loss: 774.306885
2025-09-12 15:17:05,944 - INFO - Samples generated: ./experiments/sketch_64x64_2classes_20250912_145719/samples/samples_epoch_2350_classes_0-1.png
2025-09-12 15:17:07,942 - INFO - Epoch 2360, Loss: 736.346130
2025-09-12 15:17:09,967 - INFO - Epoch 2370, Loss: 728.078796
2025-09-12 15:17:14,675 - INFO - Samples generated: ./experiments/sketch_64x64_2classes_20250912_145719/samples/samples_epoch_2375_classes_0-1.png
2025-09-12 15:17:15,651 - INFO - Epoch 2380, Loss: 761.993530
2025-09-12 15:17:17,654 - INFO - Epoch 2390, Loss: 796.399719
2025-09-12 15:17:19,654 - INFO - Epoch 2400, Loss: 715.544800
2025-09-12 15:17:23,356 - INFO - Samples generated: ./experiments/sketch_64x64_2classes_20250912_145719/samples/samples_epoch_2400_classes_0-1.png
2025-09-12 15:17:25,377 - INFO - Epoch 2410, Loss: 718.520325
2025-09-12 15:17:27,404 - INFO - Epoch 2420, Loss: 794.854675
2025-09-12 15:17:32,115 - INFO - Samples generated: ./experiments/sketch_64x64_2classes_20250912_145719/samples/samples_epoch_2425_classes_0-1.png
2025-09-12 15:17:33,176 - INFO - Epoch 2430, Loss: 679.093872
2025-09-12 15:17:35,200 - INFO - Epoch 2440, Loss: 843.165039
2025-09-12 15:17:37,204 - INFO - Epoch 2450, Loss: 722.454590
2025-09-12 15:17:40,906 - INFO - Samples generated: ./experiments/sketch_64x64_2classes_20250912_145719/samples/samples_epoch_2450_classes_0-1.png
2025-09-12 15:17:42,972 - INFO - Epoch 2460, Loss: 758.699219
2025-09-12 15:17:44,998 - INFO - Epoch 2470, Loss: 622.597534
2025-09-12 15:17:49,721 - INFO - Samples generated: ./experiments/sketch_64x64_2classes_20250912_145719/samples/samples_epoch_2475_classes_0-1.png
2025-09-12 15:17:50,676 - INFO - Epoch 2480, Loss: 654.613403
2025-09-12 15:17:52,682 - INFO - Epoch 2490, Loss: 683.211548
2025-09-12 15:17:54,691 - INFO - Epoch 2500, Loss: 640.571167
2025-09-12 15:17:58,402 - INFO - Samples generated: ./experiments/sketch_64x64_2classes_20250912_145719/samples/samples_epoch_2500_classes_0-1.png
2025-09-12 15:18:02,405 - INFO - New best model saved (loss: 533.158569)
2025-09-12 15:18:03,439 - INFO - Epoch 2510, Loss: 665.351562
2025-09-12 15:18:05,449 - INFO - Epoch 2520, Loss: 690.447144
2025-09-12 15:18:10,149 - INFO - Samples generated: ./experiments/sketch_64x64_2classes_20250912_145719/samples/samples_epoch_2525_classes_0-1.png
2025-09-12 15:18:11,151 - INFO - Epoch 2530, Loss: 702.055298
2025-09-12 15:18:13,159 - INFO - Epoch 2540, Loss: 585.794434
2025-09-12 15:18:15,147 - INFO - Epoch 2550, Loss: 612.722412
2025-09-12 15:18:18,858 - INFO - Samples generated: ./experiments/sketch_64x64_2classes_20250912_145719/samples/samples_epoch_2550_classes_0-1.png
2025-09-12 15:18:20,842 - INFO - Epoch 2560, Loss: 674.075867
2025-09-12 15:18:22,878 - INFO - Epoch 2570, Loss: 651.533691
2025-09-12 15:18:27,608 - INFO - Samples generated: ./experiments/sketch_64x64_2classes_20250912_145719/samples/samples_epoch_2575_classes_0-1.png
2025-09-12 15:18:28,573 - INFO - Epoch 2580, Loss: 790.661682
2025-09-12 15:18:30,612 - INFO - Epoch 2590, Loss: 721.724731
2025-09-12 15:18:32,651 - INFO - Epoch 2600, Loss: 655.066528
2025-09-12 15:18:36,526 - INFO - Samples generated: ./experiments/sketch_64x64_2classes_20250912_145719/samples/samples_epoch_2600_classes_0-1.png
2025-09-12 15:18:38,493 - INFO - Epoch 2610, Loss: 712.402832
2025-09-12 15:18:40,501 - INFO - Epoch 2620, Loss: 673.985107
2025-09-12 15:18:45,227 - INFO - Samples generated: ./experiments/sketch_64x64_2classes_20250912_145719/samples/samples_epoch_2625_classes_0-1.png
2025-09-12 15:18:46,224 - INFO - Epoch 2630, Loss: 828.927856
2025-09-12 15:18:48,241 - INFO - Epoch 2640, Loss: 733.247070
2025-09-12 15:18:50,270 - INFO - Epoch 2650, Loss: 740.751221
2025-09-12 15:18:53,965 - INFO - Samples generated: ./experiments/sketch_64x64_2classes_20250912_145719/samples/samples_epoch_2650_classes_0-1.png
2025-09-12 15:18:55,951 - INFO - Epoch 2660, Loss: 807.282776
2025-09-12 15:18:57,956 - INFO - Epoch 2670, Loss: 738.097900
2025-09-12 15:19:02,679 - INFO - Samples generated: ./experiments/sketch_64x64_2classes_20250912_145719/samples/samples_epoch_2675_classes_0-1.png
2025-09-12 15:19:03,749 - INFO - Epoch 2680, Loss: 763.678467
2025-09-12 15:19:05,734 - INFO - Epoch 2690, Loss: 750.925903
2025-09-12 15:19:07,775 - INFO - Epoch 2700, Loss: 665.116577
2025-09-12 15:19:11,484 - INFO - Samples generated: ./experiments/sketch_64x64_2classes_20250912_145719/samples/samples_epoch_2700_classes_0-1.png
2025-09-12 15:19:13,512 - INFO - Epoch 2710, Loss: 701.790649
2025-09-12 15:19:15,559 - INFO - Epoch 2720, Loss: 660.554688
2025-09-12 15:19:20,281 - INFO - Samples generated: ./experiments/sketch_64x64_2classes_20250912_145719/samples/samples_epoch_2725_classes_0-1.png
2025-09-12 15:19:21,294 - INFO - Epoch 2730, Loss: 695.754272
2025-09-12 15:19:23,312 - INFO - Epoch 2740, Loss: 831.672302
2025-09-12 15:19:25,331 - INFO - Epoch 2750, Loss: 644.237305
2025-09-12 15:19:29,017 - INFO - Samples generated: ./experiments/sketch_64x64_2classes_20250912_145719/samples/samples_epoch_2750_classes_0-1.png
2025-09-12 15:19:31,015 - INFO - Epoch 2760, Loss: 732.654541
2025-09-12 15:19:33,018 - INFO - Epoch 2770, Loss: 614.008301
2025-09-12 15:19:37,884 - INFO - Samples generated: ./experiments/sketch_64x64_2classes_20250912_145719/samples/samples_epoch_2775_classes_0-1.png
2025-09-12 15:19:38,880 - INFO - Epoch 2780, Loss: 648.581238
2025-09-12 15:19:40,907 - INFO - Epoch 2790, Loss: 777.005737
2025-09-12 15:19:42,956 - INFO - Epoch 2800, Loss: 641.318970
2025-09-12 15:19:46,632 - INFO - Samples generated: ./experiments/sketch_64x64_2classes_20250912_145719/samples/samples_epoch_2800_classes_0-1.png
2025-09-12 15:19:48,628 - INFO - Epoch 2810, Loss: 686.812988
2025-09-12 15:19:50,624 - INFO - Epoch 2820, Loss: 738.620972
2025-09-12 15:19:55,329 - INFO - Samples generated: ./experiments/sketch_64x64_2classes_20250912_145719/samples/samples_epoch_2825_classes_0-1.png
2025-09-12 15:19:56,300 - INFO - Epoch 2830, Loss: 644.327393
2025-09-12 15:19:58,322 - INFO - Epoch 2840, Loss: 623.579285
2025-09-12 15:20:00,353 - INFO - Epoch 2850, Loss: 669.787842
2025-09-12 15:20:04,045 - INFO - Samples generated: ./experiments/sketch_64x64_2classes_20250912_145719/samples/samples_epoch_2850_classes_0-1.png
2025-09-12 15:20:06,010 - INFO - Epoch 2860, Loss: 717.488708
2025-09-12 15:20:08,027 - INFO - Epoch 2870, Loss: 642.815796
2025-09-12 15:20:12,725 - INFO - Samples generated: ./experiments/sketch_64x64_2classes_20250912_145719/samples/samples_epoch_2875_classes_0-1.png
2025-09-12 15:20:13,737 - INFO - Epoch 2880, Loss: 618.589355
2025-09-12 15:20:15,771 - INFO - Epoch 2890, Loss: 709.553345
2025-09-12 15:20:17,815 - INFO - Epoch 2900, Loss: 695.396545
2025-09-12 15:20:21,520 - INFO - Samples generated: ./experiments/sketch_64x64_2classes_20250912_145719/samples/samples_epoch_2900_classes_0-1.png
2025-09-12 15:20:23,609 - INFO - Epoch 2910, Loss: 717.679199
2025-09-12 15:20:25,610 - INFO - Epoch 2920, Loss: 736.672119
2025-09-12 15:20:30,319 - INFO - Samples generated: ./experiments/sketch_64x64_2classes_20250912_145719/samples/samples_epoch_2925_classes_0-1.png
2025-09-12 15:20:31,341 - INFO - Epoch 2930, Loss: 713.294800
2025-09-12 15:20:33,370 - INFO - Epoch 2940, Loss: 803.173096
2025-09-12 15:20:35,408 - INFO - Epoch 2950, Loss: 776.939148
2025-09-12 15:20:39,283 - INFO - Samples generated: ./experiments/sketch_64x64_2classes_20250912_145719/samples/samples_epoch_2950_classes_0-1.png
2025-09-12 15:20:41,280 - INFO - Epoch 2960, Loss: 645.226318
2025-09-12 15:20:43,314 - INFO - Epoch 2970, Loss: 534.077698
2025-09-12 15:20:48,018 - INFO - Samples generated: ./experiments/sketch_64x64_2classes_20250912_145719/samples/samples_epoch_2975_classes_0-1.png
2025-09-12 15:20:49,008 - INFO - Epoch 2980, Loss: 688.171326
2025-09-12 15:20:51,014 - INFO - Epoch 2990, Loss: 716.998108
2025-09-12 15:20:53,022 - INFO - Epoch 3000, Loss: 669.086182
2025-09-12 15:20:56,729 - INFO - Samples generated: ./experiments/sketch_64x64_2classes_20250912_145719/samples/samples_epoch_3000_classes_0-1.png
2025-09-12 15:20:58,739 - INFO - Epoch 3010, Loss: 759.449768
2025-09-12 15:21:00,772 - INFO - Epoch 3020, Loss: 742.476807
2025-09-12 15:21:05,505 - INFO - Samples generated: ./experiments/sketch_64x64_2classes_20250912_145719/samples/samples_epoch_3025_classes_0-1.png
2025-09-12 15:21:06,504 - INFO - Epoch 3030, Loss: 655.386353
2025-09-12 15:21:08,523 - INFO - Epoch 3040, Loss: 745.063049
2025-09-12 15:21:10,532 - INFO - Epoch 3050, Loss: 652.423828
2025-09-12 15:21:14,225 - INFO - Samples generated: ./experiments/sketch_64x64_2classes_20250912_145719/samples/samples_epoch_3050_classes_0-1.png
2025-09-12 15:21:16,231 - INFO - Epoch 3060, Loss: 739.305786
2025-09-12 15:21:18,230 - INFO - Epoch 3070, Loss: 617.281921
2025-09-12 15:21:22,955 - INFO - Samples generated: ./experiments/sketch_64x64_2classes_20250912_145719/samples/samples_epoch_3075_classes_0-1.png
2025-09-12 15:21:23,957 - INFO - Epoch 3080, Loss: 639.396851
2025-09-12 15:21:25,972 - INFO - Epoch 3090, Loss: 648.371704
2025-09-12 15:21:28,013 - INFO - Epoch 3100, Loss: 598.973083
2025-09-12 15:21:31,712 - INFO - Samples generated: ./experiments/sketch_64x64_2classes_20250912_145719/samples/samples_epoch_3100_classes_0-1.png
2025-09-12 15:21:33,699 - INFO - Epoch 3110, Loss: 609.122559
2025-09-12 15:21:35,742 - INFO - Epoch 3120, Loss: 728.683105
2025-09-12 15:21:40,440 - INFO - Samples generated: ./experiments/sketch_64x64_2classes_20250912_145719/samples/samples_epoch_3125_classes_0-1.png
2025-09-12 15:21:41,634 - INFO - Epoch 3130, Loss: 669.902039
2025-09-12 15:21:43,616 - INFO - Epoch 3140, Loss: 739.047791
2025-09-12 15:21:45,650 - INFO - Epoch 3150, Loss: 708.899231
2025-09-12 15:21:49,355 - INFO - Samples generated: ./experiments/sketch_64x64_2classes_20250912_145719/samples/samples_epoch_3150_classes_0-1.png
2025-09-12 15:21:51,349 - INFO - Epoch 3160, Loss: 681.503845
2025-09-12 15:21:53,360 - INFO - Epoch 3170, Loss: 761.652954
2025-09-12 15:21:58,037 - INFO - Samples generated: ./experiments/sketch_64x64_2classes_20250912_145719/samples/samples_epoch_3175_classes_0-1.png
2025-09-12 15:21:59,029 - INFO - Epoch 3180, Loss: 721.097351
2025-09-12 15:22:01,032 - INFO - Epoch 3190, Loss: 681.444641
2025-09-12 15:22:03,050 - INFO - Epoch 3200, Loss: 704.586487
2025-09-12 15:22:06,762 - INFO - Samples generated: ./experiments/sketch_64x64_2classes_20250912_145719/samples/samples_epoch_3200_classes_0-1.png
2025-09-12 15:22:10,980 - INFO - New best model saved (loss: 508.562195)
2025-09-12 15:22:11,610 - INFO - Epoch 3210, Loss: 565.223145
2025-09-12 15:22:13,629 - INFO - Epoch 3220, Loss: 650.219116
2025-09-12 15:22:18,357 - INFO - Samples generated: ./experiments/sketch_64x64_2classes_20250912_145719/samples/samples_epoch_3225_classes_0-1.png
2025-09-12 15:22:19,348 - INFO - Epoch 3230, Loss: 639.742554
2025-09-12 15:22:21,329 - INFO - Epoch 3240, Loss: 624.373535
2025-09-12 15:22:25,120 - INFO - New best model saved (loss: 506.285309)
2025-09-12 15:22:26,376 - INFO - Epoch 3250, Loss: 730.281738
2025-09-12 15:22:30,086 - INFO - Samples generated: ./experiments/sketch_64x64_2classes_20250912_145719/samples/samples_epoch_3250_classes_0-1.png
2025-09-12 15:22:32,073 - INFO - Epoch 3260, Loss: 575.406006
2025-09-12 15:22:34,053 - INFO - Epoch 3270, Loss: 610.677368
2025-09-12 15:22:38,898 - INFO - Samples generated: ./experiments/sketch_64x64_2classes_20250912_145719/samples/samples_epoch_3275_classes_0-1.png
2025-09-12 15:22:39,903 - INFO - Epoch 3280, Loss: 670.206909
2025-09-12 15:22:41,908 - INFO - Epoch 3290, Loss: 845.375305
2025-09-12 15:22:43,886 - INFO - Epoch 3300, Loss: 702.915283
2025-09-12 15:22:47,588 - INFO - Samples generated: ./experiments/sketch_64x64_2classes_20250912_145719/samples/samples_epoch_3300_classes_0-1.png
2025-09-12 15:22:49,579 - INFO - Epoch 3310, Loss: 580.130920
2025-09-12 15:22:51,599 - INFO - Epoch 3320, Loss: 608.852173
2025-09-12 15:22:56,299 - INFO - Samples generated: ./experiments/sketch_64x64_2classes_20250912_145719/samples/samples_epoch_3325_classes_0-1.png
2025-09-12 15:22:57,307 - INFO - Epoch 3330, Loss: 626.816406
2025-09-12 15:22:59,326 - INFO - Epoch 3340, Loss: 632.582153
2025-09-12 15:23:01,442 - INFO - Epoch 3350, Loss: 626.848083
2025-09-12 15:23:05,166 - INFO - Samples generated: ./experiments/sketch_64x64_2classes_20250912_145719/samples/samples_epoch_3350_classes_0-1.png
2025-09-12 15:23:07,157 - INFO - Epoch 3360, Loss: 628.465576
2025-09-12 15:23:09,192 - INFO - Epoch 3370, Loss: 761.344910
2025-09-12 15:23:13,921 - INFO - Samples generated: ./experiments/sketch_64x64_2classes_20250912_145719/samples/samples_epoch_3375_classes_0-1.png
2025-09-12 15:23:14,918 - INFO - Epoch 3380, Loss: 695.301392
2025-09-12 15:23:16,949 - INFO - Epoch 3390, Loss: 600.674561
2025-09-12 15:23:18,986 - INFO - Epoch 3400, Loss: 641.043457
2025-09-12 15:23:22,704 - INFO - Samples generated: ./experiments/sketch_64x64_2classes_20250912_145719/samples/samples_epoch_3400_classes_0-1.png
2025-09-12 15:23:24,685 - INFO - Epoch 3410, Loss: 679.515320
2025-09-12 15:23:26,682 - INFO - Epoch 3420, Loss: 753.989746
2025-09-12 15:23:31,393 - INFO - Samples generated: ./experiments/sketch_64x64_2classes_20250912_145719/samples/samples_epoch_3425_classes_0-1.png
2025-09-12 15:23:32,390 - INFO - Epoch 3430, Loss: 627.300049
2025-09-12 15:23:34,425 - INFO - Epoch 3440, Loss: 697.068237
2025-09-12 15:23:36,440 - INFO - Epoch 3450, Loss: 658.804688
2025-09-12 15:23:40,306 - INFO - Samples generated: ./experiments/sketch_64x64_2classes_20250912_145719/samples/samples_epoch_3450_classes_0-1.png
2025-09-12 15:23:42,289 - INFO - Epoch 3460, Loss: 625.306519
2025-09-12 15:23:44,281 - INFO - Epoch 3470, Loss: 587.801208
2025-09-12 15:23:48,984 - INFO - Samples generated: ./experiments/sketch_64x64_2classes_20250912_145719/samples/samples_epoch_3475_classes_0-1.png
2025-09-12 15:23:49,994 - INFO - Epoch 3480, Loss: 846.826538
2025-09-12 15:23:52,020 - INFO - Epoch 3490, Loss: 560.880066
2025-09-12 15:23:54,041 - INFO - Epoch 3500, Loss: 704.957825
2025-09-12 15:23:57,731 - INFO - Samples generated: ./experiments/sketch_64x64_2classes_20250912_145719/samples/samples_epoch_3500_classes_0-1.png
2025-09-12 15:23:59,696 - INFO - Epoch 3510, Loss: 627.134155
2025-09-12 15:24:01,700 - INFO - Epoch 3520, Loss: 753.964966
2025-09-12 15:24:06,408 - INFO - Samples generated: ./experiments/sketch_64x64_2classes_20250912_145719/samples/samples_epoch_3525_classes_0-1.png
2025-09-12 15:24:07,400 - INFO - Epoch 3530, Loss: 709.077942
2025-09-12 15:24:09,427 - INFO - Epoch 3540, Loss: 717.498169
2025-09-12 15:24:11,453 - INFO - Epoch 3550, Loss: 749.253845
2025-09-12 15:24:15,146 - INFO - Samples generated: ./experiments/sketch_64x64_2classes_20250912_145719/samples/samples_epoch_3550_classes_0-1.png
2025-09-12 15:24:17,149 - INFO - Epoch 3560, Loss: 682.936035
2025-09-12 15:24:19,173 - INFO - Epoch 3570, Loss: 707.498291
2025-09-12 15:24:23,996 - INFO - Samples generated: ./experiments/sketch_64x64_2classes_20250912_145719/samples/samples_epoch_3575_classes_0-1.png
2025-09-12 15:24:25,001 - INFO - Epoch 3580, Loss: 535.489014
2025-09-12 15:24:27,033 - INFO - Epoch 3590, Loss: 653.133972
2025-09-12 15:24:29,062 - INFO - Epoch 3600, Loss: 599.817627
2025-09-12 15:24:32,787 - INFO - Samples generated: ./experiments/sketch_64x64_2classes_20250912_145719/samples/samples_epoch_3600_classes_0-1.png
2025-09-12 15:24:34,800 - INFO - Epoch 3610, Loss: 681.964111
2025-09-12 15:24:36,830 - INFO - Epoch 3620, Loss: 533.771729
2025-09-12 15:24:41,552 - INFO - Samples generated: ./experiments/sketch_64x64_2classes_20250912_145719/samples/samples_epoch_3625_classes_0-1.png
2025-09-12 15:24:42,633 - INFO - Epoch 3630, Loss: 596.151184
2025-09-12 15:24:44,671 - INFO - Epoch 3640, Loss: 610.932129
2025-09-12 15:24:46,691 - INFO - Epoch 3650, Loss: 668.928833
2025-09-12 15:24:50,393 - INFO - Samples generated: ./experiments/sketch_64x64_2classes_20250912_145719/samples/samples_epoch_3650_classes_0-1.png
2025-09-12 15:24:52,398 - INFO - Epoch 3660, Loss: 533.454102
2025-09-12 15:24:54,430 - INFO - Epoch 3670, Loss: 660.086060
2025-09-12 15:24:59,134 - INFO - Samples generated: ./experiments/sketch_64x64_2classes_20250912_145719/samples/samples_epoch_3675_classes_0-1.png
2025-09-12 15:25:00,146 - INFO - Epoch 3680, Loss: 589.528320
2025-09-12 15:25:02,158 - INFO - Epoch 3690, Loss: 641.508484
2025-09-12 15:25:04,136 - INFO - Epoch 3700, Loss: 548.677490
2025-09-12 15:25:07,840 - INFO - Samples generated: ./experiments/sketch_64x64_2classes_20250912_145719/samples/samples_epoch_3700_classes_0-1.png
2025-09-12 15:25:09,828 - INFO - Epoch 3710, Loss: 612.636353
2025-09-12 15:25:11,852 - INFO - Epoch 3720, Loss: 684.696777
2025-09-12 15:25:16,588 - INFO - Samples generated: ./experiments/sketch_64x64_2classes_20250912_145719/samples/samples_epoch_3725_classes_0-1.png
2025-09-12 15:25:17,585 - INFO - Epoch 3730, Loss: 698.336182
2025-09-12 15:25:19,641 - INFO - Epoch 3740, Loss: 637.820007
2025-09-12 15:25:21,664 - INFO - Epoch 3750, Loss: 712.461914
2025-09-12 15:25:25,362 - INFO - Samples generated: ./experiments/sketch_64x64_2classes_20250912_145719/samples/samples_epoch_3750_classes_0-1.png
2025-09-12 15:25:27,371 - INFO - Epoch 3760, Loss: 646.529175
2025-09-12 15:25:29,377 - INFO - Epoch 3770, Loss: 756.286438
2025-09-12 15:25:34,081 - INFO - Samples generated: ./experiments/sketch_64x64_2classes_20250912_145719/samples/samples_epoch_3775_classes_0-1.png
2025-09-12 15:25:35,058 - INFO - Epoch 3780, Loss: 657.135864
2025-09-12 15:25:37,078 - INFO - Epoch 3790, Loss: 637.554077
2025-09-12 15:25:39,181 - INFO - Epoch 3800, Loss: 574.541992
2025-09-12 15:25:43,053 - INFO - Samples generated: ./experiments/sketch_64x64_2classes_20250912_145719/samples/samples_epoch_3800_classes_0-1.png
2025-09-12 15:25:45,066 - INFO - Epoch 3810, Loss: 665.210327
2025-09-12 15:25:47,096 - INFO - Epoch 3820, Loss: 821.379395
2025-09-12 15:25:51,802 - INFO - Samples generated: ./experiments/sketch_64x64_2classes_20250912_145719/samples/samples_epoch_3825_classes_0-1.png
2025-09-12 15:25:52,762 - INFO - Epoch 3830, Loss: 624.456909
2025-09-12 15:25:54,782 - INFO - Epoch 3840, Loss: 570.800415
2025-09-12 15:25:56,799 - INFO - Epoch 3850, Loss: 633.757446
2025-09-12 15:26:00,484 - INFO - Samples generated: ./experiments/sketch_64x64_2classes_20250912_145719/samples/samples_epoch_3850_classes_0-1.png
2025-09-12 15:26:02,477 - INFO - Epoch 3860, Loss: 668.073608
2025-09-12 15:26:04,511 - INFO - Epoch 3870, Loss: 654.674316
2025-09-12 15:26:09,229 - INFO - Samples generated: ./experiments/sketch_64x64_2classes_20250912_145719/samples/samples_epoch_3875_classes_0-1.png
2025-09-12 15:26:10,202 - INFO - Epoch 3880, Loss: 739.360046
2025-09-12 15:26:12,225 - INFO - Epoch 3890, Loss: 676.282227
2025-09-12 15:26:14,236 - INFO - Epoch 3900, Loss: 729.936646
2025-09-12 15:26:17,939 - INFO - Samples generated: ./experiments/sketch_64x64_2classes_20250912_145719/samples/samples_epoch_3900_classes_0-1.png
2025-09-12 15:26:22,004 - INFO - New best model saved (loss: 476.334473)
2025-09-12 15:26:22,809 - INFO - Epoch 3910, Loss: 669.385132
2025-09-12 15:26:24,805 - INFO - Epoch 3920, Loss: 697.813049
2025-09-12 15:26:29,489 - INFO - Samples generated: ./experiments/sketch_64x64_2classes_20250912_145719/samples/samples_epoch_3925_classes_0-1.png
2025-09-12 15:26:30,457 - INFO - Epoch 3930, Loss: 569.039307
2025-09-12 15:26:32,453 - INFO - Epoch 3940, Loss: 564.137451
2025-09-12 15:26:34,467 - INFO - Epoch 3950, Loss: 577.381592
2025-09-12 15:26:38,164 - INFO - Samples generated: ./experiments/sketch_64x64_2classes_20250912_145719/samples/samples_epoch_3950_classes_0-1.png
2025-09-12 15:26:40,163 - INFO - Epoch 3960, Loss: 592.667786
2025-09-12 15:26:42,202 - INFO - Epoch 3970, Loss: 661.260132
2025-09-12 15:26:46,967 - INFO - Samples generated: ./experiments/sketch_64x64_2classes_20250912_145719/samples/samples_epoch_3975_classes_0-1.png
2025-09-12 15:26:47,958 - INFO - Epoch 3980, Loss: 594.665710
2025-09-12 15:26:49,989 - INFO - Epoch 3990, Loss: 567.756226
2025-09-12 15:26:52,005 - INFO - Epoch 4000, Loss: 623.403442
2025-09-12 15:26:55,691 - INFO - Samples generated: ./experiments/sketch_64x64_2classes_20250912_145719/samples/samples_epoch_4000_classes_0-1.png
2025-09-12 15:26:57,696 - INFO - Epoch 4010, Loss: 535.033081
2025-09-12 15:26:59,819 - INFO - Epoch 4020, Loss: 644.530334
2025-09-12 15:27:04,544 - INFO - Samples generated: ./experiments/sketch_64x64_2classes_20250912_145719/samples/samples_epoch_4025_classes_0-1.png
2025-09-12 15:27:05,548 - INFO - Epoch 4030, Loss: 695.888184
2025-09-12 15:27:07,580 - INFO - Epoch 4040, Loss: 627.091797
2025-09-12 15:27:09,590 - INFO - Epoch 4050, Loss: 713.636780
2025-09-12 15:27:13,291 - INFO - Samples generated: ./experiments/sketch_64x64_2classes_20250912_145719/samples/samples_epoch_4050_classes_0-1.png
2025-09-12 15:27:15,293 - INFO - Epoch 4060, Loss: 588.534790
2025-09-12 15:27:17,290 - INFO - Epoch 4070, Loss: 599.312378
2025-09-12 15:27:22,012 - INFO - Samples generated: ./experiments/sketch_64x64_2classes_20250912_145719/samples/samples_epoch_4075_classes_0-1.png
2025-09-12 15:27:23,003 - INFO - Epoch 4080, Loss: 686.317383
2025-09-12 15:27:25,022 - INFO - Epoch 4090, Loss: 616.709595
2025-09-12 15:27:27,051 - INFO - Epoch 4100, Loss: 519.056885
2025-09-12 15:27:30,776 - INFO - Samples generated: ./experiments/sketch_64x64_2classes_20250912_145719/samples/samples_epoch_4100_classes_0-1.png
2025-09-12 15:27:32,794 - INFO - Epoch 4110, Loss: 574.536743
2025-09-12 15:27:34,805 - INFO - Epoch 4120, Loss: 586.195923
2025-09-12 15:27:39,533 - INFO - Samples generated: ./experiments/sketch_64x64_2classes_20250912_145719/samples/samples_epoch_4125_classes_0-1.png
2025-09-12 15:27:40,599 - INFO - Epoch 4130, Loss: 718.680908
2025-09-12 15:27:43,710 - INFO - New best model saved (loss: 469.123871)
2025-09-12 15:27:45,511 - INFO - Epoch 4140, Loss: 529.129883
2025-09-12 15:27:47,525 - INFO - Epoch 4150, Loss: 795.878540
2025-09-12 15:27:51,227 - INFO - Samples generated: ./experiments/sketch_64x64_2classes_20250912_145719/samples/samples_epoch_4150_classes_0-1.png
2025-09-12 15:27:53,224 - INFO - Epoch 4160, Loss: 605.416199
2025-09-12 15:27:55,249 - INFO - Epoch 4170, Loss: 806.359253
2025-09-12 15:27:59,972 - INFO - Samples generated: ./experiments/sketch_64x64_2classes_20250912_145719/samples/samples_epoch_4175_classes_0-1.png
2025-09-12 15:28:00,962 - INFO - Epoch 4180, Loss: 580.090576
2025-09-12 15:28:02,951 - INFO - Epoch 4190, Loss: 729.003418
2025-09-12 15:28:04,963 - INFO - Epoch 4200, Loss: 556.924255
2025-09-12 15:28:08,665 - INFO - Samples generated: ./experiments/sketch_64x64_2classes_20250912_145719/samples/samples_epoch_4200_classes_0-1.png
2025-09-12 15:28:10,675 - INFO - Epoch 4210, Loss: 570.986023
2025-09-12 15:28:12,707 - INFO - Epoch 4220, Loss: 619.012634
2025-09-12 15:28:17,422 - INFO - Samples generated: ./experiments/sketch_64x64_2classes_20250912_145719/samples/samples_epoch_4225_classes_0-1.png
2025-09-12 15:28:18,395 - INFO - Epoch 4230, Loss: 608.519531
2025-09-12 15:28:20,418 - INFO - Epoch 4240, Loss: 568.669556
2025-09-12 15:28:22,539 - INFO - Epoch 4250, Loss: 576.002686
2025-09-12 15:28:26,245 - INFO - Samples generated: ./experiments/sketch_64x64_2classes_20250912_145719/samples/samples_epoch_4250_classes_0-1.png
2025-09-12 15:28:28,259 - INFO - Epoch 4260, Loss: 647.018188
2025-09-12 15:28:30,282 - INFO - Epoch 4270, Loss: 602.365295
2025-09-12 15:28:34,996 - INFO - Samples generated: ./experiments/sketch_64x64_2classes_20250912_145719/samples/samples_epoch_4275_classes_0-1.png
2025-09-12 15:28:35,998 - INFO - Epoch 4280, Loss: 789.419678
2025-09-12 15:28:38,102 - INFO - Epoch 4290, Loss: 615.860229
2025-09-12 15:28:40,126 - INFO - Epoch 4300, Loss: 740.042358
2025-09-12 15:28:43,837 - INFO - Samples generated: ./experiments/sketch_64x64_2classes_20250912_145719/samples/samples_epoch_4300_classes_0-1.png
2025-09-12 15:28:45,827 - INFO - Epoch 4310, Loss: 521.109497
2025-09-12 15:28:47,833 - INFO - Epoch 4320, Loss: 551.556641
2025-09-12 15:28:52,555 - INFO - Samples generated: ./experiments/sketch_64x64_2classes_20250912_145719/samples/samples_epoch_4325_classes_0-1.png
2025-09-12 15:28:53,543 - INFO - Epoch 4330, Loss: 667.530273
2025-09-12 15:28:55,553 - INFO - Epoch 4340, Loss: 703.393555
2025-09-12 15:28:57,595 - INFO - Epoch 4350, Loss: 703.357666
2025-09-12 15:29:01,307 - INFO - Samples generated: ./experiments/sketch_64x64_2classes_20250912_145719/samples/samples_epoch_4350_classes_0-1.png
2025-09-12 15:29:03,313 - INFO - Epoch 4360, Loss: 640.347168
2025-09-12 15:29:05,347 - INFO - Epoch 4370, Loss: 623.433350
2025-09-12 15:29:10,097 - INFO - Samples generated: ./experiments/sketch_64x64_2classes_20250912_145719/samples/samples_epoch_4375_classes_0-1.png
2025-09-12 15:29:11,085 - INFO - Epoch 4380, Loss: 590.819946
2025-09-12 15:29:13,131 - INFO - Epoch 4390, Loss: 619.930420
2025-09-12 15:29:15,159 - INFO - Epoch 4400, Loss: 582.383423
2025-09-12 15:29:18,855 - INFO - Samples generated: ./experiments/sketch_64x64_2classes_20250912_145719/samples/samples_epoch_4400_classes_0-1.png
2025-09-12 15:29:20,842 - INFO - Epoch 4410, Loss: 677.480774
2025-09-12 15:29:22,860 - INFO - Epoch 4420, Loss: 739.308472
2025-09-12 15:29:27,574 - INFO - Samples generated: ./experiments/sketch_64x64_2classes_20250912_145719/samples/samples_epoch_4425_classes_0-1.png
2025-09-12 15:29:28,567 - INFO - Epoch 4430, Loss: 665.428040
2025-09-12 15:29:30,580 - INFO - Epoch 4440, Loss: 650.036682
2025-09-12 15:29:32,614 - INFO - Epoch 4450, Loss: 736.477539
2025-09-12 15:29:36,331 - INFO - Samples generated: ./experiments/sketch_64x64_2classes_20250912_145719/samples/samples_epoch_4450_classes_0-1.png
2025-09-12 15:29:38,397 - INFO - Epoch 4460, Loss: 731.851196
2025-09-12 15:29:40,485 - INFO - Epoch 4470, Loss: 558.320862
2025-09-12 15:29:45,195 - INFO - Samples generated: ./experiments/sketch_64x64_2classes_20250912_145719/samples/samples_epoch_4475_classes_0-1.png
2025-09-12 15:29:46,186 - INFO - Epoch 4480, Loss: 623.127075
2025-09-12 15:29:48,202 - INFO - Epoch 4490, Loss: 606.779358
2025-09-12 15:29:50,234 - INFO - Epoch 4500, Loss: 650.886658
2025-09-12 15:29:53,933 - INFO - Samples generated: ./experiments/sketch_64x64_2classes_20250912_145719/samples/samples_epoch_4500_classes_0-1.png
2025-09-12 15:29:55,953 - INFO - Epoch 4510, Loss: 582.873901
2025-09-12 15:29:57,982 - INFO - Epoch 4520, Loss: 694.421814
2025-09-12 15:30:02,699 - INFO - Samples generated: ./experiments/sketch_64x64_2classes_20250912_145719/samples/samples_epoch_4525_classes_0-1.png
2025-09-12 15:30:03,664 - INFO - Epoch 4530, Loss: 774.754028
2025-09-12 15:30:05,697 - INFO - Epoch 4540, Loss: 624.937012
2025-09-12 15:30:07,728 - INFO - Epoch 4550, Loss: 633.489258
2025-09-12 15:30:11,423 - INFO - Samples generated: ./experiments/sketch_64x64_2classes_20250912_145719/samples/samples_epoch_4550_classes_0-1.png
2025-09-12 15:30:13,414 - INFO - Epoch 4560, Loss: 502.277588
2025-09-12 15:30:15,424 - INFO - Epoch 4570, Loss: 544.413147
2025-09-12 15:30:20,127 - INFO - Samples generated: ./experiments/sketch_64x64_2classes_20250912_145719/samples/samples_epoch_4575_classes_0-1.png
2025-09-12 15:30:21,119 - INFO - Epoch 4580, Loss: 535.319519
2025-09-12 15:30:23,150 - INFO - Epoch 4590, Loss: 539.363586
2025-09-12 15:30:25,177 - INFO - Epoch 4600, Loss: 668.896240
2025-09-12 15:30:28,872 - INFO - Samples generated: ./experiments/sketch_64x64_2classes_20250912_145719/samples/samples_epoch_4600_classes_0-1.png
2025-09-12 15:30:30,884 - INFO - Epoch 4610, Loss: 636.009399
2025-09-12 15:30:32,896 - INFO - Epoch 4620, Loss: 634.649414
2025-09-12 15:30:37,612 - INFO - Samples generated: ./experiments/sketch_64x64_2classes_20250912_145719/samples/samples_epoch_4625_classes_0-1.png
2025-09-12 15:30:38,604 - INFO - Epoch 4630, Loss: 658.252075
2025-09-12 15:30:40,706 - INFO - Epoch 4640, Loss: 587.940918
2025-09-12 15:30:42,706 - INFO - Epoch 4650, Loss: 660.666382
2025-09-12 15:30:46,392 - INFO - Samples generated: ./experiments/sketch_64x64_2classes_20250912_145719/samples/samples_epoch_4650_classes_0-1.png
2025-09-12 15:30:48,384 - INFO - Epoch 4660, Loss: 590.635010
2025-09-12 15:30:50,413 - INFO - Epoch 4670, Loss: 794.945679
2025-09-12 15:30:55,132 - INFO - Samples generated: ./experiments/sketch_64x64_2classes_20250912_145719/samples/samples_epoch_4675_classes_0-1.png
2025-09-12 15:30:56,119 - INFO - Epoch 4680, Loss: 660.448486
2025-09-12 15:30:58,244 - INFO - Epoch 4690, Loss: 592.483337
2025-09-12 15:31:00,256 - INFO - Epoch 4700, Loss: 576.360107
2025-09-12 15:31:03,971 - INFO - Samples generated: ./experiments/sketch_64x64_2classes_20250912_145719/samples/samples_epoch_4700_classes_0-1.png
2025-09-12 15:31:05,995 - INFO - Epoch 4710, Loss: 663.903625
2025-09-12 15:31:08,017 - INFO - Epoch 4720, Loss: 755.115112
2025-09-12 15:31:12,753 - INFO - Samples generated: ./experiments/sketch_64x64_2classes_20250912_145719/samples/samples_epoch_4725_classes_0-1.png
2025-09-12 15:31:13,748 - INFO - Epoch 4730, Loss: 604.224915
2025-09-12 15:31:15,791 - INFO - Epoch 4740, Loss: 658.976074
2025-09-12 15:31:17,824 - INFO - Epoch 4750, Loss: 651.226624
2025-09-12 15:31:21,525 - INFO - Samples generated: ./experiments/sketch_64x64_2classes_20250912_145719/samples/samples_epoch_4750_classes_0-1.png
2025-09-12 15:31:23,510 - INFO - Epoch 4760, Loss: 687.235840
2025-09-12 15:31:25,515 - INFO - Epoch 4770, Loss: 506.335419
2025-09-12 15:31:30,216 - INFO - Samples generated: ./experiments/sketch_64x64_2classes_20250912_145719/samples/samples_epoch_4775_classes_0-1.png
2025-09-12 15:31:31,209 - INFO - Epoch 4780, Loss: 623.122803
2025-09-12 15:31:33,231 - INFO - Epoch 4790, Loss: 737.281982
2025-09-12 15:31:35,256 - INFO - Epoch 4800, Loss: 669.481934
2025-09-12 15:31:39,110 - INFO - Samples generated: ./experiments/sketch_64x64_2classes_20250912_145719/samples/samples_epoch_4800_classes_0-1.png
2025-09-12 15:31:41,082 - INFO - Epoch 4810, Loss: 631.753479
2025-09-12 15:31:43,085 - INFO - Epoch 4820, Loss: 521.190979
2025-09-12 15:31:47,780 - INFO - Samples generated: ./experiments/sketch_64x64_2classes_20250912_145719/samples/samples_epoch_4825_classes_0-1.png
2025-09-12 15:31:48,779 - INFO - Epoch 4830, Loss: 615.459106
2025-09-12 15:31:50,807 - INFO - Epoch 4840, Loss: 641.707947
2025-09-12 15:31:52,831 - INFO - Epoch 4850, Loss: 619.681396
2025-09-12 15:31:56,524 - INFO - Samples generated: ./experiments/sketch_64x64_2classes_20250912_145719/samples/samples_epoch_4850_classes_0-1.png
2025-09-12 15:31:58,509 - INFO - Epoch 4860, Loss: 576.233398
2025-09-12 15:32:00,485 - INFO - Epoch 4870, Loss: 559.985779
2025-09-12 15:32:05,194 - INFO - Samples generated: ./experiments/sketch_64x64_2classes_20250912_145719/samples/samples_epoch_4875_classes_0-1.png
2025-09-12 15:32:06,193 - INFO - Epoch 4880, Loss: 646.933716
2025-09-12 15:32:08,219 - INFO - Epoch 4890, Loss: 572.597351
2025-09-12 15:32:10,263 - INFO - Epoch 4900, Loss: 580.068298
2025-09-12 15:32:13,952 - INFO - Samples generated: ./experiments/sketch_64x64_2classes_20250912_145719/samples/samples_epoch_4900_classes_0-1.png
2025-09-12 15:32:15,944 - INFO - Epoch 4910, Loss: 556.864136
2025-09-12 15:32:18,056 - INFO - Epoch 4920, Loss: 739.094360
2025-09-12 15:32:22,796 - INFO - Samples generated: ./experiments/sketch_64x64_2classes_20250912_145719/samples/samples_epoch_4925_classes_0-1.png
2025-09-12 15:32:23,791 - INFO - Epoch 4930, Loss: 636.702271
2025-09-12 15:32:25,819 - INFO - Epoch 4940, Loss: 698.787109
2025-09-12 15:32:27,866 - INFO - Epoch 4950, Loss: 556.407593
2025-09-12 15:32:31,572 - INFO - Samples generated: ./experiments/sketch_64x64_2classes_20250912_145719/samples/samples_epoch_4950_classes_0-1.png
2025-09-12 15:32:33,560 - INFO - Epoch 4960, Loss: 605.929077
2025-09-12 15:32:35,545 - INFO - Epoch 4970, Loss: 679.393555
2025-09-12 15:32:40,229 - INFO - Samples generated: ./experiments/sketch_64x64_2classes_20250912_145719/samples/samples_epoch_4975_classes_0-1.png
2025-09-12 15:32:41,321 - INFO - Epoch 4980, Loss: 554.714539
2025-09-12 15:32:43,329 - INFO - Epoch 4990, Loss: 648.947998
2025-09-12 15:32:45,334 - INFO - Epoch 5000, Loss: 563.622314
2025-09-12 15:32:49,023 - INFO - Samples generated: ./experiments/sketch_64x64_2classes_20250912_145719/samples/samples_epoch_5000_classes_0-1.png
2025-09-12 15:32:51,039 - INFO - Epoch 5010, Loss: 545.279297
2025-09-12 15:32:53,056 - INFO - Epoch 5020, Loss: 606.664185
2025-09-12 15:32:57,773 - INFO - Samples generated: ./experiments/sketch_64x64_2classes_20250912_145719/samples/samples_epoch_5025_classes_0-1.png
2025-09-12 15:32:58,749 - INFO - Epoch 5030, Loss: 614.043335
2025-09-12 15:33:00,757 - INFO - Epoch 5040, Loss: 558.834900
2025-09-12 15:33:02,754 - INFO - Epoch 5050, Loss: 592.470093
2025-09-12 15:33:06,445 - INFO - Samples generated: ./experiments/sketch_64x64_2classes_20250912_145719/samples/samples_epoch_5050_classes_0-1.png
2025-09-12 15:33:08,469 - INFO - Epoch 5060, Loss: 556.569336
2025-09-12 15:33:10,494 - INFO - Epoch 5070, Loss: 630.743774
2025-09-12 15:33:15,230 - INFO - Samples generated: ./experiments/sketch_64x64_2classes_20250912_145719/samples/samples_epoch_5075_classes_0-1.png
2025-09-12 15:33:16,219 - INFO - Epoch 5080, Loss: 650.990417
2025-09-12 15:33:18,259 - INFO - Epoch 5090, Loss: 689.169800
2025-09-12 15:33:20,286 - INFO - Epoch 5100, Loss: 552.215332
2025-09-12 15:33:23,979 - INFO - Samples generated: ./experiments/sketch_64x64_2classes_20250912_145719/samples/samples_epoch_5100_classes_0-1.png
2025-09-12 15:33:25,973 - INFO - Epoch 5110, Loss: 530.274841
2025-09-12 15:33:27,958 - INFO - Epoch 5120, Loss: 638.998169
2025-09-12 15:33:32,680 - INFO - Samples generated: ./experiments/sketch_64x64_2classes_20250912_145719/samples/samples_epoch_5125_classes_0-1.png
2025-09-12 15:33:33,664 - INFO - Epoch 5130, Loss: 673.987671
2025-09-12 15:33:35,809 - INFO - Epoch 5140, Loss: 653.425537
2025-09-12 15:33:37,807 - INFO - Epoch 5150, Loss: 718.958252
2025-09-12 15:33:41,666 - INFO - Samples generated: ./experiments/sketch_64x64_2classes_20250912_145719/samples/samples_epoch_5150_classes_0-1.png
2025-09-12 15:33:43,674 - INFO - Epoch 5160, Loss: 571.442627
2025-09-12 15:33:45,709 - INFO - Epoch 5170, Loss: 558.074951
2025-09-12 15:33:50,409 - INFO - Samples generated: ./experiments/sketch_64x64_2classes_20250912_145719/samples/samples_epoch_5175_classes_0-1.png
2025-09-12 15:33:51,387 - INFO - Epoch 5180, Loss: 771.040771
2025-09-12 15:33:53,400 - INFO - Epoch 5190, Loss: 640.471924
2025-09-12 15:33:55,409 - INFO - Epoch 5200, Loss: 544.338745
2025-09-12 15:33:59,105 - INFO - Samples generated: ./experiments/sketch_64x64_2classes_20250912_145719/samples/samples_epoch_5200_classes_0-1.png
2025-09-12 15:34:01,116 - INFO - Epoch 5210, Loss: 592.047241
2025-09-12 15:34:03,155 - INFO - Epoch 5220, Loss: 629.770996
2025-09-12 15:34:07,873 - INFO - Samples generated: ./experiments/sketch_64x64_2classes_20250912_145719/samples/samples_epoch_5225_classes_0-1.png
2025-09-12 15:34:08,863 - INFO - Epoch 5230, Loss: 707.124878
2025-09-12 15:34:10,897 - INFO - Epoch 5240, Loss: 649.961975
2025-09-12 15:34:12,938 - INFO - Epoch 5250, Loss: 666.489014
2025-09-12 15:34:16,638 - INFO - Samples generated: ./experiments/sketch_64x64_2classes_20250912_145719/samples/samples_epoch_5250_classes_0-1.png
2025-09-12 15:34:18,630 - INFO - Epoch 5260, Loss: 640.171753
2025-09-12 15:34:20,673 - INFO - Epoch 5270, Loss: 572.108398
2025-09-12 15:34:25,395 - INFO - Samples generated: ./experiments/sketch_64x64_2classes_20250912_145719/samples/samples_epoch_5275_classes_0-1.png
2025-09-12 15:34:26,396 - INFO - Epoch 5280, Loss: 582.545776
2025-09-12 15:34:28,404 - INFO - Epoch 5290, Loss: 615.957275
2025-09-12 15:34:30,400 - INFO - Epoch 5300, Loss: 545.885620
2025-09-12 15:34:34,103 - INFO - Samples generated: ./experiments/sketch_64x64_2classes_20250912_145719/samples/samples_epoch_5300_classes_0-1.png
2025-09-12 15:34:36,120 - INFO - Epoch 5310, Loss: 614.822266
2025-09-12 15:34:38,141 - INFO - Epoch 5320, Loss: 553.692261
2025-09-12 15:34:42,870 - INFO - Samples generated: ./experiments/sketch_64x64_2classes_20250912_145719/samples/samples_epoch_5325_classes_0-1.png
2025-09-12 15:34:43,916 - INFO - Epoch 5330, Loss: 606.028809
2025-09-12 15:34:45,954 - INFO - Epoch 5340, Loss: 628.585449
2025-09-12 15:34:47,980 - INFO - Epoch 5350, Loss: 616.720581
2025-09-12 15:34:51,672 - INFO - Samples generated: ./experiments/sketch_64x64_2classes_20250912_145719/samples/samples_epoch_5350_classes_0-1.png
2025-09-12 15:34:53,690 - INFO - Epoch 5360, Loss: 773.549316
2025-09-12 15:34:55,798 - INFO - Epoch 5370, Loss: 552.203369
2025-09-12 15:35:00,534 - INFO - Samples generated: ./experiments/sketch_64x64_2classes_20250912_145719/samples/samples_epoch_5375_classes_0-1.png
2025-09-12 15:35:01,534 - INFO - Epoch 5380, Loss: 512.101074
2025-09-12 15:35:03,546 - INFO - Epoch 5390, Loss: 622.706543
2025-09-12 15:35:05,589 - INFO - Epoch 5400, Loss: 512.874512
2025-09-12 15:35:09,295 - INFO - Samples generated: ./experiments/sketch_64x64_2classes_20250912_145719/samples/samples_epoch_5400_classes_0-1.png
2025-09-12 15:35:11,310 - INFO - Epoch 5410, Loss: 546.901184
2025-09-12 15:35:13,341 - INFO - Epoch 5420, Loss: 596.026978
2025-09-12 15:35:18,074 - INFO - Samples generated: ./experiments/sketch_64x64_2classes_20250912_145719/samples/samples_epoch_5425_classes_0-1.png
2025-09-12 15:35:19,063 - INFO - Epoch 5430, Loss: 559.023743
2025-09-12 15:35:21,093 - INFO - Epoch 5440, Loss: 567.318237
2025-09-12 15:35:23,095 - INFO - Epoch 5450, Loss: 608.579590
2025-09-12 15:35:26,801 - INFO - Samples generated: ./experiments/sketch_64x64_2classes_20250912_145719/samples/samples_epoch_5450_classes_0-1.png
2025-09-12 15:35:28,771 - INFO - Epoch 5460, Loss: 595.800537
2025-09-12 15:35:30,800 - INFO - Epoch 5470, Loss: 605.449158
2025-09-12 15:35:35,530 - INFO - Samples generated: ./experiments/sketch_64x64_2classes_20250912_145719/samples/samples_epoch_5475_classes_0-1.png
2025-09-12 15:35:36,535 - INFO - Epoch 5480, Loss: 680.966064
2025-09-12 15:35:38,554 - INFO - Epoch 5490, Loss: 578.713928
2025-09-12 15:35:40,570 - INFO - Epoch 5500, Loss: 639.906372
2025-09-12 15:35:44,279 - INFO - Samples generated: ./experiments/sketch_64x64_2classes_20250912_145719/samples/samples_epoch_5500_classes_0-1.png
2025-09-12 15:35:48,522 - INFO - New best model saved (loss: 431.906006)
2025-09-12 15:35:49,346 - INFO - Epoch 5510, Loss: 636.275208
2025-09-12 15:35:51,313 - INFO - Epoch 5520, Loss: 699.251465
2025-09-12 15:35:56,004 - INFO - Samples generated: ./experiments/sketch_64x64_2classes_20250912_145719/samples/samples_epoch_5525_classes_0-1.png
2025-09-12 15:35:56,997 - INFO - Epoch 5530, Loss: 664.908203
2025-09-12 15:35:59,018 - INFO - Epoch 5540, Loss: 703.141174
2025-09-12 15:36:01,050 - INFO - Epoch 5550, Loss: 504.974548
2025-09-12 15:36:04,750 - INFO - Samples generated: ./experiments/sketch_64x64_2classes_20250912_145719/samples/samples_epoch_5550_classes_0-1.png
2025-09-12 15:36:06,738 - INFO - Epoch 5560, Loss: 606.043762
2025-09-12 15:36:08,722 - INFO - Epoch 5570, Loss: 605.501099
2025-09-12 15:36:13,431 - INFO - Samples generated: ./experiments/sketch_64x64_2classes_20250912_145719/samples/samples_epoch_5575_classes_0-1.png
2025-09-12 15:36:14,439 - INFO - Epoch 5580, Loss: 607.669922
2025-09-12 15:36:16,540 - INFO - Epoch 5590, Loss: 679.202026
2025-09-12 15:36:18,535 - INFO - Epoch 5600, Loss: 695.957275
2025-09-12 15:36:22,257 - INFO - Samples generated: ./experiments/sketch_64x64_2classes_20250912_145719/samples/samples_epoch_5600_classes_0-1.png
2025-09-12 15:36:24,267 - INFO - Epoch 5610, Loss: 601.805298
2025-09-12 15:36:26,294 - INFO - Epoch 5620, Loss: 543.442139
2025-09-12 15:36:30,990 - INFO - Samples generated: ./experiments/sketch_64x64_2classes_20250912_145719/samples/samples_epoch_5625_classes_0-1.png
2025-09-12 15:36:31,989 - INFO - Epoch 5630, Loss: 656.491943
2025-09-12 15:36:34,027 - INFO - Epoch 5640, Loss: 560.579285
2025-09-12 15:36:36,076 - INFO - Epoch 5650, Loss: 684.940613
2025-09-12 15:36:39,779 - INFO - Samples generated: ./experiments/sketch_64x64_2classes_20250912_145719/samples/samples_epoch_5650_classes_0-1.png
2025-09-12 15:36:41,752 - INFO - Epoch 5660, Loss: 644.562134
2025-09-12 15:36:43,747 - INFO - Epoch 5670, Loss: 559.266846
2025-09-12 15:36:48,600 - INFO - Samples generated: ./experiments/sketch_64x64_2classes_20250912_145719/samples/samples_epoch_5675_classes_0-1.png
2025-09-12 15:36:49,564 - INFO - Epoch 5680, Loss: 606.173889
2025-09-12 15:36:51,589 - INFO - Epoch 5690, Loss: 528.968750
2025-09-12 15:36:53,559 - INFO - Epoch 5700, Loss: 605.421509
2025-09-12 15:36:57,238 - INFO - Samples generated: ./experiments/sketch_64x64_2classes_20250912_145719/samples/samples_epoch_5700_classes_0-1.png
2025-09-12 15:36:59,258 - INFO - Epoch 5710, Loss: 630.238281
2025-09-12 15:37:01,289 - INFO - Epoch 5720, Loss: 589.269043
2025-09-12 15:37:05,985 - INFO - Samples generated: ./experiments/sketch_64x64_2classes_20250912_145719/samples/samples_epoch_5725_classes_0-1.png
2025-09-12 15:37:06,953 - INFO - Epoch 5730, Loss: 692.313049
2025-09-12 15:37:08,959 - INFO - Epoch 5740, Loss: 593.133545
2025-09-12 15:37:10,966 - INFO - Epoch 5750, Loss: 583.898376
2025-09-12 15:37:14,649 - INFO - Samples generated: ./experiments/sketch_64x64_2classes_20250912_145719/samples/samples_epoch_5750_classes_0-1.png
2025-09-12 15:37:16,654 - INFO - Epoch 5760, Loss: 632.144775
2025-09-12 15:37:18,690 - INFO - Epoch 5770, Loss: 577.267212
2025-09-12 15:37:23,393 - INFO - Samples generated: ./experiments/sketch_64x64_2classes_20250912_145719/samples/samples_epoch_5775_classes_0-1.png
2025-09-12 15:37:24,377 - INFO - Epoch 5780, Loss: 631.394409
2025-09-12 15:37:26,397 - INFO - Epoch 5790, Loss: 695.149597
2025-09-12 15:37:28,378 - INFO - Epoch 5800, Loss: 580.007690
2025-09-12 15:37:32,054 - INFO - Samples generated: ./experiments/sketch_64x64_2classes_20250912_145719/samples/samples_epoch_5800_classes_0-1.png
2025-09-12 15:37:34,197 - INFO - Epoch 5810, Loss: 496.980988
2025-09-12 15:37:36,202 - INFO - Epoch 5820, Loss: 599.903320
2025-09-12 15:37:40,973 - INFO - Samples generated: ./experiments/sketch_64x64_2classes_20250912_145719/samples/samples_epoch_5825_classes_0-1.png
2025-09-12 15:37:41,982 - INFO - Epoch 5830, Loss: 594.243286
2025-09-12 15:37:43,977 - INFO - Epoch 5840, Loss: 679.512451
2025-09-12 15:37:45,984 - INFO - Epoch 5850, Loss: 519.080322
2025-09-12 15:37:49,872 - INFO - Samples generated: ./experiments/sketch_64x64_2classes_20250912_145719/samples/samples_epoch_5850_classes_0-1.png
2025-09-12 15:37:51,887 - INFO - Epoch 5860, Loss: 586.576172
2025-09-12 15:37:53,928 - INFO - Epoch 5870, Loss: 659.199219
2025-09-12 15:37:58,638 - INFO - Samples generated: ./experiments/sketch_64x64_2classes_20250912_145719/samples/samples_epoch_5875_classes_0-1.png
2025-09-12 15:37:59,615 - INFO - Epoch 5880, Loss: 609.400269
2025-09-12 15:38:01,641 - INFO - Epoch 5890, Loss: 655.050903
2025-09-12 15:38:03,645 - INFO - Epoch 5900, Loss: 581.032654
2025-09-12 15:38:07,319 - INFO - Samples generated: ./experiments/sketch_64x64_2classes_20250912_145719/samples/samples_epoch_5900_classes_0-1.png
2025-09-12 15:38:09,307 - INFO - Epoch 5910, Loss: 621.360596
2025-09-12 15:38:11,328 - INFO - Epoch 5920, Loss: 526.221130
2025-09-12 15:38:16,050 - INFO - Samples generated: ./experiments/sketch_64x64_2classes_20250912_145719/samples/samples_epoch_5925_classes_0-1.png
2025-09-12 15:38:17,067 - INFO - Epoch 5930, Loss: 569.095764
2025-09-12 15:38:19,103 - INFO - Epoch 5940, Loss: 628.713257
2025-09-12 15:38:21,127 - INFO - Epoch 5950, Loss: 648.403992
2025-09-12 15:38:24,822 - INFO - Samples generated: ./experiments/sketch_64x64_2classes_20250912_145719/samples/samples_epoch_5950_classes_0-1.png
2025-09-12 15:38:26,849 - INFO - Epoch 5960, Loss: 688.814270
2025-09-12 15:38:28,886 - INFO - Epoch 5970, Loss: 510.825317
2025-09-12 15:38:33,597 - INFO - Samples generated: ./experiments/sketch_64x64_2classes_20250912_145719/samples/samples_epoch_5975_classes_0-1.png
2025-09-12 15:38:34,597 - INFO - Epoch 5980, Loss: 616.876709
2025-09-12 15:38:36,592 - INFO - Epoch 5990, Loss: 559.627075
2025-09-12 15:38:38,608 - INFO - Epoch 6000, Loss: 523.228394
2025-09-12 15:38:42,325 - INFO - Samples generated: ./experiments/sketch_64x64_2classes_20250912_145719/samples/samples_epoch_6000_classes_0-1.png
2025-09-12 15:38:44,317 - INFO - Epoch 6010, Loss: 635.928833
2025-09-12 15:38:46,349 - INFO - Epoch 6020, Loss: 630.241028
2025-09-12 15:38:51,058 - INFO - Samples generated: ./experiments/sketch_64x64_2classes_20250912_145719/samples/samples_epoch_6025_classes_0-1.png
2025-09-12 15:38:52,112 - INFO - Epoch 6030, Loss: 542.459412
2025-09-12 15:38:54,193 - INFO - Epoch 6040, Loss: 591.613525
2025-09-12 15:38:56,217 - INFO - Epoch 6050, Loss: 561.540771
2025-09-12 15:38:59,925 - INFO - Samples generated: ./experiments/sketch_64x64_2classes_20250912_145719/samples/samples_epoch_6050_classes_0-1.png
2025-09-12 15:39:01,951 - INFO - Epoch 6060, Loss: 623.858032
2025-09-12 15:39:03,967 - INFO - Epoch 6070, Loss: 579.527588
2025-09-12 15:39:08,677 - INFO - Samples generated: ./experiments/sketch_64x64_2classes_20250912_145719/samples/samples_epoch_6075_classes_0-1.png
2025-09-12 15:39:09,647 - INFO - Epoch 6080, Loss: 548.514404
2025-09-12 15:39:11,658 - INFO - Epoch 6090, Loss: 573.662659
2025-09-12 15:39:13,665 - INFO - Epoch 6100, Loss: 707.503418
2025-09-12 15:39:17,390 - INFO - Samples generated: ./experiments/sketch_64x64_2classes_20250912_145719/samples/samples_epoch_6100_classes_0-1.png
2025-09-12 15:39:19,392 - INFO - Epoch 6110, Loss: 727.673096
2025-09-12 15:39:21,401 - INFO - Epoch 6120, Loss: 559.841431
2025-09-12 15:39:26,120 - INFO - Samples generated: ./experiments/sketch_64x64_2classes_20250912_145719/samples/samples_epoch_6125_classes_0-1.png
2025-09-12 15:39:27,114 - INFO - Epoch 6130, Loss: 523.922729
2025-09-12 15:39:29,157 - INFO - Epoch 6140, Loss: 714.307983
2025-09-12 15:39:31,184 - INFO - Epoch 6150, Loss: 666.689209
2025-09-12 15:39:34,904 - INFO - Samples generated: ./experiments/sketch_64x64_2classes_20250912_145719/samples/samples_epoch_6150_classes_0-1.png
2025-09-12 15:39:36,889 - INFO - Epoch 6160, Loss: 589.837036
2025-09-12 15:39:38,913 - INFO - Epoch 6170, Loss: 570.646912
2025-09-12 15:39:43,620 - INFO - Samples generated: ./experiments/sketch_64x64_2classes_20250912_145719/samples/samples_epoch_6175_classes_0-1.png
2025-09-12 15:39:44,609 - INFO - Epoch 6180, Loss: 603.103943
2025-09-12 15:39:46,596 - INFO - Epoch 6190, Loss: 608.889038
2025-09-12 15:39:48,627 - INFO - Epoch 6200, Loss: 695.898499
2025-09-12 15:39:52,324 - INFO - Samples generated: ./experiments/sketch_64x64_2classes_20250912_145719/samples/samples_epoch_6200_classes_0-1.png
2025-09-12 15:39:54,427 - INFO - Epoch 6210, Loss: 477.487854
2025-09-12 15:39:56,432 - INFO - Epoch 6220, Loss: 567.444946
2025-09-12 15:40:01,147 - INFO - Samples generated: ./experiments/sketch_64x64_2classes_20250912_145719/samples/samples_epoch_6225_classes_0-1.png
2025-09-12 15:40:02,143 - INFO - Epoch 6230, Loss: 622.126343
2025-09-12 15:40:04,177 - INFO - Epoch 6240, Loss: 537.462585
2025-09-12 15:40:06,222 - INFO - Epoch 6250, Loss: 556.727539
2025-09-12 15:40:09,919 - INFO - Samples generated: ./experiments/sketch_64x64_2classes_20250912_145719/samples/samples_epoch_6250_classes_0-1.png
2025-09-12 15:40:11,985 - INFO - Epoch 6260, Loss: 645.056519
2025-09-12 15:40:14,015 - INFO - Epoch 6270, Loss: 579.728027
2025-09-12 15:40:18,731 - INFO - Samples generated: ./experiments/sketch_64x64_2classes_20250912_145719/samples/samples_epoch_6275_classes_0-1.png
2025-09-12 15:40:19,732 - INFO - Epoch 6280, Loss: 666.096436
2025-09-12 15:40:21,785 - INFO - Epoch 6290, Loss: 717.700439
2025-09-12 15:40:23,814 - INFO - Epoch 6300, Loss: 647.269287
2025-09-12 15:40:27,520 - INFO - Samples generated: ./experiments/sketch_64x64_2classes_20250912_145719/samples/samples_epoch_6300_classes_0-1.png
2025-09-12 15:40:29,520 - INFO - Epoch 6310, Loss: 624.506348
2025-09-12 15:40:31,557 - INFO - Epoch 6320, Loss: 521.174988
2025-09-12 15:40:36,237 - INFO - Samples generated: ./experiments/sketch_64x64_2classes_20250912_145719/samples/samples_epoch_6325_classes_0-1.png
2025-09-12 15:40:37,233 - INFO - Epoch 6330, Loss: 569.183777
2025-09-12 15:40:39,246 - INFO - Epoch 6340, Loss: 743.370544
2025-09-12 15:40:41,274 - INFO - Epoch 6350, Loss: 613.324829
2025-09-12 15:40:44,978 - INFO - Samples generated: ./experiments/sketch_64x64_2classes_20250912_145719/samples/samples_epoch_6350_classes_0-1.png
2025-09-12 15:40:46,968 - INFO - Epoch 6360, Loss: 578.835083
2025-09-12 15:40:49,000 - INFO - Epoch 6370, Loss: 458.616241
2025-09-12 15:40:53,897 - INFO - Samples generated: ./experiments/sketch_64x64_2classes_20250912_145719/samples/samples_epoch_6375_classes_0-1.png
2025-09-12 15:40:54,908 - INFO - Epoch 6380, Loss: 620.247803
2025-09-12 15:40:56,896 - INFO - Epoch 6390, Loss: 672.407349
2025-09-12 15:40:58,895 - INFO - Epoch 6400, Loss: 671.066528
2025-09-12 15:41:02,574 - INFO - Samples generated: ./experiments/sketch_64x64_2classes_20250912_145719/samples/samples_epoch_6400_classes_0-1.png
2025-09-12 15:41:04,541 - INFO - Epoch 6410, Loss: 497.640442
2025-09-12 15:41:06,575 - INFO - Epoch 6420, Loss: 560.531982
2025-09-12 15:41:11,271 - INFO - Samples generated: ./experiments/sketch_64x64_2classes_20250912_145719/samples/samples_epoch_6425_classes_0-1.png
2025-09-12 15:41:12,267 - INFO - Epoch 6430, Loss: 480.979279
2025-09-12 15:41:14,267 - INFO - Epoch 6440, Loss: 632.274963
2025-09-12 15:41:16,295 - INFO - Epoch 6450, Loss: 571.031494
2025-09-12 15:41:20,008 - INFO - Samples generated: ./experiments/sketch_64x64_2classes_20250912_145719/samples/samples_epoch_6450_classes_0-1.png
2025-09-12 15:41:22,016 - INFO - Epoch 6460, Loss: 707.339417
2025-09-12 15:41:24,036 - INFO - Epoch 6470, Loss: 604.196899
2025-09-12 15:41:28,742 - INFO - Samples generated: ./experiments/sketch_64x64_2classes_20250912_145719/samples/samples_epoch_6475_classes_0-1.png
2025-09-12 15:41:29,880 - INFO - Epoch 6480, Loss: 572.192871
2025-09-12 15:41:31,907 - INFO - Epoch 6490, Loss: 568.602417
2025-09-12 15:41:33,926 - INFO - Epoch 6500, Loss: 614.613220
2025-09-12 15:41:37,636 - INFO - Samples generated: ./experiments/sketch_64x64_2classes_20250912_145719/samples/samples_epoch_6500_classes_0-1.png
2025-09-12 15:41:39,642 - INFO - Epoch 6510, Loss: 569.077393
2025-09-12 15:41:41,663 - INFO - Epoch 6520, Loss: 635.770325
2025-09-12 15:41:46,369 - INFO - Samples generated: ./experiments/sketch_64x64_2classes_20250912_145719/samples/samples_epoch_6525_classes_0-1.png
2025-09-12 15:41:47,344 - INFO - Epoch 6530, Loss: 607.894653
2025-09-12 15:41:49,355 - INFO - Epoch 6540, Loss: 598.636841
2025-09-12 15:41:51,352 - INFO - Epoch 6550, Loss: 615.892090
2025-09-12 15:41:55,059 - INFO - Samples generated: ./experiments/sketch_64x64_2classes_20250912_145719/samples/samples_epoch_6550_classes_0-1.png
2025-09-12 15:41:57,175 - INFO - Epoch 6560, Loss: 547.481323
2025-09-12 15:41:59,210 - INFO - Epoch 6570, Loss: 664.023560
2025-09-12 15:42:03,911 - INFO - Samples generated: ./experiments/sketch_64x64_2classes_20250912_145719/samples/samples_epoch_6575_classes_0-1.png
2025-09-12 15:42:04,897 - INFO - Epoch 6580, Loss: 459.053986
2025-09-12 15:42:06,883 - INFO - Epoch 6590, Loss: 545.398193
2025-09-12 15:42:08,916 - INFO - Epoch 6600, Loss: 629.889038
2025-09-12 15:42:12,642 - INFO - Samples generated: ./experiments/sketch_64x64_2classes_20250912_145719/samples/samples_epoch_6600_classes_0-1.png
2025-09-12 15:42:14,660 - INFO - Epoch 6610, Loss: 545.010742
2025-09-12 15:42:16,678 - INFO - Epoch 6620, Loss: 516.934998
2025-09-12 15:42:21,405 - INFO - Samples generated: ./experiments/sketch_64x64_2classes_20250912_145719/samples/samples_epoch_6625_classes_0-1.png
2025-09-12 15:42:22,411 - INFO - Epoch 6630, Loss: 575.200073
2025-09-12 15:42:24,449 - INFO - Epoch 6640, Loss: 650.331055
2025-09-12 15:42:26,472 - INFO - Epoch 6650, Loss: 628.513672
2025-09-12 15:42:30,165 - INFO - Samples generated: ./experiments/sketch_64x64_2classes_20250912_145719/samples/samples_epoch_6650_classes_0-1.png
2025-09-12 15:42:32,175 - INFO - Epoch 6660, Loss: 637.058716
2025-09-12 15:42:34,176 - INFO - Epoch 6670, Loss: 571.657837
2025-09-12 15:42:38,879 - INFO - Samples generated: ./experiments/sketch_64x64_2classes_20250912_145719/samples/samples_epoch_6675_classes_0-1.png
2025-09-12 15:42:39,846 - INFO - Epoch 6680, Loss: 636.253418
2025-09-12 15:42:41,869 - INFO - Epoch 6690, Loss: 601.054810
2025-09-12 15:42:43,904 - INFO - Epoch 6700, Loss: 562.351501
2025-09-12 15:42:47,603 - INFO - Samples generated: ./experiments/sketch_64x64_2classes_20250912_145719/samples/samples_epoch_6700_classes_0-1.png
2025-09-12 15:42:49,695 - INFO - Epoch 6710, Loss: 495.783630
2025-09-12 15:42:51,725 - INFO - Epoch 6720, Loss: 644.933594
2025-09-12 15:42:56,591 - INFO - Samples generated: ./experiments/sketch_64x64_2classes_20250912_145719/samples/samples_epoch_6725_classes_0-1.png
2025-09-12 15:42:57,574 - INFO - Epoch 6730, Loss: 661.000366
2025-09-12 15:42:59,565 - INFO - Epoch 6740, Loss: 541.482666
2025-09-12 15:43:01,579 - INFO - Epoch 6750, Loss: 588.685181
2025-09-12 15:43:05,276 - INFO - Samples generated: ./experiments/sketch_64x64_2classes_20250912_145719/samples/samples_epoch_6750_classes_0-1.png
2025-09-12 15:43:07,277 - INFO - Epoch 6760, Loss: 594.549438
2025-09-12 15:43:09,316 - INFO - Epoch 6770, Loss: 580.824158
2025-09-12 15:43:14,001 - INFO - Samples generated: ./experiments/sketch_64x64_2classes_20250912_145719/samples/samples_epoch_6775_classes_0-1.png
2025-09-12 15:43:14,992 - INFO - Epoch 6780, Loss: 602.063232
2025-09-12 15:43:17,007 - INFO - Epoch 6790, Loss: 582.113647
2025-09-12 15:43:18,995 - INFO - Epoch 6800, Loss: 550.682068
2025-09-12 15:43:22,677 - INFO - Samples generated: ./experiments/sketch_64x64_2classes_20250912_145719/samples/samples_epoch_6800_classes_0-1.png
2025-09-12 15:43:24,693 - INFO - Epoch 6810, Loss: 598.404663
2025-09-12 15:43:26,721 - INFO - Epoch 6820, Loss: 590.364502
2025-09-12 15:43:31,437 - INFO - Samples generated: ./experiments/sketch_64x64_2classes_20250912_145719/samples/samples_epoch_6825_classes_0-1.png
2025-09-12 15:43:32,438 - INFO - Epoch 6830, Loss: 578.448669
2025-09-12 15:43:34,467 - INFO - Epoch 6840, Loss: 664.845886
2025-09-12 15:43:36,493 - INFO - Epoch 6850, Loss: 451.545197
2025-09-12 15:43:40,200 - INFO - Samples generated: ./experiments/sketch_64x64_2classes_20250912_145719/samples/samples_epoch_6850_classes_0-1.png
2025-09-12 15:43:42,172 - INFO - Epoch 6860, Loss: 535.867737
2025-09-12 15:43:44,179 - INFO - Epoch 6870, Loss: 723.206482
2025-09-12 15:43:48,885 - INFO - Samples generated: ./experiments/sketch_64x64_2classes_20250912_145719/samples/samples_epoch_6875_classes_0-1.png
2025-09-12 15:43:49,888 - INFO - Epoch 6880, Loss: 546.934082
2025-09-12 15:43:51,919 - INFO - Epoch 6890, Loss: 656.375488
2025-09-12 15:43:53,962 - INFO - Epoch 6900, Loss: 536.086243
2025-09-12 15:43:57,659 - INFO - Samples generated: ./experiments/sketch_64x64_2classes_20250912_145719/samples/samples_epoch_6900_classes_0-1.png
2025-09-12 15:43:59,739 - INFO - Epoch 6910, Loss: 688.525513
2025-09-12 15:44:01,780 - INFO - Epoch 6920, Loss: 610.538452
2025-09-12 15:44:06,596 - INFO - Samples generated: ./experiments/sketch_64x64_2classes_20250912_145719/samples/samples_epoch_6925_classes_0-1.png
2025-09-12 15:44:07,582 - INFO - Epoch 6930, Loss: 557.977173
2025-09-12 15:44:09,581 - INFO - Epoch 6940, Loss: 510.676056
2025-09-12 15:44:11,592 - INFO - Epoch 6950, Loss: 532.825500
2025-09-12 15:44:15,307 - INFO - Samples generated: ./experiments/sketch_64x64_2classes_20250912_145719/samples/samples_epoch_6950_classes_0-1.png
2025-09-12 15:44:17,320 - INFO - Epoch 6960, Loss: 577.598022
2025-09-12 15:44:19,354 - INFO - Epoch 6970, Loss: 623.429199
2025-09-12 15:44:24,070 - INFO - Samples generated: ./experiments/sketch_64x64_2classes_20250912_145719/samples/samples_epoch_6975_classes_0-1.png
2025-09-12 15:44:25,034 - INFO - Epoch 6980, Loss: 601.653931
2025-09-12 15:44:27,041 - INFO - Epoch 6990, Loss: 556.404175
2025-09-12 15:44:29,038 - INFO - Epoch 7000, Loss: 596.189209
2025-09-12 15:44:32,753 - INFO - Samples generated: ./experiments/sketch_64x64_2classes_20250912_145719/samples/samples_epoch_7000_classes_0-1.png
2025-09-12 15:44:34,754 - INFO - Epoch 7010, Loss: 762.122253
2025-09-12 15:44:36,785 - INFO - Epoch 7020, Loss: 815.965515
2025-09-12 15:44:41,495 - INFO - Samples generated: ./experiments/sketch_64x64_2classes_20250912_145719/samples/samples_epoch_7025_classes_0-1.png
2025-09-12 15:44:42,500 - INFO - Epoch 7030, Loss: 666.355164
2025-09-12 15:44:44,522 - INFO - Epoch 7040, Loss: 635.187561
2025-09-12 15:44:46,562 - INFO - Epoch 7050, Loss: 571.565491
2025-09-12 15:44:50,273 - INFO - Samples generated: ./experiments/sketch_64x64_2classes_20250912_145719/samples/samples_epoch_7050_classes_0-1.png
2025-09-12 15:44:52,244 - INFO - Epoch 7060, Loss: 644.654419
2025-09-12 15:44:54,256 - INFO - Epoch 7070, Loss: 661.943848
2025-09-12 15:44:58,979 - INFO - Samples generated: ./experiments/sketch_64x64_2classes_20250912_145719/samples/samples_epoch_7075_classes_0-1.png
2025-09-12 15:44:59,962 - INFO - Epoch 7080, Loss: 649.670898
2025-09-12 15:45:02,048 - INFO - Epoch 7090, Loss: 628.860107
2025-09-12 15:45:04,066 - INFO - Epoch 7100, Loss: 607.052734
2025-09-12 15:45:07,756 - INFO - Samples generated: ./experiments/sketch_64x64_2classes_20250912_145719/samples/samples_epoch_7100_classes_0-1.png
2025-09-12 15:45:09,758 - INFO - Epoch 7110, Loss: 476.598206
2025-09-12 15:45:11,796 - INFO - Epoch 7120, Loss: 642.089600
2025-09-12 15:45:16,521 - INFO - Samples generated: ./experiments/sketch_64x64_2classes_20250912_145719/samples/samples_epoch_7125_classes_0-1.png
2025-09-12 15:45:17,512 - INFO - Epoch 7130, Loss: 588.195984
2025-09-12 15:45:19,537 - INFO - Epoch 7140, Loss: 746.857788
2025-09-12 15:45:21,656 - INFO - Epoch 7150, Loss: 542.732788
2025-09-12 15:45:25,388 - INFO - Samples generated: ./experiments/sketch_64x64_2classes_20250912_145719/samples/samples_epoch_7150_classes_0-1.png
2025-09-12 15:45:27,384 - INFO - Epoch 7160, Loss: 694.363037
2025-09-12 15:45:29,404 - INFO - Epoch 7170, Loss: 599.028259
2025-09-12 15:45:34,109 - INFO - Samples generated: ./experiments/sketch_64x64_2classes_20250912_145719/samples/samples_epoch_7175_classes_0-1.png
2025-09-12 15:45:35,108 - INFO - Epoch 7180, Loss: 534.666382
2025-09-12 15:45:37,114 - INFO - Epoch 7190, Loss: 548.637817
2025-09-12 15:45:39,132 - INFO - Epoch 7200, Loss: 715.144043
2025-09-12 15:45:42,818 - INFO - Samples generated: ./experiments/sketch_64x64_2classes_20250912_145719/samples/samples_epoch_7200_classes_0-1.png
2025-09-12 15:45:44,831 - INFO - Epoch 7210, Loss: 727.065674
2025-09-12 15:45:46,843 - INFO - Epoch 7220, Loss: 608.114258
2025-09-12 15:45:51,560 - INFO - Samples generated: ./experiments/sketch_64x64_2classes_20250912_145719/samples/samples_epoch_7225_classes_0-1.png
2025-09-12 15:45:52,551 - INFO - Epoch 7230, Loss: 593.049194
2025-09-12 15:45:54,577 - INFO - Epoch 7240, Loss: 543.334900
2025-09-12 15:45:56,605 - INFO - Epoch 7250, Loss: 694.454346
2025-09-12 15:46:00,483 - INFO - Samples generated: ./experiments/sketch_64x64_2classes_20250912_145719/samples/samples_epoch_7250_classes_0-1.png
2025-09-12 15:46:02,486 - INFO - Epoch 7260, Loss: 569.129150
2025-09-12 15:46:04,460 - INFO - Epoch 7270, Loss: 544.698669
2025-09-12 15:46:09,175 - INFO - Samples generated: ./experiments/sketch_64x64_2classes_20250912_145719/samples/samples_epoch_7275_classes_0-1.png
2025-09-12 15:46:10,191 - INFO - Epoch 7280, Loss: 642.745483
2025-09-12 15:46:12,215 - INFO - Epoch 7290, Loss: 511.828094
2025-09-12 15:46:14,236 - INFO - Epoch 7300, Loss: 477.549530
2025-09-12 15:46:17,943 - INFO - Samples generated: ./experiments/sketch_64x64_2classes_20250912_145719/samples/samples_epoch_7300_classes_0-1.png
2025-09-12 15:46:19,944 - INFO - Epoch 7310, Loss: 517.786987
2025-09-12 15:46:21,955 - INFO - Epoch 7320, Loss: 627.200806
2025-09-12 15:46:26,683 - INFO - Samples generated: ./experiments/sketch_64x64_2classes_20250912_145719/samples/samples_epoch_7325_classes_0-1.png
2025-09-12 15:46:27,687 - INFO - Epoch 7330, Loss: 661.696655
2025-09-12 15:46:29,680 - INFO - Epoch 7340, Loss: 606.119385
2025-09-12 15:46:31,681 - INFO - Epoch 7350, Loss: 562.023560
2025-09-12 15:46:35,380 - INFO - Samples generated: ./experiments/sketch_64x64_2classes_20250912_145719/samples/samples_epoch_7350_classes_0-1.png
2025-09-12 15:46:37,385 - INFO - Epoch 7360, Loss: 609.751343
2025-09-12 15:46:39,405 - INFO - Epoch 7370, Loss: 567.542358
2025-09-12 15:46:44,199 - INFO - Samples generated: ./experiments/sketch_64x64_2classes_20250912_145719/samples/samples_epoch_7375_classes_0-1.png
2025-09-12 15:46:45,206 - INFO - Epoch 7380, Loss: 598.867920
2025-09-12 15:46:47,235 - INFO - Epoch 7390, Loss: 710.599182
2025-09-12 15:46:49,275 - INFO - Epoch 7400, Loss: 595.458252
2025-09-12 15:46:52,989 - INFO - Samples generated: ./experiments/sketch_64x64_2classes_20250912_145719/samples/samples_epoch_7400_classes_0-1.png
2025-09-12 15:46:55,004 - INFO - Epoch 7410, Loss: 624.749268
2025-09-12 15:46:57,027 - INFO - Epoch 7420, Loss: 566.457275
2025-09-12 15:47:01,739 - INFO - Samples generated: ./experiments/sketch_64x64_2classes_20250912_145719/samples/samples_epoch_7425_classes_0-1.png
2025-09-12 15:47:02,839 - INFO - Epoch 7430, Loss: 589.425049
2025-09-12 15:47:04,862 - INFO - Epoch 7440, Loss: 710.332397
2025-09-12 15:47:06,888 - INFO - Epoch 7450, Loss: 653.486633
2025-09-12 15:47:10,592 - INFO - Samples generated: ./experiments/sketch_64x64_2classes_20250912_145719/samples/samples_epoch_7450_classes_0-1.png
2025-09-12 15:47:12,604 - INFO - Epoch 7460, Loss: 626.845459
2025-09-12 15:47:14,634 - INFO - Epoch 7470, Loss: 505.157257
2025-09-12 15:47:19,345 - INFO - Samples generated: ./experiments/sketch_64x64_2classes_20250912_145719/samples/samples_epoch_7475_classes_0-1.png
2025-09-12 15:47:20,329 - INFO - Epoch 7480, Loss: 630.245850
2025-09-12 15:47:22,326 - INFO - Epoch 7490, Loss: 564.351013
2025-09-12 15:47:24,337 - INFO - Epoch 7500, Loss: 594.231812
2025-09-12 15:47:28,038 - INFO - Samples generated: ./experiments/sketch_64x64_2classes_20250912_145719/samples/samples_epoch_7500_classes_0-1.png
2025-09-12 15:47:30,065 - INFO - Epoch 7510, Loss: 504.999268
2025-09-12 15:47:32,099 - INFO - Epoch 7520, Loss: 540.944946
2025-09-12 15:47:36,832 - INFO - Samples generated: ./experiments/sketch_64x64_2classes_20250912_145719/samples/samples_epoch_7525_classes_0-1.png
2025-09-12 15:47:37,827 - INFO - Epoch 7530, Loss: 625.085876
2025-09-12 15:47:39,855 - INFO - Epoch 7540, Loss: 537.329041
2025-09-12 15:47:41,875 - INFO - Epoch 7550, Loss: 642.007812
2025-09-12 15:47:45,555 - INFO - Samples generated: ./experiments/sketch_64x64_2classes_20250912_145719/samples/samples_epoch_7550_classes_0-1.png
2025-09-12 15:47:47,544 - INFO - Epoch 7560, Loss: 672.368896
2025-09-12 15:47:49,534 - INFO - Epoch 7570, Loss: 662.686157
2025-09-12 15:47:54,231 - INFO - Samples generated: ./experiments/sketch_64x64_2classes_20250912_145719/samples/samples_epoch_7575_classes_0-1.png
2025-09-12 15:47:55,225 - INFO - Epoch 7580, Loss: 735.038452
2025-09-12 15:47:57,260 - INFO - Epoch 7590, Loss: 535.606689
2025-09-12 15:47:59,360 - INFO - Epoch 7600, Loss: 568.492371
2025-09-12 15:48:03,250 - INFO - Samples generated: ./experiments/sketch_64x64_2classes_20250912_145719/samples/samples_epoch_7600_classes_0-1.png
2025-09-12 15:48:05,270 - INFO - Epoch 7610, Loss: 622.991882
2025-09-12 15:48:07,294 - INFO - Epoch 7620, Loss: 541.984131
2025-09-12 15:48:11,999 - INFO - Samples generated: ./experiments/sketch_64x64_2classes_20250912_145719/samples/samples_epoch_7625_classes_0-1.png
2025-09-12 15:48:12,973 - INFO - Epoch 7630, Loss: 575.710327
2025-09-12 15:48:15,003 - INFO - Epoch 7640, Loss: 519.991455
2025-09-12 15:48:17,003 - INFO - Epoch 7650, Loss: 555.182007
2025-09-12 15:48:20,694 - INFO - Samples generated: ./experiments/sketch_64x64_2classes_20250912_145719/samples/samples_epoch_7650_classes_0-1.png
2025-09-12 15:48:22,700 - INFO - Epoch 7660, Loss: 503.969971
2025-09-12 15:48:24,723 - INFO - Epoch 7670, Loss: 535.695068
2025-09-12 15:48:29,448 - INFO - Samples generated: ./experiments/sketch_64x64_2classes_20250912_145719/samples/samples_epoch_7675_classes_0-1.png
2025-09-12 15:48:30,453 - INFO - Epoch 7680, Loss: 624.783203
2025-09-12 15:48:32,487 - INFO - Epoch 7690, Loss: 575.649231
2025-09-12 15:48:34,535 - INFO - Epoch 7700, Loss: 517.822876
2025-09-12 15:48:38,233 - INFO - Samples generated: ./experiments/sketch_64x64_2classes_20250912_145719/samples/samples_epoch_7700_classes_0-1.png
2025-09-12 15:48:40,217 - INFO - Epoch 7710, Loss: 596.295654
2025-09-12 15:48:42,254 - INFO - Epoch 7720, Loss: 557.490417
2025-09-12 15:48:46,963 - INFO - Samples generated: ./experiments/sketch_64x64_2classes_20250912_145719/samples/samples_epoch_7725_classes_0-1.png
2025-09-12 15:48:47,970 - INFO - Epoch 7730, Loss: 689.834839
2025-09-12 15:48:49,972 - INFO - Epoch 7740, Loss: 565.973267
2025-09-12 15:48:51,981 - INFO - Epoch 7750, Loss: 571.009827
2025-09-12 15:48:55,683 - INFO - Samples generated: ./experiments/sketch_64x64_2classes_20250912_145719/samples/samples_epoch_7750_classes_0-1.png
2025-09-12 15:48:57,697 - INFO - Epoch 7760, Loss: 641.959595
2025-09-12 15:48:59,721 - INFO - Epoch 7770, Loss: 603.396362
2025-09-12 15:49:04,451 - INFO - Samples generated: ./experiments/sketch_64x64_2classes_20250912_145719/samples/samples_epoch_7775_classes_0-1.png
2025-09-12 15:49:05,505 - INFO - Epoch 7780, Loss: 490.919250
2025-09-12 15:49:07,522 - INFO - Epoch 7790, Loss: 649.996094
2025-09-12 15:49:09,544 - INFO - Epoch 7800, Loss: 606.559570
2025-09-12 15:49:13,221 - INFO - Samples generated: ./experiments/sketch_64x64_2classes_20250912_145719/samples/samples_epoch_7800_classes_0-1.png
2025-09-12 15:49:15,207 - INFO - Epoch 7810, Loss: 630.335266
2025-09-12 15:49:17,295 - INFO - Epoch 7820, Loss: 578.877319
2025-09-12 15:49:22,035 - INFO - Samples generated: ./experiments/sketch_64x64_2classes_20250912_145719/samples/samples_epoch_7825_classes_0-1.png
2025-09-12 15:49:23,013 - INFO - Epoch 7830, Loss: 674.948242
2025-09-12 15:49:25,026 - INFO - Epoch 7840, Loss: 612.921692
2025-09-12 15:49:27,041 - INFO - Epoch 7850, Loss: 543.761536
2025-09-12 15:49:30,740 - INFO - Samples generated: ./experiments/sketch_64x64_2classes_20250912_145719/samples/samples_epoch_7850_classes_0-1.png
2025-09-12 15:49:32,731 - INFO - Epoch 7860, Loss: 733.924438
2025-09-12 15:49:34,763 - INFO - Epoch 7870, Loss: 625.468994
2025-09-12 15:49:39,479 - INFO - Samples generated: ./experiments/sketch_64x64_2classes_20250912_145719/samples/samples_epoch_7875_classes_0-1.png
2025-09-12 15:49:40,482 - INFO - Epoch 7880, Loss: 689.569946
2025-09-12 15:49:42,519 - INFO - Epoch 7890, Loss: 565.445679
2025-09-12 15:49:44,550 - INFO - Epoch 7900, Loss: 640.229126
2025-09-12 15:49:48,226 - INFO - Samples generated: ./experiments/sketch_64x64_2classes_20250912_145719/samples/samples_epoch_7900_classes_0-1.png
2025-09-12 15:49:50,213 - INFO - Epoch 7910, Loss: 603.004639
2025-09-12 15:49:52,204 - INFO - Epoch 7920, Loss: 588.936768
2025-09-12 15:49:56,914 - INFO - Samples generated: ./experiments/sketch_64x64_2classes_20250912_145719/samples/samples_epoch_7925_classes_0-1.png
2025-09-12 15:49:57,930 - INFO - Epoch 7930, Loss: 590.483337
2025-09-12 15:49:59,948 - INFO - Epoch 7940, Loss: 511.456879
2025-09-12 15:50:01,971 - INFO - Epoch 7950, Loss: 679.262817
2025-09-12 15:50:05,844 - INFO - Samples generated: ./experiments/sketch_64x64_2classes_20250912_145719/samples/samples_epoch_7950_classes_0-1.png
2025-09-12 15:50:07,834 - INFO - Epoch 7960, Loss: 558.600952
2025-09-12 15:50:09,844 - INFO - Epoch 7970, Loss: 555.463501
2025-09-12 15:50:14,513 - INFO - Samples generated: ./experiments/sketch_64x64_2classes_20250912_145719/samples/samples_epoch_7975_classes_0-1.png
2025-09-12 15:50:15,513 - INFO - Epoch 7980, Loss: 562.292114
2025-09-12 15:50:17,550 - INFO - Epoch 7990, Loss: 625.474854
2025-09-12 15:50:19,582 - INFO - Epoch 8000, Loss: 553.913208
2025-09-12 15:50:23,289 - INFO - Samples generated: ./experiments/sketch_64x64_2classes_20250912_145719/samples/samples_epoch_8000_classes_0-1.png
2025-09-12 15:50:24,494 - INFO - Early stopping triggered! No improvement for 2500 epochs.
2025-09-12 15:50:24,494 - INFO - Best loss achieved: 431.906006 at epoch 5506
2025-09-12 15:50:25,034 - INFO - Training completed!
2025-09-12 15:50:25,035 - INFO - Final loss: 587.531616
2025-09-12 15:50:25,035 - INFO - Best loss: 431.906006
2025-09-12 15:50:25,035 - INFO - Final model saved: ./experiments/sketch_64x64_2classes_20250912_145719/ckps/final_model.pth
2025-09-12 15:50:25,035 - INFO - Best model saved: ./experiments/sketch_64x64_2classes_20250912_145719/ckps/best_model.pth
